contrast_id,metric,window,n_pairs,mean_difference,median_difference,sd_difference,ci95_low,ci95_high,positive_count,negative_count,interval
strength_k2,meanGO,main,20,0.232558917726218,0.21740446815557823,0.2147734021389486,0.14598752940621026,0.3286522264165947,18,2,pointwise paired percentile bootstrap; unadjusted; exploratory
strength_k2,meanGO,early,20,0.229138998870753,0.1794931488011185,0.22893314552536154,0.13627354687906879,0.330714610992615,16,4,pointwise paired percentile bootstrap; unadjusted; exploratory
strength_k2,meanGO,late,20,0.2359788365816832,0.27613704337606315,0.2293873895182813,0.1422254523048452,0.33647807881770236,17,3,pointwise paired percentile bootstrap; unadjusted; exploratory
strength_k2,meanGO,late_minus_early,20,0.006839837710930186,-0.018282441441118,0.15983573478712987,-0.05608716798353974,0.07871573764236742,7,13,pointwise paired percentile bootstrap; unadjusted; exploratory
strength_k2,meanLO,main,20,0.25735511188614574,0.2238425279484255,0.17137651586117286,0.1868527762944964,0.33300824751093144,20,0,pointwise paired percentile bootstrap; unadjusted; exploratory
strength_k2,meanLO,early,20,0.2611342871422851,0.2707381122009835,0.17545797389251463,0.1881690512536213,0.3387468168343396,20,0,pointwise paired percentile bootstrap; unadjusted; exploratory
strength_k2,meanLO,late,20,0.25357593663000616,0.29163027380641404,0.2048073596407995,0.16805554458497024,0.3416317707370427,17,3,pointwise paired percentile bootstrap; unadjusted; exploratory
strength_k2,meanLO,late_minus_early,20,-0.0075583505122789555,-0.01492984045003401,0.16728260392564748,-0.07693986222408469,0.0641585562540121,8,12,pointwise paired percentile bootstrap; unadjusted; exploratory
strength_k2,meanPairDistanceNorm,main,20,-0.21921057778992403,-0.223401973668532,0.0512836761925206,-0.24185171218181942,-0.19787750433751583,0,20,pointwise paired percentile bootstrap; unadjusted; exploratory
strength_k2,meanPairDistanceNorm,early,20,-0.24124191831909303,-0.24435781178607,0.0531271987106453,-0.263938775685377,-0.21821252802559124,0,20,pointwise paired percentile bootstrap; unadjusted; exploratory
strength_k2,meanPairDistanceNorm,late,20,-0.19717923726075492,-0.1975956763062845,0.06310323584980353,-0.22510061164833053,-0.17094059977838372,0,20,pointwise paired percentile bootstrap; unadjusted; exploratory
strength_k2,meanPairDistanceNorm,late_minus_early,20,0.044062681058338084,0.02568283915844098,0.055578534164147875,0.02139648696509592,0.06826870241544189,15,5,pointwise paired percentile bootstrap; unadjusted; exploratory
strength_k4,meanGO,main,20,0.3654004430639396,0.33972544874171995,0.2540593240096805,0.25491291963491197,0.47224636822286653,18,2,pointwise paired percentile bootstrap; unadjusted; exploratory
strength_k4,meanGO,early,20,0.3823891439572956,0.4334740872811975,0.23657320382790803,0.2797671427805153,0.4812635198976502,18,2,pointwise paired percentile bootstrap; unadjusted; exploratory
strength_k4,meanGO,late,20,0.34841174217058346,0.423646390936408,0.30108999420728944,0.21570214917888103,0.47520279729549336,17,3,pointwise paired percentile bootstrap; unadjusted; exploratory
strength_k4,meanGO,late_minus_early,20,-0.03397740178671218,-0.010947048171856433,0.18724200996910284,-0.11434355348797322,0.04281170066799686,10,10,pointwise paired percentile bootstrap; unadjusted; exploratory
strength_k4,meanLO,main,20,0.3445705431480256,0.360988970491413,0.16166037628729094,0.27221529469458217,0.41123017311514654,19,1,pointwise paired percentile bootstrap; unadjusted; exploratory
strength_k4,meanLO,early,20,0.33545646324976597,0.3582017386684845,0.1511418604583881,0.26770730769709106,0.39741568003329164,19,1,pointwise paired percentile bootstrap; unadjusted; exploratory
strength_k4,meanLO,late,20,0.3536846230462853,0.36446318134381,0.18093914320044796,0.274169134050846,0.42885657109694675,18,2,pointwise paired percentile bootstrap; unadjusted; exploratory
strength_k4,meanLO,late_minus_early,20,0.018228159796519313,0.011259335173449542,0.08142089415178545,-0.015161705221462301,0.053248140465646104,10,10,pointwise paired percentile bootstrap; unadjusted; exploratory
strength_k4,meanPairDistanceNorm,main,20,-0.2480227644232856,-0.2403399165086205,0.05796040963114226,-0.27231975351425486,-0.22283650365901098,0,20,pointwise paired percentile bootstrap; unadjusted; exploratory
strength_k4,meanPairDistanceNorm,early,20,-0.24675449784834258,-0.26256519032836556,0.07111334517187973,-0.27647066821123,-0.21557239926497238,0,20,pointwise paired percentile bootstrap; unadjusted; exploratory
strength_k4,meanPairDistanceNorm,late,20,-0.2492910309982284,-0.25416005324249047,0.06267285411589066,-0.27485323903696585,-0.2215197411203458,0,20,pointwise paired percentile bootstrap; unadjusted; exploratory
strength_k4,meanPairDistanceNorm,late_minus_early,20,-0.002536533149885829,-0.004916210208976257,0.06732275002325724,-0.03093871988570639,0.02604957184923939,9,11,pointwise paired percentile bootstrap; unadjusted; exploratory
strength_k8,meanGO,main,20,0.3841428265913767,0.4052647981103905,0.2316630107515627,0.281539580948425,0.4803309003400987,19,1,pointwise paired percentile bootstrap; unadjusted; exploratory
strength_k8,meanGO,early,20,0.3781707018902911,0.4008045355331875,0.2319030111360797,0.27634961217655535,0.4745102869338166,18,2,pointwise paired percentile bootstrap; unadjusted; exploratory
strength_k8,meanGO,late,20,0.3901149512924624,0.39510654441426146,0.25198558380629266,0.27658898530484843,0.4918589854924824,19,1,pointwise paired percentile bootstrap; unadjusted; exploratory
strength_k8,meanGO,late_minus_early,20,0.011944249402171266,0.015227257518580783,0.14099815544340646,-0.04499010814421719,0.07520730397684162,11,9,pointwise paired percentile bootstrap; unadjusted; exploratory
strength_k8,meanLO,main,20,0.3579639729332697,0.349644162308605,0.15263940733814638,0.28979623511225344,0.4217892216666187,19,1,pointwise paired percentile bootstrap; unadjusted; exploratory
strength_k8,meanLO,early,20,0.3651201505405272,0.36931969090624195,0.14877283355014434,0.29834353907610994,0.42725727304378336,19,1,pointwise paired percentile bootstrap; unadjusted; exploratory
strength_k8,meanLO,late,20,0.3508077953260125,0.33280688050705753,0.16636826566713164,0.27792893113345646,0.42120207447992947,19,1,pointwise paired percentile bootstrap; unadjusted; exploratory
strength_k8,meanLO,late_minus_early,20,-0.014312355214514776,-0.005705548315782516,0.08017703509792766,-0.04926141121254554,0.01870640069128973,9,11,pointwise paired percentile bootstrap; unadjusted; exploratory
strength_k8,meanPairDistanceNorm,main,20,-0.21904416709352545,-0.204825143729356,0.06441092228598443,-0.2479467536742138,-0.19254121920187103,0,20,pointwise paired percentile bootstrap; unadjusted; exploratory
strength_k8,meanPairDistanceNorm,early,20,-0.2328824623653261,-0.23742735720000996,0.06846600418425001,-0.26305848118504715,-0.20360759627275926,0,20,pointwise paired percentile bootstrap; unadjusted; exploratory
strength_k8,meanPairDistanceNorm,late,20,-0.20520587182172467,-0.179755884194014,0.07534383302010714,-0.23860686752920485,-0.17393669688691532,0,20,pointwise paired percentile bootstrap; unadjusted; exploratory
strength_k8,meanPairDistanceNorm,late_minus_early,20,0.02767659054360141,0.021339885040792886,0.06429234921290843,0.00018475016826705618,0.05515258789369556,13,7,pointwise paired percentile bootstrap; unadjusted; exploratory
strength_k12,meanGO,main,20,0.10406507266702845,0.13242724527807548,0.29972108242319573,-0.023979223067382312,0.23069369469873854,11,9,pointwise paired percentile bootstrap; unadjusted; exploratory
strength_k12,meanGO,early,20,0.10325541174487385,0.1283101092595205,0.29865119871234924,-0.026477148538079733,0.2288638002987111,12,8,pointwise paired percentile bootstrap; unadjusted; exploratory
strength_k12,meanGO,late,20,0.10487473358918316,0.157122571374849,0.3335510157602942,-0.03831458910832632,0.24433108352028307,11,9,pointwise paired percentile bootstrap; unadjusted; exploratory
strength_k12,meanGO,late_minus_early,20,0.0016193218443093182,0.014429639190086552,0.2038792000630916,-0.08543472732785548,0.0868492965651944,10,10,pointwise paired percentile bootstrap; unadjusted; exploratory
strength_k12,meanLO,main,20,0.1282147571883412,0.13614238683887048,0.1998877374292855,0.04105791869723999,0.21232308187290197,14,6,pointwise paired percentile bootstrap; unadjusted; exploratory
strength_k12,meanLO,early,20,0.11566862433338575,0.131918974631493,0.1948117970394271,0.02994375066369281,0.1971079453400389,15,5,pointwise paired percentile bootstrap; unadjusted; exploratory
strength_k12,meanLO,late,20,0.14076089004329653,0.13402567090003392,0.22506764678605348,0.04234893719758321,0.23506707884189385,13,7,pointwise paired percentile bootstrap; unadjusted; exploratory
strength_k12,meanLO,late_minus_early,20,0.025092265709910792,0.02115272112381647,0.13188530430904435,-0.030822618203442766,0.08006206258152769,12,8,pointwise paired percentile bootstrap; unadjusted; exploratory
strength_k12,meanPairDistanceNorm,main,20,-0.08747795368980048,-0.09874313433203599,0.08819834941823695,-0.12456749963546408,-0.04886887842622314,3,17,pointwise paired percentile bootstrap; unadjusted; exploratory
strength_k12,meanPairDistanceNorm,early,20,-0.08747798168514095,-0.08899694169986581,0.09650419339315536,-0.12798969292904536,-0.04535956817735046,4,16,pointwise paired percentile bootstrap; unadjusted; exploratory
strength_k12,meanPairDistanceNorm,late,20,-0.0874779256944602,-0.09973731177811365,0.09418546228633584,-0.12679121694643794,-0.045688642101483545,3,17,pointwise paired percentile bootstrap; unadjusted; exploratory
strength_k12,meanPairDistanceNorm,late_minus_early,20,5.599068076539426e-08,-0.0026093438791160023,0.0724715526030942,-0.030378906379060742,0.030824290203544717,9,11,pointwise paired percentile bootstrap; unadjusted; exploratory
count_4_2,meanGO,main,20,0.1542700217278955,0.07453967984221949,0.24658874545254086,0.052513332268314214,0.2608951040313153,12,8,pointwise paired percentile bootstrap; unadjusted; exploratory
count_4_2,meanGO,early,20,0.1720156837812912,0.23773425122078495,0.24612328950500076,0.06653622280642536,0.2730790632117093,14,6,pointwise paired percentile bootstrap; unadjusted; exploratory
count_4_2,meanGO,late,20,0.13652435967449972,0.10395082509443052,0.3148279925889276,0.004488165282245281,0.2714127107016545,12,8,pointwise paired percentile bootstrap; unadjusted; exploratory
count_4_2,meanGO,late_minus_early,20,-0.035491324106791476,0.033301065696338006,0.2759757952669778,-0.1540252385030026,0.07950420286849018,12,8,pointwise paired percentile bootstrap; unadjusted; exploratory
count_4_2,meanLO,main,20,0.13616166955872208,0.09605714334576948,0.16021673637796366,0.06986329602046222,0.20466360137843342,14,6,pointwise paired percentile bootstrap; unadjusted; exploratory
count_4_2,meanLO,early,20,0.1209350129173217,0.17201029379197702,0.15214611966250807,0.05586990822915829,0.1843905191763111,15,5,pointwise paired percentile bootstrap; unadjusted; exploratory
count_4_2,meanLO,late,20,0.1513883262001226,0.0806386862469195,0.19509093860955432,0.07127549489048852,0.23697060870685782,15,5,pointwise paired percentile bootstrap; unadjusted; exploratory
count_4_2,meanLO,late_minus_early,20,0.03045331328280091,0.02197488857158697,0.14049989910817257,-0.029516332975891207,0.0901493805863535,12,8,pointwise paired percentile bootstrap; unadjusted; exploratory
count_4_2,meanPairDistanceNorm,main,20,-0.03538456824580924,-0.023982385487955657,0.07612691949665189,-0.06793165878678949,-0.0031288583378424398,7,13,pointwise paired percentile bootstrap; unadjusted; exploratory
count_4_2,meanPairDistanceNorm,early,20,-0.01179365723227502,0.006597210308555,0.08736373466697767,-0.04934067479010248,0.02448041332503702,11,9,pointwise paired percentile bootstrap; unadjusted; exploratory
count_4_2,meanPairDistanceNorm,late,20,-0.05897547925934346,-0.08429735032267065,0.08529291042787532,-0.09392187539558175,-0.02167443147261306,4,16,pointwise paired percentile bootstrap; unadjusted; exploratory
count_4_2,meanPairDistanceNorm,late_minus_early,20,-0.04718182202706844,-0.04699845815639568,0.08144552731881875,-0.0824025535576051,-0.012942432631826824,6,14,pointwise paired percentile bootstrap; unadjusted; exploratory
count_8_4,meanGO,main,20,0.03464461943816005,0.0029854428895935148,0.32857902485115964,-0.10375033473472814,0.1771497582114967,10,10,pointwise paired percentile bootstrap; unadjusted; exploratory
count_8_4,meanGO,early,20,0.00842336047695002,-0.0034726481857285108,0.3208195760002721,-0.1265930185529531,0.14853093617526028,10,10,pointwise paired percentile bootstrap; unadjusted; exploratory
count_8_4,meanGO,late,20,0.06086587839937023,0.13257694862098746,0.3835427220703978,-0.10265692250686853,0.22541272249138372,11,9,pointwise paired percentile bootstrap; unadjusted; exploratory
count_8_4,meanGO,late_minus_early,20,0.05244251792242021,0.009116489808851935,0.2611584532573544,-0.04870414313947096,0.1724768159044297,11,9,pointwise paired percentile bootstrap; unadjusted; exploratory
count_8_4,meanLO,main,20,0.018184086364332004,0.035138281495856516,0.19624173839214254,-0.06413494164436352,0.10433117034355124,11,9,pointwise paired percentile bootstrap; unadjusted; exploratory
count_8_4,meanLO,early,20,0.02725361985394239,0.02759034275866451,0.2018363491095584,-0.057667323609825114,0.11499134366670062,11,9,pointwise paired percentile bootstrap; unadjusted; exploratory
count_8_4,meanLO,late,20,0.009114552874721496,0.0007753306949729866,0.21333374314641212,-0.08037746801843175,0.10248438356902731,10,10,pointwise paired percentile bootstrap; unadjusted; exploratory
count_8_4,meanLO,late_minus_early,20,-0.018139066979220894,9.118256842854944e-05,0.13584960811422814,-0.0765426849694812,0.03893938367241826,10,10,pointwise paired percentile bootstrap; unadjusted; exploratory
count_8_4,meanPairDistanceNorm,main,20,0.027400367953864222,0.034999938180082,0.08597783442066537,-0.010336662582231485,0.06321197532083069,12,8,pointwise paired percentile bootstrap; unadjusted; exploratory
count_8_4,meanPairDistanceNorm,early,20,0.009329163643501545,0.0354543860692025,0.09549536030579521,-0.03319797259883188,0.04911951518258613,12,8,pointwise paired percentile bootstrap; unadjusted; exploratory
count_8_4,meanPairDistanceNorm,late,20,0.045471572264226934,0.050919516240419446,0.09994129515565879,0.002091476203900791,0.08751136951854707,14,6,pointwise paired percentile bootstrap; unadjusted; exploratory
count_8_4,meanPairDistanceNorm,late_minus_early,20,0.03614240862072539,0.03207530818570035,0.09298656133000512,-0.0030404177676582904,0.07589115469897696,14,6,pointwise paired percentile bootstrap; unadjusted; exploratory
count_12_8,meanGO,main,20,-0.023539795924272088,0.042187141975782494,0.27350683517971475,-0.14361779539828365,0.08936393451470392,11,9,pointwise paired percentile bootstrap; unadjusted; exploratory
count_12_8,meanGO,early,20,-0.010838636036339663,0.08627672030705297,0.24220754221730245,-0.12018511605421056,0.08687450924661082,11,9,pointwise paired percentile bootstrap; unadjusted; exploratory
count_12_8,meanGO,late,20,-0.03624095581220462,0.03331182965435203,0.33427836884109263,-0.17931465963207152,0.1046161207878074,10,10,pointwise paired percentile bootstrap; unadjusted; exploratory
count_12_8,meanGO,late_minus_early,20,-0.02540231977586496,-0.00893894683206592,0.20393402659664392,-0.11550280871830898,0.05827880437027569,8,12,pointwise paired percentile bootstrap; unadjusted; exploratory
count_12_8,meanLO,main,20,-0.007123432349008812,0.03280809131263546,0.16006872818231624,-0.07845658661853039,0.05826629848869356,12,8,pointwise paired percentile bootstrap; unadjusted; exploratory
count_12_8,meanLO,early,20,-0.00940139723308594,0.05055904431162256,0.14297335759482643,-0.07423799150227993,0.04795736333470558,12,8,pointwise paired percentile bootstrap; unadjusted; exploratory
count_12_8,meanLO,late,20,-0.004845467464931611,0.03127799184459845,0.19415763577812467,-0.09089705069018125,0.07527590816714111,11,9,pointwise paired percentile bootstrap; unadjusted; exploratory
count_12_8,meanLO,late_minus_early,20,0.0045559297681543294,0.017102589118898892,0.11742719471298471,-0.04794841100894174,0.052156641735438575,14,6,pointwise paired percentile bootstrap; unadjusted; exploratory
count_12_8,meanPairDistanceNorm,main,20,-0.009177161277571382,-0.019833336976363462,0.08762061355540304,-0.046715489533451504,0.028271158297948528,9,11,pointwise paired percentile bootstrap; unadjusted; exploratory
count_12_8,meanPairDistanceNorm,early,20,0.01215966982276893,0.009658632794719846,0.10068493089529068,-0.030718100269917427,0.05468891538931569,12,8,pointwise paired percentile bootstrap; unadjusted; exploratory
count_12_8,meanPairDistanceNorm,late,20,-0.030513992377911976,-0.03004172245615575,0.09466167111420262,-0.07081960131219427,0.010754883891607125,7,13,pointwise paired percentile bootstrap; unadjusted; exploratory
count_12_8,meanPairDistanceNorm,late_minus_early,20,-0.042673662200680904,-0.03948304261773171,0.08652795441789206,-0.07991878829803574,-0.005743101720199102,6,14,pointwise paired percentile bootstrap; unadjusted; exploratory
count_19_12,meanGO,main,20,0.1187644026565278,0.17509323017372047,0.31092709265989127,-0.016151614605006002,0.24976817991323091,14,6,pointwise paired percentile bootstrap; unadjusted; exploratory
count_19_12,meanGO,early,20,0.0941177403168011,0.1366564069247055,0.306900091725787,-0.03892487543628417,0.22546952797250472,12,8,pointwise paired percentile bootstrap; unadjusted; exploratory
count_19_12,meanGO,late,20,0.14341106499625428,0.21353005342273446,0.35019563136249066,-0.00801520387795382,0.2906754972520307,14,6,pointwise paired percentile bootstrap; unadjusted; exploratory
count_19_12,meanGO,late_minus_early,20,0.049293324679453174,0.06246754408005245,0.2166717915502833,-0.03970038207384208,0.14610814389572824,12,8,pointwise paired percentile bootstrap; unadjusted; exploratory
count_19_12,meanLO,main,20,0.06443330015882157,0.09970144487791655,0.19843281051721354,-0.020760662967103053,0.14808191265284654,13,7,pointwise paired percentile bootstrap; unadjusted; exploratory
count_19_12,meanLO,early,20,0.055919548978078173,0.08826459211898058,0.2023398465014462,-0.031354517422052613,0.14070572220382305,12,8,pointwise paired percentile bootstrap; unadjusted; exploratory
count_19_12,meanLO,late,20,0.07294705133956485,0.11066659762536396,0.2196911866879412,-0.020835744257178476,0.16618596273588293,14,6,pointwise paired percentile bootstrap; unadjusted; exploratory
count_19_12,meanLO,late_minus_early,20,0.01702750236148668,-0.012738458749225523,0.14459924212155292,-0.043545696786563906,0.07965457201461497,9,11,pointwise paired percentile bootstrap; unadjusted; exploratory
count_19_12,meanPairDistanceNorm,main,20,-0.006483299576817892,-0.015058913649413502,0.10594409239388873,-0.05049679429164446,0.039139339585700254,8,12,pointwise paired percentile bootstrap; unadjusted; exploratory
count_19_12,meanPairDistanceNorm,early,20,-0.0030998926974743287,-0.00353652073503799,0.11220663533821333,-0.05020415479796766,0.044474670769021965,9,11,pointwise paired percentile bootstrap; unadjusted; exploratory
count_19_12,meanPairDistanceNorm,late,20,-0.009866706456161533,-0.036178317557722994,0.11075787661822609,-0.05576079327189226,0.039231606266434654,7,13,pointwise paired percentile bootstrap; unadjusted; exploratory
count_19_12,meanPairDistanceNorm,late_minus_early,20,-0.006766813758687206,-0.01688431118936165,0.06941663807144985,-0.03644567431513122,0.022656980022102435,9,11,pointwise paired percentile bootstrap; unadjusted; exploratory
policy_concentrated,meanGO,main,20,-0.08310574952313575,-0.135817301372392,0.3140131172991995,-0.21340893162850055,0.05429559724894084,8,12,pointwise paired percentile bootstrap; unadjusted; exploratory
policy_concentrated,meanGO,early,20,-0.10078723833952975,-0.07977801211516597,0.3122836689392956,-0.2308861934385385,0.03668345861202994,6,14,pointwise paired percentile bootstrap; unadjusted; exploratory
policy_concentrated,meanGO,late,20,-0.0654242607067421,-0.1344128896932965,0.358377393545901,-0.21389701850538417,0.08976380550821333,8,12,pointwise paired percentile bootstrap; unadjusted; exploratory
policy_concentrated,meanGO,late_minus_early,20,0.035362977632787666,0.08141948206587551,0.23977894160672014,-0.07064332982236063,0.13451232223284212,14,6,pointwise paired percentile bootstrap; unadjusted; exploratory
policy_concentrated,meanLO,main,20,-0.06259083687524901,-0.13983713014910854,0.19645043218627167,-0.1418055295020222,0.02483001252434453,6,14,pointwise paired percentile bootstrap; unadjusted; exploratory
policy_concentrated,meanLO,early,20,-0.06998151857773649,-0.14604004225949996,0.19707434532172904,-0.1476949227510562,0.02047266957071378,5,15,pointwise paired percentile bootstrap; unadjusted; exploratory
policy_concentrated,meanLO,late,20,-0.05520015517276174,-0.12939587658336998,0.22181101564721592,-0.14696571480231935,0.04062882329614409,6,14,pointwise paired percentile bootstrap; unadjusted; exploratory
policy_concentrated,meanLO,late_minus_early,20,0.014781363404974749,0.02396893699021252,0.14732874555966124,-0.04678225856905804,0.07869635692486947,12,8,pointwise paired percentile bootstrap; unadjusted; exploratory
policy_concentrated,meanPairDistanceNorm,main,20,0.07547555843540507,0.09174956660203334,0.08967764692294902,0.03666153362517532,0.11325842357205945,16,4,pointwise paired percentile bootstrap; unadjusted; exploratory
policy_concentrated,meanPairDistanceNorm,early,20,0.09127324140227083,0.10287655445230949,0.09118027821758676,0.0522839282147688,0.12993039716857305,16,4,pointwise paired percentile bootstrap; unadjusted; exploratory
policy_concentrated,meanPairDistanceNorm,late,20,0.05967787546853917,0.0769920713086446,0.10538090591185478,0.013759497666336726,0.10360668968732413,16,4,pointwise paired percentile bootstrap; unadjusted; exploratory
policy_concentrated,meanPairDistanceNorm,late_minus_early,20,-0.03159536593373166,-0.022253975700552396,0.08166783640290148,-0.06659152125346149,0.0025755553776377255,6,14,pointwise paired percentile bootstrap; unadjusted; exploratory
policy_balanced,meanGO,main,20,-0.14996366817064405,-0.1488229927791765,0.25385524977899177,-0.2531130307624292,-0.03690085557996359,3,17,pointwise paired percentile bootstrap; unadjusted; exploratory
policy_balanced,meanGO,early,20,-0.16184108892609672,-0.15333680278849646,0.2692287541762603,-0.2708098761595144,-0.041600761933674284,5,15,pointwise paired percentile bootstrap; unadjusted; exploratory
policy_balanced,meanGO,late,20,-0.13808624741519168,-0.11737485524638647,0.2792694296508367,-0.2536768883148173,-0.015073537757600683,5,15,pointwise paired percentile bootstrap; unadjusted; exploratory
policy_balanced,meanGO,late_minus_early,20,0.023754841510905036,0.05404848996719158,0.2078006772467123,-0.06246234997301414,0.11401050424327666,11,9,pointwise paired percentile bootstrap; unadjusted; exploratory
policy_balanced,meanLO,main,20,-0.12691045406830426,-0.12754132829835002,0.16710316443122222,-0.19827698707037333,-0.0557226544797732,3,17,pointwise paired percentile bootstrap; unadjusted; exploratory
policy_balanced,meanLO,early,20,-0.14057236628023023,-0.13114600917162098,0.15617032727972097,-0.2075480340210067,-0.07308130453209861,2,18,pointwise paired percentile bootstrap; unadjusted; exploratory
policy_balanced,meanLO,late,20,-0.11324854185637816,-0.11041581654295501,0.20354700905079806,-0.20013899103071606,-0.026348131532647118,5,15,pointwise paired percentile bootstrap; unadjusted; exploratory
policy_balanced,meanLO,late_minus_early,20,0.027323824423852082,0.032048835803142384,0.14123470459008736,-0.03257809946667254,0.08739479316130529,14,6,pointwise paired percentile bootstrap; unadjusted; exploratory
policy_balanced,meanPairDistanceNorm,main,20,0.019728538950919635,0.014953220018137002,0.09996962053101585,-0.023535853568666974,0.06210810503886229,12,8,pointwise paired percentile bootstrap; unadjusted; exploratory
policy_balanced,meanPairDistanceNorm,early,20,0.05391945904253599,0.039684752139031,0.11420737320644066,0.004760519175965511,0.10235716250982241,12,8,pointwise paired percentile bootstrap; unadjusted; exploratory
policy_balanced,meanPairDistanceNorm,late,20,-0.01446238114069675,-0.028224732034529,0.10138599853259232,-0.057846738668078664,0.029278812173033113,8,12,pointwise paired percentile bootstrap; unadjusted; exploratory
policy_balanced,meanPairDistanceNorm,late_minus_early,20,-0.06838184018323275,-0.05783576373488956,0.08166510558292797,-0.10439909081331475,-0.0345939722849558,4,16,pointwise paired percentile bootstrap; unadjusted; exploratory
policy_nearest,meanGO,main,20,-0.0754848551516675,-0.08479249688336898,0.3251588634774566,-0.21296809898053,0.06402444194827416,7,13,pointwise paired percentile bootstrap; unadjusted; exploratory
policy_nearest,meanGO,early,20,-0.07641493692074935,-0.13438964550216004,0.30763274043325534,-0.20743506601520903,0.05332239441288463,8,12,pointwise paired percentile bootstrap; unadjusted; exploratory
policy_nearest,meanGO,late,20,-0.07455477338258543,-0.07789730572206949,0.380517120300331,-0.23164442402485813,0.09203245747213715,7,13,pointwise paired percentile bootstrap; unadjusted; exploratory
policy_nearest,meanGO,late_minus_early,20,0.001860163538163917,0.019208991720876506,0.23653586972055113,-0.1006055319924674,0.1004831507730422,12,8,pointwise paired percentile bootstrap; unadjusted; exploratory
policy_nearest,meanLO,main,20,0.011907155287553955,0.029508197915822487,0.24850425826970574,-0.09478416733113756,0.11644827632739392,12,8,pointwise paired percentile bootstrap; unadjusted; exploratory
policy_nearest,meanLO,early,20,0.011442558028701663,0.027956473714380037,0.24692311961122057,-0.0954924038830082,0.11640847862202781,11,9,pointwise paired percentile bootstrap; unadjusted; exploratory
policy_nearest,meanLO,late,20,0.012371752546406337,0.051217483852122936,0.2635965257114138,-0.0996307296036049,0.12296456967574877,12,8,pointwise paired percentile bootstrap; unadjusted; exploratory
policy_nearest,meanLO,late_minus_early,20,0.0009291945177046735,0.023437026175806397,0.11785942990963487,-0.05078891728703475,0.049489811505235355,11,9,pointwise paired percentile bootstrap; unadjusted; exploratory
policy_nearest,meanPairDistanceNorm,main,20,0.04678887563083004,0.050985771563991505,0.09260131886593763,0.0078957412141366,0.08733557813273218,13,7,pointwise paired percentile bootstrap; unadjusted; exploratory
policy_nearest,meanPairDistanceNorm,early,20,0.06056435754029939,0.055683101311089014,0.09146659505763725,0.021438240520051874,0.10021517065064729,16,4,pointwise paired percentile bootstrap; unadjusted; exploratory
policy_nearest,meanPairDistanceNorm,late,20,0.033013393721360744,0.027298142579793787,0.10803896088671104,-0.012947810092175206,0.08101236387467385,12,8,pointwise paired percentile bootstrap; unadjusted; exploratory
policy_nearest,meanPairDistanceNorm,late_minus_early,20,-0.027550963818938644,-0.05395261993488487,0.07600719136365912,-0.05970683982260588,0.004977628218484848,8,12,pointwise paired percentile bootstrap; unadjusted; exploratory
