profile,N,nNeurons,nSteps,seed,k,policy,strengthMode,meanGO,meanLO,meanPairDistanceNorm,meanNearestDistanceNorm,meanInputAmplitude,meanVisibleNeighbors,meanActiveNeighbors,meanAngularCoverage,meanInputConcentration,meanFieldPeak,meanBumpConcentration,meanSpeed,socialUnionLccFraction,socialAlgebraicConnectivity
quick,12,40,400,1,11,all,original,0.225401108548237,0.324361187046493,0.362786203970572,0.15305626545295,0.22,11,11,0.654409913127897,0.315570667452787,0.0804961562993126,0.616704109763064,0.636016789331858,1,12
quick,12,40,400,1,0,random,original,0.176230821026352,0.324388072225316,0.372518662016289,0.150761350387139,0,11,0,0,0,0,0.637274742159118,0.637274742159118,0.0833333333333333,0
quick,12,40,400,1,0,random,fixed-total,0.176230821026352,0.324388072225316,0.372518662016289,0.150761350387139,0,11,0,0,0,0,0.637274742159118,0.637274742159118,0.0833333333333333,0
quick,12,40,400,1,0,nearest,original,0.176230821026352,0.324388072225316,0.372518662016289,0.150761350387139,0,11,0,0,0,0,0.637274742159118,0.637274742159118,0.0833333333333333,0
quick,12,40,400,1,0,nearest,fixed-total,0.176230821026352,0.324388072225316,0.372518662016289,0.150761350387139,0,11,0,0,0,0,0.637274742159118,0.637274742159118,0.0833333333333333,0
quick,12,40,400,1,0,balanced,original,0.176230821026352,0.324388072225316,0.372518662016289,0.150761350387139,0,11,0,0,0,0,0.637274742159118,0.637274742159118,0.0833333333333333,0
quick,12,40,400,1,0,balanced,fixed-total,0.176230821026352,0.324388072225316,0.372518662016289,0.150761350387139,0,11,0,0,0,0,0.637274742159118,0.637274742159118,0.0833333333333333,0
quick,12,40,400,1,1,random,original,0.131350364872475,0.278487212638692,0.370291577587609,0.154845789605353,0.02,11,1,0,1,0.0198673319652966,0.637274742159118,0.637274742159118,1,0.994244120550287
quick,12,40,400,1,1,random,fixed-total,0.127212887484562,0.475458907840282,0.347760100980197,0.140866477928493,0.22,11,1,0,1,0.218685452617536,0.604950800601947,0.634945247344331,1,0.994244120550287
quick,12,40,400,1,1,nearest,original,0.125207719627352,0.276063613963747,0.370767717749367,0.152648024177308,0.02,11,1,0,1,0.0198591106789154,0.637274742159118,0.637274742159118,0.5,-2.03924730850538e-16
quick,12,40,400,1,1,nearest,fixed-total,0.319532166607136,0.390717325393411,0.356885747050495,0.100810767525079,0.22,11,1,0,1,0.218700544162493,0.614808106844345,0.634972416951585,0.5,5.07256164543147e-17
quick,12,40,400,1,1,balanced,original,0.125207719627352,0.276063613963747,0.370767717749367,0.152648024177308,0.02,11,1,0,1,0.0198591106789154,0.637274742159118,0.637274742159118,0.5,-2.03924730850538e-16
quick,12,40,400,1,1,balanced,fixed-total,0.319532166607136,0.390717325393411,0.356885747050495,0.100810767525079,0.22,11,1,0,1,0.218700544162493,0.614808106844345,0.634972416951585,0.5,5.07256164543147e-17
quick,12,40,400,1,3,random,original,0.116664830851672,0.293755463100176,0.369686642034417,0.155527634007968,0.06,11,3,0.372699671233146,0.550632706426132,0.0317870463161164,0.634591501887076,0.637111034620805,1,3.10015870625099
quick,12,40,400,1,3,random,fixed-total,0.247164341523235,0.4127816776185,0.352640183952812,0.145974530042941,0.22,11,3,0.378657261577787,0.537388626404878,0.118111886445521,0.608057275665407,0.635380733866208,1,3.10015870625099
quick,12,40,400,1,3,nearest,original,0.0957231167606097,0.244113751730551,0.37023961995077,0.156826353672253,0.06,11,3,0.34299175008969,0.618647032056201,0.0283327802932444,0.637274742159118,0.637274742159118,1,0.418083331898155
quick,12,40,400,1,3,nearest,fixed-total,0.222749381976471,0.262000138758767,0.354378913897375,0.120163425421177,0.22,11,3,0.264968191024801,0.746491039364829,0.118259239561201,0.622203318658059,0.636330100611027,1,0.126864379707906
quick,12,40,400,1,3,balanced,original,0.099481325956409,0.283312991442824,0.369833799455994,0.152476964058699,0.06,11,3,0.524401081113495,0.29310306964406,0.0201076429426542,0.632462916743735,0.636980980653072,1,1.19511528653776
quick,12,40,400,1,3,balanced,fixed-total,0.266504539313107,0.435423618288727,0.365416486559245,0.135761246391803,0.22,11,3,0.534401172962922,0.272182272586617,0.0735733392362081,0.615136211715906,0.635922512305496,1,1.14246084698985
quick,12,40,400,1,5,random,original,0.119022115475822,0.289717151725124,0.367338597009521,0.155413826176867,0.1,11,5,0.511540923804401,0.436760932130837,0.0457539237592399,0.625078385663114,0.636530756935722,1,5.29303982951068
quick,12,40,400,1,5,random,fixed-total,0.308300313086221,0.414087172260731,0.354774683406279,0.146581338818938,0.22,11,5,0.514312981664309,0.42324170550856,0.102185238660684,0.612391466550887,0.635741159021016,1,5.29303982951068
quick,12,40,400,1,5,nearest,original,0.104280723983291,0.273197786804883,0.369413941823104,0.154991257148373,0.1,11,5,0.521661346007976,0.432075518452508,0.0409119785342728,0.628231241742718,0.636722411564497,1,1.94082924740003
quick,12,40,400,1,5,nearest,fixed-total,0.0620268615119665,0.218682087563894,0.361142155331608,0.14410903622507,0.22,11,5,0.522758342384905,0.423015913943161,0.0934644861305068,0.61799030092937,0.636096611969057,1,1.88376848099899
quick,12,40,400,1,5,balanced,original,0.127773396820528,0.272695589188616,0.36930894776145,0.153557534334313,0.1,11,5,0.641431221421642,0.280507617600963,0.0293570378319555,0.62922051817529,0.636783615822365,1,3.10132185521674
quick,12,40,400,1,5,balanced,fixed-total,0.0972411213176805,0.267967654047042,0.367711448927395,0.14602306191124,0.22,11,5,0.642225885675561,0.275315549155931,0.0633440154238387,0.609465811706853,0.635578776968302,1,3.2276598210813
quick,12,40,400,1,7,random,original,0.229891428876775,0.309607968735279,0.365452630693907,0.152000368417707,0.14,11,7,0.577662681523669,0.380369421240494,0.0580025985518064,0.618196316722386,0.636110319582162,1,7.49901624940614
quick,12,40,400,1,7,random,fixed-total,0.301679824642242,0.392350224181479,0.357871574908106,0.147620278238434,0.22,11,7,0.576167787760526,0.369657767366558,0.0929848040662953,0.613290823718517,0.635806613702446,1,7.49901624940614
quick,12,40,400,1,7,nearest,original,0.0793571164248044,0.243824927831882,0.369478992401369,0.157803567293204,0.14,11,7,0.609389648941499,0.365671390354971,0.0539951254611892,0.621038460677937,0.636283514087198,1,4.26009915314478
quick,12,40,400,1,7,nearest,fixed-total,0.163778342375533,0.304540921413097,0.354809804313342,0.147870683905871,0.22,11,7,0.565398328576734,0.422589754755008,0.0904740134601733,0.612589720395675,0.635759839329138,1,3.84444025373552
quick,12,40,400,1,7,balanced,original,0.106632129013744,0.274905579677141,0.369328657573666,0.158054876525955,0.14,11,7,0.649595526600103,0.299901345672485,0.0447361704190635,0.629220514774558,0.636783615822369,1,5.42332690645043
quick,12,40,400,1,7,balanced,fixed-total,0.243390935258299,0.324826704872154,0.362115249159204,0.150102713131138,0.22,11,7,0.640344519971347,0.307722464604,0.0730526166154102,0.610985078509796,0.635671216708152,1,5.19755229943178
quick,12,40,400,1,10,random,original,0.233638249999674,0.332015827231628,0.363503824617321,0.152436536575738,0.2,11,10,0.640186460731541,0.325636137163564,0.0750278093889166,0.616865854334875,0.636027171819289,1,10.827057200819
quick,12,40,400,1,10,random,fixed-total,0.22475100234019,0.329368316016414,0.362331046585909,0.152683650985375,0.22,11,10,0.639438443050057,0.323653032714547,0.082930927413151,0.617134028866323,0.63604574531808,1,10.827057200819
quick,12,40,400,1,10,nearest,original,0.183403118030883,0.297822410038797,0.364962464406683,0.1518275096196,0.2,11,10,0.645076361890944,0.325520652834947,0.0749190918125932,0.620834854611318,0.636271639842849,1,8.81485184990832
quick,12,40,400,1,10,nearest,fixed-total,0.249222864987788,0.341634403123006,0.360608655786026,0.149896370722208,0.22,11,10,0.644343584511268,0.31897013006563,0.0848661031179087,0.61691365578457,0.63602906119392,1,8.81373370914038
quick,12,40,400,1,10,balanced,original,0.170962125885717,0.286306204830497,0.365351145661974,0.152498879685121,0.2,11,10,0.654286249936127,0.3204125008161,0.0719158833074046,0.617627853714093,0.636075552015685,1,9.80455914341653
quick,12,40,400,1,10,balanced,fixed-total,0.223436642371553,0.320086192542233,0.362374987867237,0.152441090916657,0.22,11,10,0.654641347281319,0.314745619711869,0.0794501429576792,0.616440254611739,0.636001162640865,1,9.95493477121023
quick,12,40,400,2,11,all,original,0.640626123229365,0.704693990801235,0.380243029614478,0.165369178225317,0.22,11,11,0.739277100090162,0.270123107117615,0.0715205821869519,0.615796570729152,0.635965071925703,1,12
quick,12,40,400,2,0,random,original,0.60366414084389,0.7134715582707,0.388200807932482,0.174872991552759,0,11,0,0,0,0,0.637274742159118,0.637274742159118,0.0833333333333333,0
quick,12,40,400,2,0,random,fixed-total,0.60366414084389,0.7134715582707,0.388200807932482,0.174872991552759,0,11,0,0,0,0,0.637274742159118,0.637274742159118,0.0833333333333333,0
quick,12,40,400,2,0,nearest,original,0.60366414084389,0.7134715582707,0.388200807932482,0.174872991552759,0,11,0,0,0,0,0.637274742159118,0.637274742159118,0.0833333333333333,0
quick,12,40,400,2,0,nearest,fixed-total,0.60366414084389,0.7134715582707,0.388200807932482,0.174872991552759,0,11,0,0,0,0,0.637274742159118,0.637274742159118,0.0833333333333333,0
quick,12,40,400,2,0,balanced,original,0.60366414084389,0.7134715582707,0.388200807932482,0.174872991552759,0,11,0,0,0,0,0.637274742159118,0.637274742159118,0.0833333333333333,0
quick,12,40,400,2,0,balanced,fixed-total,0.60366414084389,0.7134715582707,0.388200807932482,0.174872991552759,0,11,0,0,0,0,0.637274742159118,0.637274742159118,0.0833333333333333,0
quick,12,40,400,2,1,random,original,0.601982455192423,0.712666411960943,0.387335474278609,0.173569965400046,0.02,11,1,0,1,0.0198773584998521,0.637274742159118,0.637274742159118,1,1.00101930673546
quick,12,40,400,2,1,random,fixed-total,0.41962651859883,0.472185213731533,0.368433206341015,0.146050275718621,0.22,11,1,0,1,0.218502011753361,0.611558433251091,0.635596074601238,1,1.00101930673546
quick,12,40,400,2,1,nearest,original,0.637380902014893,0.740871319714108,0.387503803863716,0.173204968093026,0.02,11,1,0,1,0.0198385110453124,0.637274742159118,0.637274742159118,1,0.00422173108159815
quick,12,40,400,2,1,nearest,fixed-total,0.488706334933541,0.512212797580011,0.380334747069409,0.117136857522729,0.22,11,1,0,1,0.218375464035354,0.628062978009914,0.636407958560501,0.333333333333333,-4.75151602091772e-17
quick,12,40,400,2,1,balanced,original,0.637380902014893,0.740871319714108,0.387503803863716,0.173204968093026,0.02,11,1,0,1,0.0198385110453124,0.637274742159118,0.637274742159118,1,0.00422173108159815
quick,12,40,400,2,1,balanced,fixed-total,0.488706334933541,0.512212797580011,0.380334747069409,0.117136857522729,0.22,11,1,0,1,0.218375464035354,0.628062978009914,0.636407958560501,0.333333333333333,-4.75151602091772e-17
quick,12,40,400,2,3,random,original,0.628922464187875,0.733786436885326,0.386319013311789,0.171667745657284,0.06,11,3,0.393003649540018,0.521988250329125,0.0292939004211786,0.637037887338141,0.637260040975713,1,3.13764022052836
quick,12,40,400,2,3,random,fixed-total,0.695452211500669,0.730876321414572,0.374958684011206,0.158729934829262,0.22,11,3,0.385379787738557,0.53304572341105,0.110237849688553,0.609591785463732,0.635539645250696,1,3.13764022052836
quick,12,40,400,2,3,nearest,original,0.582550703298333,0.638781568679573,0.387658319934139,0.172384358411483,0.06,11,3,0.415736024257467,0.479671077692576,0.0304475485360616,0.634589969163468,0.637111033379926,1,0.827955732839874
quick,12,40,400,2,3,nearest,fixed-total,0.639634498519905,0.630321551330344,0.37629174876905,0.151442486032154,0.22,11,3,0.398257846668587,0.499036187726569,0.12417580075887,0.616100504782732,0.635659930211327,1,0.724209546803065
quick,12,40,400,2,3,balanced,original,0.529720482959844,0.610869839671877,0.388064391450179,0.173311381287257,0.06,11,3,0.530395358798697,0.273966664578339,0.0200563898824075,0.631905180721035,0.636947324600722,1,1.44607251084741
quick,12,40,400,2,3,balanced,fixed-total,0.443150685156161,0.511158114720464,0.385520413050173,0.16731727673813,0.22,11,3,0.535764632033546,0.264042038237785,0.0734557336284169,0.613853099756912,0.635846383239042,1,1.31299470982682
quick,12,40,400,2,5,random,original,0.596120585656818,0.711764328063336,0.385834707320897,0.170571592283963,0.1,11,5,0.547451845513146,0.401491023658165,0.0415942265877859,0.629220547553961,0.636783615839117,1,5.27808418954285
quick,12,40,400,2,5,random,fixed-total,0.627806925058421,0.712834591028973,0.38021751269373,0.162461505827631,0.22,11,5,0.54863537162692,0.395958258562632,0.0926976661459102,0.604955962830541,0.635281605172738,1,5.27808418954285
quick,12,40,400,2,5,nearest,original,0.530673650636199,0.59934692926951,0.386728942937985,0.170882837423008,0.1,11,5,0.561615188213551,0.40236924684183,0.0428488707140384,0.629072789939074,0.636774338562692,1,2.36452267483489
quick,12,40,400,2,5,nearest,fixed-total,0.551741180235245,0.594307948356665,0.381868193327272,0.165114814067418,0.22,11,5,0.563158984774505,0.405463158360635,0.096250857515966,0.612821520999484,0.635781553582838,1,2.34898526004379
quick,12,40,400,2,5,balanced,original,0.535703325157153,0.61282200813449,0.387933483574759,0.173571231140409,0.1,11,5,0.693643029109619,0.191384159959074,0.0266793693469923,0.629220398742926,0.636783615821522,1,3.32316919373711
quick,12,40,400,2,5,balanced,fixed-total,0.503030425822329,0.534144372559517,0.385372012659779,0.170905942150657,0.22,11,5,0.702745264599679,0.183977469537729,0.0566216252740911,0.615689411081401,0.635958523926058,1,3.16677008225127
quick,12,40,400,2,7,random,original,0.586516094886068,0.661323329925468,0.38428639676169,0.170733170558865,0.14,11,7,0.641042963260297,0.339799364209081,0.0516812098199,0.6211661746204,0.636292489525867,1,7.40609237164993
quick,12,40,400,2,7,random,fixed-total,0.614501518282877,0.669783471833374,0.381886294027353,0.169288241990314,0.22,11,7,0.642387620223419,0.33650032139134,0.0814195088369746,0.610427527936399,0.635637654799305,1,7.40609237164993
quick,12,40,400,2,7,nearest,original,0.595856258113148,0.693481360565974,0.382364514386673,0.165453532096644,0.14,11,7,0.62646012697347,0.343076036269382,0.0558482732853864,0.626535673132989,0.636619907042592,1,4.40455787326449
quick,12,40,400,2,7,nearest,fixed-total,0.680460435655934,0.734663521702881,0.378119239214912,0.164482670961899,0.22,11,7,0.622655489090532,0.356327423460726,0.0908865028372383,0.612816592652807,0.635782896461947,1,4.5855138027897
quick,12,40,400,2,7,balanced,original,0.629237004647921,0.716922047171489,0.386231718390268,0.173355729495047,0.14,11,7,0.730699701229522,0.189035911435828,0.0380531891382597,0.626535624215182,0.636619907042341,1,4.5154440517262
quick,12,40,400,2,7,balanced,fixed-total,0.642752581630649,0.720116454490569,0.382933446313116,0.168024957271467,0.22,11,7,0.734279696343637,0.197830818266124,0.0592878271738359,0.615797342026033,0.635965071946185,1,4.32909988745175
quick,12,40,400,2,10,random,original,0.633360492078547,0.708156840415092,0.380716437280975,0.165803376534349,0.2,11,10,0.721441633100199,0.280752426314265,0.0670826087070402,0.61579680613101,0.635965071937739,1,10.8055972228106
quick,12,40,400,2,10,random,fixed-total,0.640626037405127,0.704694835135359,0.380243724436464,0.165369539678909,0.22,11,10,0.721594665140486,0.281271634843693,0.0740383960321901,0.615796623157364,0.635965071928104,1,10.8055972228106
quick,12,40,400,2,10,nearest,original,0.661382226306301,0.702326845845311,0.379157826905074,0.164222990117373,0.2,11,10,0.710687362700246,0.308688706218208,0.0696053906230077,0.615415031987491,0.63594163837354,1,9.00681278433702
quick,12,40,400,2,10,nearest,fixed-total,0.650088497266117,0.694857462338274,0.378827102604314,0.163580050035414,0.22,11,10,0.709058999462785,0.309102071276632,0.0766034371890716,0.614722580665551,0.63589958841385,1,8.98604567521246
quick,12,40,400,2,10,balanced,original,0.625437463991856,0.70690450463494,0.381834894513274,0.165090574189384,0.2,11,10,0.742590334220026,0.247690313324171,0.0618835835811539,0.618481334302904,0.636128780704831,1,9.6754453496848
quick,12,40,400,2,10,balanced,fixed-total,0.637038600029413,0.714567175343471,0.381633880745187,0.165185264842761,0.22,11,10,0.742096624206127,0.246210260495752,0.0679842136402007,0.613111733456409,0.635801363146344,1,9.74732489379891
quick,12,40,400,3,11,all,original,0.0797807434152279,0.177447149227957,0.36972076157639,0.164953538604913,0.22,11,11,0.7584454531001,0.333390226795424,0.0766282001312089,0.612111319076193,0.635738700507172,1,12
quick,12,40,400,3,0,random,original,0.00495700695523144,0.191683464924043,0.370649575032868,0.169104974158894,0,11,0,0,0,0,0.637274742159118,0.637274742159118,0.0833333333333333,0
quick,12,40,400,3,0,random,fixed-total,0.00495700695523144,0.191683464924043,0.370649575032868,0.169104974158894,0,11,0,0,0,0,0.637274742159118,0.637274742159118,0.0833333333333333,0
quick,12,40,400,3,0,nearest,original,0.00495700695523144,0.191683464924043,0.370649575032868,0.169104974158894,0,11,0,0,0,0,0.637274742159118,0.637274742159118,0.0833333333333333,0
quick,12,40,400,3,0,nearest,fixed-total,0.00495700695523144,0.191683464924043,0.370649575032868,0.169104974158894,0,11,0,0,0,0,0.637274742159118,0.637274742159118,0.0833333333333333,0
quick,12,40,400,3,0,balanced,original,0.00495700695523144,0.191683464924043,0.370649575032868,0.169104974158894,0,11,0,0,0,0,0.637274742159118,0.637274742159118,0.0833333333333333,0
quick,12,40,400,3,0,balanced,fixed-total,0.00495700695523144,0.191683464924043,0.370649575032868,0.169104974158894,0,11,0,0,0,0,0.637274742159118,0.637274742159118,0.0833333333333333,0
quick,12,40,400,3,1,random,original,0.0107141087563817,0.171148203448074,0.371181639044945,0.169390783632237,0.02,11,1,0,1,0.0198746782481112,0.637274742159118,0.637274742159118,1,1.00583385827527
quick,12,40,400,3,1,random,fixed-total,0.0881001449302077,0.35238434803591,0.358644107619202,0.149450440457874,0.22,11,1,0,1,0.218618307773323,0.607634810778285,0.6352900926789,1,1.00583385827527
quick,12,40,400,3,1,nearest,original,0.0167317433035938,0.179362824989787,0.371550005304496,0.164731909180926,0.02,11,1,0,1,0.0198878094443159,0.637274742159118,0.637274742159118,0.333333333333333,1.28585411368385e-16
quick,12,40,400,3,1,nearest,fixed-total,0.127924298340859,0.232621448528795,0.369951101164167,0.122156515461827,0.22,11,1,0,1,0.218363389434155,0.625620794103642,0.63609829914194,0.333333333333333,0
quick,12,40,400,3,1,balanced,original,0.0167317433035938,0.179362824989787,0.371550005304496,0.164731909180926,0.02,11,1,0,1,0.0198878094443159,0.637274742159118,0.637274742159118,0.333333333333333,1.28585411368385e-16
quick,12,40,400,3,1,balanced,fixed-total,0.127924298340859,0.232621448528795,0.369951101164167,0.122156515461827,0.22,11,1,0,1,0.218363389434155,0.625620794103642,0.63609829914194,0.333333333333333,0
quick,12,40,400,3,3,random,original,0.0465496830079014,0.166949114323956,0.370895850255964,0.169176005092657,0.06,11,3,0.384474407068286,0.534577617112729,0.0299809053407854,0.634590008982593,0.637111033383184,1,3.11565120334162
quick,12,40,400,3,3,random,fixed-total,0.15467043209593,0.223599848604837,0.36492299588319,0.158754251434173,0.22,11,3,0.38476976695837,0.533085391137455,0.110249158571109,0.60757535322311,0.635434609122263,1,3.11565120334162
quick,12,40,400,3,3,nearest,original,0.0396145538909587,0.17402861814689,0.371142630149548,0.164593531764443,0.06,11,3,0.383456997307895,0.534619022892352,0.0303824711853172,0.636779779747534,0.637243844117005,1,0.979723327180213
quick,12,40,400,3,3,nearest,fixed-total,0.150676959641078,0.381727181719999,0.361034206949854,0.143935425964024,0.22,11,3,0.334855308453842,0.607328985571706,0.122726053355851,0.617263791196359,0.636048705463934,1,0.618730367600506
quick,12,40,400,3,3,balanced,original,0.0650887871796088,0.18855663952885,0.372675421057058,0.167353922274775,0.06,11,3,0.541849164185332,0.252610958629775,0.0199967802824445,0.633427211876237,0.637038742378217,1,1.49631420184797
quick,12,40,400,3,3,balanced,fixed-total,0.130308077911591,0.209753696312742,0.373351507414655,0.175961412321592,0.22,11,3,0.551752741562004,0.231648368275171,0.0732527989501042,0.612424854732498,0.635756727701897,1,1.33487692724431
quick,12,40,400,3,5,random,original,0.0420489996329582,0.170361160928744,0.370563630475569,0.165627851523004,0.1,11,5,0.537789634820587,0.421986630015576,0.0428886121112547,0.631905399265336,0.636947324726337,1,5.21828496885202
quick,12,40,400,3,5,random,fixed-total,0.117151592377747,0.215870022216129,0.366701040133579,0.16184692877,0.22,11,5,0.535153451702737,0.426969516693062,0.0946905903561861,0.606404224404649,0.635390731266378,1,5.21828496885202
quick,12,40,400,3,5,nearest,original,0.0423337050543641,0.182850409004747,0.371081525076862,0.166558462378839,0.1,11,5,0.503837753302756,0.514526320333514,0.0439513932726566,0.633911376395757,0.637068873269075,1,2.27343007848066
quick,12,40,400,3,5,nearest,fixed-total,0.0696297734654848,0.273805828161296,0.364867556422471,0.160698031490291,0.22,11,5,0.459997900108344,0.578710719762551,0.104268282593241,0.613454337034877,0.635808621850608,1,2.18094700862072
quick,12,40,400,3,5,balanced,original,0.0262006662689808,0.180536803259459,0.372570524331543,0.166983325003173,0.1,11,5,0.713498059840862,0.168658683254792,0.0249854403075132,0.62290869812379,0.636398115449762,1,3.1463009910378
quick,12,40,400,3,5,balanced,fixed-total,0.0351634508877567,0.171613514411922,0.371642617621699,0.165772539690489,0.22,11,5,0.718862158645343,0.161862028082457,0.054826778682317,0.612180638823805,0.63574387620051,1,3.05467554713346
quick,12,40,400,3,7,random,original,0.0684424371034924,0.178413093539905,0.370720238228946,0.165954980660801,0.14,11,7,0.629861177628529,0.380592826162884,0.0551377451207471,0.614564465495784,0.635889238896638,1,7.47868873068324
quick,12,40,400,3,7,random,fixed-total,0.095273054625256,0.18345597458007,0.369225833322053,0.163419181745208,0.22,11,7,0.629020867714755,0.38461521358512,0.0868829786606023,0.610434477349632,0.635628513113778,1,7.47868873068324
quick,12,40,400,3,7,nearest,original,0.0484676490412153,0.177990777772794,0.370723764418614,0.163980331366835,0.14,11,7,0.617316806008883,0.398394427701133,0.0533289170358548,0.629220398720707,0.636783615821522,1,4.1895750933296
quick,12,40,400,3,7,nearest,fixed-total,0.118855223183538,0.220129515206867,0.368956925727516,0.159345478742331,0.22,11,7,0.615602878359995,0.400227864667022,0.0858232815967135,0.614498098050263,0.635883715492876,1,4.14695485057582
quick,12,40,400,3,7,balanced,original,0.0263975881933685,0.166600636057013,0.372558399340871,0.166904314990896,0.14,11,7,0.751116788349913,0.19087878692082,0.0376772927573516,0.629220398716657,0.636783615821522,1,5.28360251877991
quick,12,40,400,3,7,balanced,fixed-total,0.0143450640904722,0.180158458267795,0.37168588099914,0.165499106680637,0.22,11,7,0.750615637124319,0.193058083052582,0.0589194359793208,0.613111711831734,0.635801363146331,1,5.10330962085844
quick,12,40,400,3,10,random,original,0.0706384699461819,0.182930101320376,0.370343074612085,0.165309616155807,0.2,11,10,0.734898876765179,0.331225402500918,0.0705279014153394,0.621057180527343,0.63628469334149,1,10.8056246060774
quick,12,40,400,3,10,random,fixed-total,0.0972491775466316,0.186143574148079,0.370407582408789,0.165644588778844,0.22,11,10,0.735546293527139,0.328852435356521,0.0776948517807278,0.614725559090056,0.63589808737221,1,10.8056246060774
quick,12,40,400,3,10,nearest,original,0.0663688724085181,0.173609022331191,0.371220263312053,0.168906842402832,0.2,11,10,0.74702611878946,0.303406741363914,0.0686840384330915,0.614413583268322,0.635880137592844,1,9.37415374997896
quick,12,40,400,3,10,nearest,fixed-total,0.0720252898124219,0.175604225614632,0.371197505926913,0.168520364679909,0.22,11,10,0.747340895910545,0.302805407948174,0.0757399874840949,0.614090841486648,0.635860368646702,1,9.37415374997897
quick,12,40,400,3,10,balanced,original,0.04566429027146,0.17929239959631,0.370591437618517,0.162946133240387,0.2,11,10,0.758159908690565,0.280293727043341,0.0662351065448717,0.618242189903699,0.636113604667677,1,9.63957365739981
quick,12,40,400,3,10,balanced,fixed-total,0.0521823443765409,0.176355746675006,0.370349853266053,0.162717202309842,0.22,11,10,0.758006922315045,0.290501890826244,0.0744320484114207,0.615383645529825,0.635939269152999,1,9.23113299017488
