hiddenCount,T,mode,metric,n,mean,ci95
7,3,none,eventGOLoss,2,0.00185936362098247,0.00280333176367349
7,3,none,eventGODeviation,2,0.00212384028201883,0.00228495750804223
7,3,none,postGOLoss,2,0.00443791079040923,0.00858678304365111
7,3,none,postGODeviation,2,0.00542931055404033,0.00664363950693416
7,3,none,eventPairDistanceIncrease,2,-1.73896596556422e-06,1.24846375414047e-05
7,3,none,eventPairDistanceDeviation,2,6.36971303132894e-06,3.40837329250587e-06
7,3,none,postPairDistanceIncrease,2,-1.79145314711145e-05,0.000268888430311821
7,3,none,postPairDistanceDeviation,2,0.000137187974648888,3.51124816833844e-05
7,3,none,recoveryTime,2,1.2,0
7,3,hold,eventGOLoss,2,2.35676822379086e-05,2.7435218917633e-05
7,3,hold,eventGODeviation,2,0.000217272913574868,5.94606963557834e-05
7,3,hold,postGOLoss,2,0.000237139192567657,1.94681391876997e-05
7,3,hold,postGODeviation,2,0.000536925113462152,0.000418430346779228
7,3,hold,eventPairDistanceIncrease,2,1.77087691347055e-07,5.32988903628185e-07
7,3,hold,eventPairDistanceDeviation,2,3.04126826275453e-07,2.83992199168526e-07
7,3,hold,postPairDistanceIncrease,2,1.67497338777603e-05,1.7977251063201e-05
7,3,hold,postPairDistanceDeviation,2,1.68465702840001e-05,1.7787451706971e-05
7,3,hold,meanPredictionError,2,0.0266615712228448,0.0128815424793199
7,3,hold,p90PredictionError,2,0.0338884686173294,0.00176541807806346
7,3,hold,recoveryTime,2,1.2,0
7,3,mean,eventGOLoss,2,-8.90988850233559e-05,0.000145499858865772
7,3,mean,eventGODeviation,2,0.00010302102730275,0.000172747061686181
7,3,mean,postGOLoss,2,-0.000968330937036653,0.00208964291052021
7,3,mean,postGODeviation,2,0.00112400757905355,0.00190900865207623
7,3,mean,eventPairDistanceIncrease,2,-5.31178846741032e-08,8.1357795985948e-08
7,3,mean,eventPairDistanceDeviation,2,8.51949004343486e-08,1.4421333929282e-07
7,3,mean,postPairDistanceIncrease,2,3.00513895977965e-05,6.77918357001217e-05
7,3,mean,postPairDistanceDeviation,2,3.45876712755723e-05,5.89007236116811e-05
7,3,mean,meanPredictionError,2,0.0300695480300712,0.0265731509496662
7,3,mean,p90PredictionError,2,0.0258851241180076,0.00279190622033537
7,3,mean,recoveryTime,2,1.2,0
7,3,kalman,eventGOLoss,2,-9.20009858092308e-05,0.000137233015209761
7,3,kalman,eventGODeviation,2,0.00010705041804102,0.000166729902384069
7,3,kalman,postGOLoss,2,-0.000959436684188198,0.0021094807372221
7,3,kalman,postGODeviation,2,0.00113458494535379,0.00188014288777657
7,3,kalman,eventPairDistanceIncrease,2,-5.82513283831077e-08,7.85976981978464e-08
7,3,kalman,eventPairDistanceDeviation,2,8.977258856846e-08,1.40327999910595e-07
7,3,kalman,postPairDistanceIncrease,2,2.9120836629004e-05,6.79514993226761e-05
7,3,kalman,postPairDistanceDeviation,2,3.46691323074878e-05,5.70768397928478e-05
7,3,kalman,meanPredictionError,2,0.0300695567224434,0.0265731815177379
7,3,kalman,p90PredictionError,2,0.0258851225333918,0.00279190360618929
7,3,kalman,recoveryTime,2,1.2,0
7,3,kalman-gm,eventGOLoss,2,-4.10750180187547e-06,1.49306543289157e-07
7,3,kalman-gm,eventGODeviation,2,0.000106909428990407,0.000201556140172321
7,3,kalman-gm,postGOLoss,2,-0.000899226793050018,0.00171653986283189
7,3,kalman-gm,postGODeviation,2,0.000950135172702283,0.00169629593849362
7,3,kalman-gm,eventPairDistanceIncrease,2,1.62160316463655e-07,3.22649220736215e-07
7,3,kalman-gm,eventPairDistanceDeviation,2,1.7037787969909e-07,3.2908836004486e-07
7,3,kalman-gm,postPairDistanceIncrease,2,2.78127441517686e-05,5.21429714703482e-05
7,3,kalman-gm,postPairDistanceDeviation,2,2.78615458108319e-05,5.20473202185842e-05
7,3,kalman-gm,meanPredictionError,2,0.0209215415923699,0.0246626254612309
7,3,kalman-gm,p90PredictionError,2,0.016346898088235,0.000531443725831606
7,3,kalman-gm,recoveryTime,2,1.2,0
7,10.2,none,eventGOLoss,2,0.00770692772046284,0.00206302387041764
7,10.2,none,eventGODeviation,2,0.00778471497370883,0.00191056085405551
7,10.2,none,postGOLoss,2,0.0162821780384657,0.00562929674496843
7,10.2,none,postGODeviation,2,0.0162821780384657,0.00562929674496843
7,10.2,none,eventPairDistanceIncrease,2,3.30759181598823e-05,8.37057407348188e-05
7,10.2,none,eventPairDistanceDeviation,2,4.49174594468757e-05,6.04963198123118e-05
7,10.2,none,postPairDistanceIncrease,2,0.000311843245327633,0.000827769264602111
7,10.2,none,postPairDistanceDeviation,2,0.000425922107556458,0.000604174694633615
7,10.2,none,recoveryTime,2,1.2,0
7,10.2,hold,eventGOLoss,2,-0.00039144069753653,0.00327968813076684
7,10.2,hold,eventGODeviation,2,0.00199133997421276,0.000802779021608334
7,10.2,hold,postGOLoss,2,0.0021528773946864,0.00393460447468133
7,10.2,hold,postGODeviation,2,0.00371774523315956,0.000914214041041892
7,10.2,hold,eventPairDistanceIncrease,2,1.5409839148658e-05,4.00469590886714e-06
7,10.2,hold,eventPairDistanceDeviation,2,1.56704989734038e-05,4.51558916536881e-06
7,10.2,hold,postPairDistanceIncrease,2,0.000144118514108277,2.70986176519489e-05
7,10.2,hold,postPairDistanceDeviation,2,0.000144118514108277,2.70986176519489e-05
7,10.2,hold,meanPredictionError,2,0.0596855506298775,0.0129903719870425
7,10.2,hold,p90PredictionError,2,0.0967618749680969,0.00170853631421539
7,10.2,hold,recoveryTime,2,1.2,0
7,10.2,mean,eventGOLoss,2,0.00015716775120594,0.00266366278455673
7,10.2,mean,eventGODeviation,2,0.00147202089374471,0.000349304125092713
7,10.2,mean,postGOLoss,2,0.00984734074861662,0.0133478704979941
7,10.2,mean,postGODeviation,2,0.00989779282677083,0.0132489844248119
7,10.2,mean,eventPairDistanceIncrease,2,7.83439039507599e-06,2.6799811218365e-05
7,10.2,mean,eventPairDistanceDeviation,2,1.37106389470706e-05,1.54284417606002e-05
7,10.2,mean,postPairDistanceIncrease,2,0.000168039021330059,0.000341925434407708
7,10.2,mean,postPairDistanceDeviation,2,0.000174612690244924,0.000329041043334572
7,10.2,mean,meanPredictionError,2,0.0630498344056973,0.0207867342135354
7,10.2,mean,p90PredictionError,2,0.0681126508240496,0.00978134027650007
7,10.2,mean,recoveryTime,2,1.2,0
7,10.2,kalman,eventGOLoss,2,0.000803770380984979,0.00214204110951022
7,10.2,kalman,eventGODeviation,2,0.00176083436038271,0.000494766566331708
7,10.2,kalman,postGOLoss,2,0.0148224991601686,0.0157004084998975
7,10.2,kalman,postGODeviation,2,0.0148224991601686,0.0157004084998975
7,10.2,kalman,eventPairDistanceIncrease,2,4.91386288104783e-06,2.47741307534317e-05
7,10.2,kalman,eventPairDistanceDeviation,2,1.26780607043007e-05,9.70602436554241e-06
7,10.2,kalman,postPairDistanceIncrease,2,5.14704169540655e-05,0.000388801222751116
7,10.2,kalman,postPairDistanceDeviation,2,0.000198367970791386,0.000100882017229968
7,10.2,kalman,meanPredictionError,2,0.0630452851088585,0.0207917121081276
7,10.2,kalman,p90PredictionError,2,0.068112869738597,0.00978092078732789
7,10.2,kalman,recoveryTime,2,1.2,0
7,10.2,kalman-gm,eventGOLoss,2,-0.000921237487235233,0.00180864305920617
7,10.2,kalman-gm,eventGODeviation,2,0.00128767118668059,0.00120893259973992
7,10.2,kalman-gm,postGOLoss,2,0.00543233543483757,0.011282729280432
7,10.2,kalman-gm,postGODeviation,2,0.00620105291418527,0.00988439286150407
7,10.2,kalman-gm,eventPairDistanceIncrease,2,1.15151841964917e-05,1.25592998546679e-05
7,10.2,kalman-gm,eventPairDistanceDeviation,2,1.1661123447958e-05,1.22798899698088e-05
7,10.2,kalman-gm,postPairDistanceIncrease,2,0.000152628730116817,0.00023482191069096
7,10.2,kalman-gm,postPairDistanceDeviation,2,0.000152628730116817,0.00023482191069096
7,10.2,kalman-gm,meanPredictionError,2,0.0458239708208198,0.0305049330784488
7,10.2,kalman-gm,p90PredictionError,2,0.0506775404766176,0.00798020951121037
7,10.2,kalman-gm,recoveryTime,2,1.2,0
11,3,none,eventGOLoss,2,0.0020513471290914,0.00142419015434242
11,3,none,eventGODeviation,2,0.00240279973033469,0.00156841182341168
11,3,none,postGOLoss,2,0.0118283344514978,0.025117952381792
11,3,none,postGODeviation,2,0.013447858739448,0.0219436847774096
11,3,none,eventPairDistanceIncrease,2,-5.73425811631887e-06,1.78772582486872e-05
11,3,none,eventPairDistanceDeviation,2,9.20555182964409e-06,1.10735225705698e-05
11,3,none,postPairDistanceIncrease,2,-8.19293007722024e-05,0.000350661159339115
11,3,none,postPairDistanceDeviation,2,0.000178908754764855,0.000160581429513517
11,3,none,recoveryTime,2,1.2,0
11,3,hold,eventGOLoss,2,1.99085769660892e-05,2.62839486411622e-05
11,3,hold,eventGODeviation,2,0.000297900175883357,6.6423841637161e-05
11,3,hold,postGOLoss,2,9.59602657625335e-05,0.000282986613538627
11,3,hold,postGODeviation,2,0.000644448921457432,0.000630700638091999
11,3,hold,eventPairDistanceIncrease,2,3.39872086577153e-07,8.11695213557839e-07
11,3,hold,eventPairDistanceDeviation,2,4.45069222734796e-07,6.05508826688861e-07
11,3,hold,postPairDistanceIncrease,2,2.46422107585918e-05,3.2976840159273e-05
11,3,hold,postPairDistanceDeviation,2,2.47311880133504e-05,3.28024447399463e-05
11,3,hold,meanPredictionError,2,0.0239427683739434,0.00835498896220911
11,3,hold,p90PredictionError,2,0.0346498273301518,0.00119812256667671
11,3,hold,recoveryTime,2,1.2,0
11,3,mean,eventGOLoss,2,-7.13707257769785e-05,0.000125448627306005
11,3,mean,eventGODeviation,2,7.26230815023128e-05,0.000126497549458579
11,3,mean,postGOLoss,2,-0.00069787655128522,0.00263115154485335
11,3,mean,postGODeviation,2,0.00141865216731751,0.00146587435270517
11,3,mean,eventPairDistanceIncrease,2,1.5028855501753e-08,3.98028061056044e-08
11,3,mean,eventPairDistanceDeviation,2,4.0248715379998e-08,6.80839649284115e-08
11,3,mean,postPairDistanceIncrease,2,2.50633606360122e-05,8.10074288948727e-05
11,3,mean,postPairDistanceDeviation,2,4.1330320864731e-05,4.91241868465839e-05
11,3,mean,meanPredictionError,2,0.024491374079055,0.0174036543331311
11,3,mean,p90PredictionError,2,0.0263054043105823,0.000389355687383504
11,3,mean,recoveryTime,2,1.2,0
11,3,kalman,eventGOLoss,2,-7.34523055742023e-05,0.000112339008314146
11,3,kalman,eventGODeviation,2,7.52299520715222e-05,0.000114316109368332
11,3,kalman,postGOLoss,2,-0.000541702118482931,0.00290754915856862
11,3,kalman,postGODeviation,2,0.00155966908463444,0.00113189567596752
11,3,kalman,eventPairDistanceIncrease,2,7.98398009094205e-09,4.20066569922772e-08
11,3,kalman,eventPairDistanceDeviation,2,4.20365595693584e-08,5.55102632467941e-08
11,3,kalman,postPairDistanceIncrease,2,2.03917871564328e-05,8.74029849223819e-05
11,3,kalman,postPairDistanceDeviation,2,4.45933596542765e-05,3.99679028266083e-05
11,3,kalman,meanPredictionError,2,0.0244913743032448,0.0174036673919933
11,3,kalman,p90PredictionError,2,0.0263053394233507,0.000389482866347246
11,3,kalman,recoveryTime,2,1.2,0
11,3,kalman-gm,eventGOLoss,2,-3.28868030714122e-05,5.77877520256125e-05
11,3,kalman-gm,eventGODeviation,2,0.000129520518108563,0.000246891938006931
11,3,kalman-gm,postGOLoss,2,-0.000892453565081169,0.00188609032971943
11,3,kalman-gm,postGODeviation,2,0.00105231722235989,0.00176116812047251
11,3,kalman-gm,eventPairDistanceIncrease,2,2.71188300168812e-07,5.36494006993737e-07
11,3,kalman-gm,eventPairDistanceDeviation,2,2.73721432139662e-07,5.31529068330872e-07
11,3,kalman-gm,postPairDistanceIncrease,2,3.06253467293902e-05,5.93380311851815e-05
11,3,kalman-gm,postPairDistanceDeviation,2,3.08980545084306e-05,5.88035239382622e-05
11,3,kalman-gm,meanPredictionError,2,0.0201272796136656,0.0217313619388194
11,3,kalman-gm,p90PredictionError,2,0.0179750825780953,0.00285640902173896
11,3,kalman-gm,recoveryTime,2,1.2,0
11,10.2,none,eventGOLoss,2,0.00643218892943467,0.00260419154333348
11,10.2,none,eventGODeviation,2,0.00653555734156505,0.00264660968129503
11,10.2,none,postGOLoss,2,0.0147683969634171,0.0213785118129461
11,10.2,none,postGODeviation,2,0.0169729850249433,0.0170575192123547
11,10.2,none,eventPairDistanceIncrease,2,2.13079273917796e-05,0.000139058756252972
11,10.2,none,eventPairDistanceDeviation,2,7.09731984690156e-05,4.18122504341865e-05
11,10.2,none,postPairDistanceIncrease,2,0.000320578244857871,0.00130562144524373
11,10.2,none,postPairDistanceDeviation,2,0.000666133390430474,0.000628333359921428
11,10.2,none,recoveryTime,2,1.2,0
11,10.2,hold,eventGOLoss,2,-0.000248168033679775,0.00296599094711848
11,10.2,hold,eventGODeviation,2,0.00193707056885962,0.000429316225010461
11,10.2,hold,postGOLoss,2,0.0019096346730931,0.00397227773396171
11,10.2,hold,postGODeviation,2,0.00348020808855985,0.00118775050872423
11,10.2,hold,eventPairDistanceIncrease,2,1.90887204478954e-05,4.5312797637606e-06
11,10.2,hold,eventPairDistanceDeviation,2,1.9330241957181e-05,5.00466192196037e-06
11,10.2,hold,postPairDistanceIncrease,2,0.000173147921670404,8.35990934683464e-06
11,10.2,hold,postPairDistanceDeviation,2,0.000173147921670404,8.35990934683464e-06
11,10.2,hold,meanPredictionError,2,0.0556038262578736,0.00895289196690662
11,10.2,hold,p90PredictionError,2,0.0988440646017567,0.00392769415225528
11,10.2,hold,recoveryTime,2,1.2,0
11,10.2,mean,eventGOLoss,2,0.00212853954894269,0.00379445582653741
11,10.2,mean,eventGODeviation,2,0.00275324291863728,0.0027470141199947
11,10.2,mean,postGOLoss,2,0.0159191598402408,0.0219850927566646
11,10.2,mean,postGODeviation,2,0.015943876002895,0.0219366490778625
11,10.2,mean,eventPairDistanceIncrease,2,5.06860316655535e-06,2.59762407484941e-05
11,10.2,mean,eventPairDistanceDeviation,2,1.3259049102779e-05,9.94582320884406e-06
11,10.2,mean,postPairDistanceIncrease,2,0.000111813960408009,0.000338973292893996
11,10.2,mean,postPairDistanceDeviation,2,0.000172945557598978,0.000219155362399698
11,10.2,mean,meanPredictionError,2,0.0563846880804571,0.0151983434304306
11,10.2,mean,p90PredictionError,2,0.0689938142120076,0.00254508613066591
11,10.2,mean,recoveryTime,2,1.2,0
11,10.2,kalman,eventGOLoss,2,0.0028771686918556,0.00323896970172046
11,10.2,kalman,eventGODeviation,2,0.00336960084390423,0.0024271417975847
11,10.2,kalman,postGOLoss,2,0.0207744939891592,0.0236205003060162
11,10.2,kalman,postGODeviation,2,0.0207744939891592,0.0236205003060162
11,10.2,kalman,eventPairDistanceIncrease,2,2.3658242496641e-06,2.56242179832493e-05
11,10.2,kalman,eventPairDistanceDeviation,2,1.30796407777327e-05,4.64873954765595e-06
11,10.2,kalman,postPairDistanceIncrease,2,-7.945852105433e-06,0.000414691187192512
11,10.2,kalman,postPairDistanceDeviation,2,0.00021157713632271,1.55738701266487e-05
11,10.2,kalman,meanPredictionError,2,0.0563815536142794,0.0152044982981228
11,10.2,kalman,p90PredictionError,2,0.0689023912305484,0.00246065859173656
11,10.2,kalman,recoveryTime,2,1.2,0
11,10.2,kalman-gm,eventGOLoss,2,0.00013629793874095,0.00544529747399777
11,10.2,kalman-gm,eventGODeviation,2,0.00294691940460591,0.000486483146181449
11,10.2,kalman-gm,postGOLoss,2,0.00856707361301689,0.0330363102476973
11,10.2,kalman-gm,postGODeviation,2,0.0168596285124882,0.0167829026447335
11,10.2,kalman-gm,eventPairDistanceIncrease,2,1.57207719192402e-05,1.92556326979347e-05
11,10.2,kalman-gm,eventPairDistanceDeviation,2,1.58340919630823e-05,1.90335254120043e-05
11,10.2,kalman-gm,postPairDistanceIncrease,2,0.000222681080053336,0.000396543766917503
11,10.2,kalman-gm,postPairDistanceDeviation,2,0.000222683181262279,0.000396539648547975
11,10.2,kalman-gm,meanPredictionError,2,0.0455440347320368,0.0302699600245185
11,10.2,kalman-gm,p90PredictionError,2,0.0538622353336202,0.0100380780656887
11,10.2,kalman-gm,recoveryTime,2,1.2,0
