case,meanInputMass,maxFieldPeak,meanZ1,meanZ2,meanMaxGap,meanAngularEntropy,meanBumpConcentration,initialDecodedDirection,finalDecodedDirection,meanActiveCount,meanTotalWeight
strength-scale-0.5,0.501325654926198,0.20013441194697,0.4,0.2,3.1415926535898,1.08889997534522,0.54215860309454,1.5707963267949,1.5707963267949,3,0.5
strength-scale-1.0,1.0026513098524,0.400268823893941,0.4,0.2,3.1415926535898,1.08889997534522,0.485913189204461,1.5707963267949,1.5707963267949,3,1
strength-scale-2.0,2.00530261970479,0.800537647787882,0.4,0.2,3.1415926535898,1.08889997534522,0.432477962208862,1.5707963267949,1.5707963267949,3,2
structure-concentrated,1.0026513098524,1,1,1,6.28318530717959,1.38629436111989,0.640648343022161,6.28318530717959,0.0314159265358978,4,1
structure-bimodal,1.0026513098524,0.499315503110807,0.5,0.5,4.18879020478639,1.38629436111989,0.568200073451863,6.28318530717959,6.28318530717959,4,1
structure-dispersed,1.0026513098524,0.161484183128791,7.47341745035227e-17,7.71499959171793e-17,0.785398163397449,2.07944154167983,2.01982239037955e-17,2.59084786498465,2.59084786498465,8,1
label-split-equivalent,1.0026513098524,0.70013441194697,0.761577310586391,0.4,4.71238898038469,1.30401148261484,0.610586141034641,0.836509070916085,0.848230016469244,4,1
fresh-bearing,1.0026513098524,0.999999846768592,1,1,6.28318530717959,-0,0.616988704093868,0.150000002563745,2.29336263712055,1,1
hold-last-bearing,1.0026513098524,0.999888503174207,1,1,6.28318530717959,-0,0.639947653269754,1.12499999778259,1.09955742875643,1,1
