seed,policy,strengthMode,k,blockSize,nBlocks,meanGO,meanLO,meanPairDistance,passBlocks,passFraction,durationWeightedPass
51,all,original,19,100,1,0.163084112305651,0.470524490942407,0.317607005579973,0,1,0
51,all,original,19,100,1,0.23693799272213,0.484830087467707,0.31766517130877,0,1,0
51,all,original,19,100,1,0.275100010454985,0.540340849642064,0.308568358177509,0,1,0
51,all,original,19,100,1,0.347688733061454,0.593506709067654,0.289934988623823,0,1,0
51,all,original,19,100,1,0.368649279067031,0.515647776448778,0.263771115423867,0,1,0
51,all,original,19,100,1,0.298439961373385,0.415739746858711,0.236601803492625,0,1,0
51,all,original,19,100,1,0.1708130900713,0.460832189829794,0.219856898251103,0,1,0
51,all,original,19,100,1,0.19705294021191,0.508432535308967,0.211985899176764,0,1,0
51,all,original,19,100,1,0.270074002413681,0.498339695881718,0.202389979042519,0,1,0
51,all,original,19,100,1,0.345503951846718,0.493442210613966,0.188165508968632,0,1,0
51,all,original,19,100,1,0.328639367612784,0.517836404060794,0.171437081998265,0,1,0
51,all,original,19,100,1,0.313453817504783,0.460836592086445,0.161521312941071,0,1,0
51,all,original,19,100,1,0.266462172753793,0.334493474670551,0.159857127761601,0,1,0
51,all,original,19,100,1,0.171128253764673,0.409484908775631,0.164088138459331,0,1,0
51,all,original,19,100,1,0.133645357706793,0.437745176163282,0.169073432282847,0,1,0
51,all,original,19,100,1,0.223943718187993,0.45137232096433,0.165186893323657,0,1,0
51,all,original,19,100,1,0.377830556072736,0.449468625693739,0.158792289197288,0,1,0
51,all,original,19,100,1,0.600887419208276,0.636150666817676,0.158096784680776,1,1,1
51,all,original,19,100,1,0.718558753272015,0.71025653312496,0.158014548599744,1,1,1
51,all,original,19,100,1,0.824791498551057,0.834071573692434,0.162750662519691,1,1,1
51,all,original,19,300,1,0.225040705160922,0.498565142684059,0.314613511688751,0,1,0
51,all,original,19,300,1,0.338259324500623,0.508298077458381,0.263435969180105,0,1,0
51,all,original,19,300,1,0.21264667756563,0.489201473673493,0.211410925490129,0,1,0
51,all,original,19,300,1,0.329199045654761,0.490705068920402,0.173707967969323,0,1,0
51,all,original,19,300,1,0.190411928075086,0.393907853203155,0.164339566167926,0,1,0
51,all,original,19,300,1,0.400887231156335,0.512330537825249,0.16069198906724,0,1,0
51,all,original,19,300,1,0.771675125911536,0.772164053408697,0.160382605559717,1,1,1
51,random,fixed-total,7,100,1,0.425599394430402,0.650803427984166,0.118937488107713,1,1,1
51,random,fixed-total,7,100,1,0.525373307590322,0.773931685137695,0.0964063599036572,1,1,1
51,random,fixed-total,7,100,1,0.421883315597805,0.569276664709901,0.0655495286861184,1,1,1
51,random,fixed-total,7,100,1,0.414277967747719,0.564720151230044,0.0650171735843117,1,1,1
51,random,fixed-total,7,100,1,0.349313069262255,0.463478789831814,0.0730213598179216,0,1,0
51,random,fixed-total,7,100,1,0.319235488247188,0.517607079057314,0.0725513110899884,0,1,0
51,random,fixed-total,7,100,1,0.459355387126537,0.558070027389862,0.0695591311022783,1,1,1
51,random,fixed-total,7,100,1,0.460209530021871,0.521390872646537,0.0670552471883562,0,1,0
51,random,fixed-total,7,100,1,0.418592361350715,0.471577199909149,0.0750601021096329,0,1,0
51,random,fixed-total,7,100,1,0.506033153980313,0.642282436414198,0.0946159773056936,1,1,1
51,random,fixed-total,7,100,1,0.518271990183909,0.631087117451876,0.111482368131363,1,1,1
51,random,fixed-total,7,100,1,0.495522847829218,0.621706831295098,0.126091398846818,1,1,1
51,random,fixed-total,7,100,1,0.581014718745912,0.6916990853801,0.143423331277334,1,1,1
51,random,fixed-total,7,100,1,0.689408769810363,0.719744694917591,0.14816900914197,1,1,1
51,random,fixed-total,7,100,1,0.594479829710372,0.724283439676071,0.131854438716131,1,1,1
51,random,fixed-total,7,100,1,0.554957456738767,0.655018842995624,0.116470506951753,1,1,1
51,random,fixed-total,7,100,1,0.586672375750959,0.775680369120955,0.113990267983862,1,1,1
51,random,fixed-total,7,100,1,0.647469915187824,0.760462257480529,0.10933971458481,1,1,1
51,random,fixed-total,7,100,1,0.584390778186644,0.789551922987496,0.0944521287723133,1,1,1
51,random,fixed-total,7,100,1,0.53389130547315,0.649004695572082,0.0873813495804302,1,1,1
51,random,fixed-total,7,300,1,0.457618672539509,0.664670592610587,0.0936311255658295,1,1,1
51,random,fixed-total,7,300,1,0.360942175085721,0.515268673373057,0.0701966148307406,0,1,0
51,random,fixed-total,7,300,1,0.446052426166374,0.517012699981849,0.0705581601334225,0,1,0
51,random,fixed-total,7,300,1,0.50660933066448,0.631692128387057,0.110729914761292,1,1,1
51,random,fixed-total,7,300,1,0.621634439422216,0.711909073324588,0.141148926378479,1,1,1
51,random,fixed-total,7,300,1,0.596366582559183,0.730387156532369,0.113266829840142,1,1,1
51,random,fixed-total,7,300,1,0.559141041829897,0.719278309279789,0.0909167391763718,1,1,1
51,random,fixed-total,15,100,1,0.430115032492472,0.590126927661053,0.257192710894328,0,1,0
51,random,fixed-total,15,100,1,0.514968449707658,0.68397192900914,0.275233020866301,0,1,0
51,random,fixed-total,15,100,1,0.610302021881258,0.755247603472545,0.290189675952922,0,1,0
51,random,fixed-total,15,100,1,0.631546954738639,0.771647875603127,0.296415380980875,0,1,0
51,random,fixed-total,15,100,1,0.647193525049464,0.785285976329304,0.295765942104018,0,1,0
51,random,fixed-total,15,100,1,0.655679944599313,0.76488105942171,0.29159195424416,0,1,0
51,random,fixed-total,15,100,1,0.606908196583409,0.702407701456459,0.281183898822823,0,1,0
51,random,fixed-total,15,100,1,0.539310467465234,0.706945279393757,0.263471171682568,0,1,0
51,random,fixed-total,15,100,1,0.484297630605712,0.686217028181689,0.241327949547968,1,1,1
51,random,fixed-total,15,100,1,0.498497435149205,0.669690992944902,0.2184807193753,1,1,1
51,random,fixed-total,15,100,1,0.472035900397752,0.665203788290171,0.193714556465523,1,1,1
51,random,fixed-total,15,100,1,0.397419767165273,0.634248562002661,0.167765861741836,1,1,1
51,random,fixed-total,15,100,1,0.393087607889109,0.679164379225446,0.149639856895012,1,1,1
51,random,fixed-total,15,100,1,0.411052604917325,0.654419344244529,0.139392034753181,1,1,1
51,random,fixed-total,15,100,1,0.456664195284265,0.643779618725532,0.144376832603612,1,1,1
51,random,fixed-total,15,100,1,0.466517318682325,0.653687256414409,0.16498123772602,1,1,1
51,random,fixed-total,15,100,1,0.410987294069165,0.663183476598549,0.191859585945969,1,1,1
51,random,fixed-total,15,100,1,0.401980278301718,0.66933779956008,0.221196342183019,1,1,1
51,random,fixed-total,15,100,1,0.370884320370662,0.703214023400862,0.251458040268778,0,1,0
51,random,fixed-total,15,100,1,0.358112850365695,0.843732818043878,0.278693370092508,0,1,0
51,random,fixed-total,15,300,1,0.518461834693796,0.676448820047579,0.274205135904517,0,1,0
51,random,fixed-total,15,300,1,0.644806808129139,0.773938303784713,0.294591092443018,0,1,0
51,random,fixed-total,15,300,1,0.543505431551452,0.698523336343968,0.261994340017786,0,1,0
51,random,fixed-total,15,300,1,0.455984367570743,0.656381114412578,0.19332037919422,1,1,1
51,random,fixed-total,15,300,1,0.420268136030233,0.659121114065168,0.144469574750602,1,1,1
51,random,fixed-total,15,300,1,0.426494963684403,0.66206951085768,0.192679055285003,1,1,1
51,random,fixed-total,15,300,1,0.364498585368178,0.77347342072237,0.265075705180643,0,1,0
51,balanced,fixed-total,15,100,1,0.42352932387246,0.613555612090837,0.200695842281972,1,1,1
51,balanced,fixed-total,15,100,1,0.456888220752393,0.499658889512869,0.192933090414184,0,1,0
51,balanced,fixed-total,15,100,1,0.546731665976191,0.51171764391644,0.194728703357331,0,1,0
51,balanced,fixed-total,15,100,1,0.580766759443381,0.625456789483725,0.208089143079104,1,1,1
51,balanced,fixed-total,15,100,1,0.58193104271826,0.699336506354937,0.227112141356714,1,1,1
51,balanced,fixed-total,15,100,1,0.580265706923699,0.792141815539325,0.247629015664136,0,1,0
51,balanced,fixed-total,15,100,1,0.629409871255649,0.829876140853868,0.265013853561133,0,1,0
51,balanced,fixed-total,15,100,1,0.614231427289307,0.788723455594657,0.272963856573467,0,1,0
51,balanced,fixed-total,15,100,1,0.571724542502635,0.72963269502769,0.267462705902385,0,1,0
51,balanced,fixed-total,15,100,1,0.514704204635125,0.703208255447761,0.251243265037252,0,1,0
51,balanced,fixed-total,15,100,1,0.483534328735247,0.69130780710005,0.231790308211677,1,1,1
51,balanced,fixed-total,15,100,1,0.430903157167836,0.65787986269314,0.212132945477047,1,1,1
51,balanced,fixed-total,15,100,1,0.354358810558572,0.653414901798593,0.188827511755026,1,1,1
51,balanced,fixed-total,15,100,1,0.232710876105925,0.592050516032047,0.16246897010527,0,1,0
51,balanced,fixed-total,15,100,1,0.109625650370649,0.51509233215571,0.146882262459341,0,1,0
51,balanced,fixed-total,15,100,1,0.155825271166104,0.500946805082402,0.148232818845361,0,1,0
51,balanced,fixed-total,15,100,1,0.281531349944579,0.444370747995455,0.159577756274919,0,1,0
51,balanced,fixed-total,15,100,1,0.34124130678667,0.517700953937422,0.169107239568319,0,1,0
51,balanced,fixed-total,15,100,1,0.438916009880997,0.538883580394322,0.174937656204321,1,1,1
51,balanced,fixed-total,15,100,1,0.5243598992782,0.614302675585703,0.175392704597847,1,1,1
51,balanced,fixed-total,15,300,1,0.475716403533682,0.541644048506715,0.196119212017829,1,1,1
51,balanced,fixed-total,15,300,1,0.58098783636178,0.705645037125996,0.227610100033318,1,1,1
51,balanced,fixed-total,15,300,1,0.605121947015863,0.782744097158738,0.268480138678995,0,1,0
51,balanced,fixed-total,15,300,1,0.476380563512736,0.684131975080317,0.231722172908658,1,1,1
51,balanced,fixed-total,15,300,1,0.232231779011715,0.586852583328783,0.166059581439879,0,1,0
51,balanced,fixed-total,15,300,1,0.259532642632451,0.48767283567176,0.158972604896199,0,1,0
51,balanced,fixed-total,15,300,1,0.481637954579599,0.576593127990012,0.175165180401084,1,1,1
52,all,original,19,100,1,0.482298213113224,0.745428074252584,0.0709046662902334,1,1,1
52,all,original,19,100,1,0.441939616960725,0.661074313049873,0.0633168877218797,1,1,1
52,all,original,19,100,1,0.457719473607667,0.854107884271847,0.0889246272349844,1,1,1
52,all,original,19,100,1,0.48708637128227,0.758486825172435,0.118089093189472,1,1,1
52,all,original,19,100,1,0.466862915769709,0.81640625609096,0.150159205463523,1,1,1
52,all,original,19,100,1,0.495054989653541,0.81015355569312,0.186703667879483,1,1,1
52,all,original,19,100,1,0.579975939668243,0.745137130996774,0.218220744183863,1,1,1
52,all,original,19,100,1,0.620466701247434,0.739811631892812,0.239748978463973,1,1,1
52,all,original,19,100,1,0.659955875815877,0.769143001889412,0.253485393707057,0,1,0
52,all,original,19,100,1,0.651620911610573,0.78870045516516,0.264052533798336,0,1,0
52,all,original,19,100,1,0.648446936713199,0.827640214652001,0.271736036599345,0,1,0
52,all,original,19,100,1,0.637458609897091,0.846852814453439,0.27334293148959,0,1,0
52,all,original,19,100,1,0.58252812294457,0.849917366046804,0.267009228671664,0,1,0
52,all,original,19,100,1,0.523581382662253,0.804133969142436,0.250375760977362,0,1,0
52,all,original,19,100,1,0.437036309574043,0.764590022229182,0.225523081028995,1,1,1
52,all,original,19,100,1,0.408281220493944,0.772672790977252,0.190235894000952,1,1,1
52,all,original,19,100,1,0.363771866285622,0.822721568011769,0.153026944380961,1,1,1
52,all,original,19,100,1,0.398676250886654,0.729632071605845,0.118119316252121,1,1,1
52,all,original,19,100,1,0.32311958044791,0.577808783805744,0.0890520765405024,0,1,0
52,all,original,19,100,1,0.199139380704976,0.617046591585289,0.0873796867508673,0,1,0
52,all,original,19,300,1,0.460652434560539,0.753536757191435,0.0743820604156992,1,1,1
52,all,original,19,300,1,0.483001425568507,0.795015545652171,0.151650655510826,1,1,1
52,all,original,19,300,1,0.620132838910518,0.751363921592999,0.237151705451631,1,1,1
52,all,original,19,300,1,0.645842152740288,0.821064494756867,0.26971050062909,0,1,0
52,all,original,19,300,1,0.514381938393622,0.806213785806141,0.24763602355934,0,1,0
52,all,original,19,300,1,0.390243112555407,0.775008810198288,0.153794051544678,1,1,1
52,all,original,19,300,1,0.261129480576443,0.597427687695516,0.0882158816456848,0,1,0
52,random,fixed-total,7,100,1,0.365221176626469,0.478825617736548,0.226475128830915,0,1,0
52,random,fixed-total,7,100,1,0.35754637867875,0.45342849915108,0.21730256757748,0,1,0
52,random,fixed-total,7,100,1,0.425179922961751,0.522426018148704,0.21802049922265,0,1,0
52,random,fixed-total,7,100,1,0.485528785366319,0.534615047499994,0.216816305061172,1,1,1
52,random,fixed-total,7,100,1,0.473461375926215,0.574041751442181,0.204489751610279,1,1,1
52,random,fixed-total,7,100,1,0.492877677979004,0.536595648877223,0.189606837736498,1,1,1
52,random,fixed-total,7,100,1,0.461682595426721,0.555389621829052,0.183105765896211,1,1,1
52,random,fixed-total,7,100,1,0.477522097952311,0.633221430485216,0.179385702031498,1,1,1
52,random,fixed-total,7,100,1,0.541817054155441,0.714614254442323,0.171834915026343,1,1,1
52,random,fixed-total,7,100,1,0.456872895375146,0.627925321687143,0.154792306279533,1,1,1
52,random,fixed-total,7,100,1,0.407607772442296,0.584368659886456,0.138682086375437,1,1,1
52,random,fixed-total,7,100,1,0.342182004494157,0.648077510570733,0.122027205237068,1,1,1
52,random,fixed-total,7,100,1,0.284883919810624,0.550596473306174,0.108348810031045,0,1,0
52,random,fixed-total,7,100,1,0.367968437278904,0.756803817887817,0.120617666665855,1,1,1
52,random,fixed-total,7,100,1,0.471956081344758,0.824656896512832,0.143934271886409,1,1,1
52,random,fixed-total,7,100,1,0.550137133009936,0.716545083307891,0.161315439134497,1,1,1
52,random,fixed-total,7,100,1,0.556777456571376,0.657333469451246,0.16791474242431,1,1,1
52,random,fixed-total,7,100,1,0.549358849426709,0.645042656673026,0.171035335995673,1,1,1
52,random,fixed-total,7,100,1,0.526254889487901,0.601609627611694,0.172735684048284,1,1,1
52,random,fixed-total,7,100,1,0.514293438823403,0.561391800146831,0.179341658435452,1,1,1
52,random,fixed-total,7,300,1,0.382649159422323,0.484893378345444,0.220599398543682,0,1,0
52,random,fixed-total,7,300,1,0.483955946423846,0.548417482606466,0.203637631469317,1,1,1
52,random,fixed-total,7,300,1,0.493673915844825,0.63440843558553,0.178108794318017,1,1,1
52,random,fixed-total,7,300,1,0.402220890770533,0.620123830714778,0.138500532630679,1,1,1
52,random,fixed-total,7,300,1,0.374936146144762,0.710685729235607,0.12430024952777,1,1,1
52,random,fixed-total,7,300,1,0.552091146336007,0.672973736477388,0.16675517251816,1,1,1
52,random,fixed-total,7,300,1,0.520274164155652,0.581500713879262,0.176038671241868,1,1,1
52,random,fixed-total,15,100,1,0.51913714062301,0.657376205267329,0.208170774154177,1,1,1
52,random,fixed-total,15,100,1,0.452488472208038,0.622485628332626,0.19097177627877,1,1,1
52,random,fixed-total,15,100,1,0.401828938209723,0.490126443986455,0.179896092501732,0,1,0
52,random,fixed-total,15,100,1,0.52368450647074,0.636358267270722,0.180067203520226,1,1,1
52,random,fixed-total,15,100,1,0.674250914468589,0.686206209359246,0.176228681998558,1,1,1
52,random,fixed-total,15,100,1,0.709023350473707,0.725374503977185,0.168524443342653,1,1,1
52,random,fixed-total,15,100,1,0.733920464587747,0.720355703451158,0.159454076356697,1,1,1
52,random,fixed-total,15,100,1,0.784399539764232,0.791893339080959,0.155697997995279,1,1,1
52,random,fixed-total,15,100,1,0.817858266514352,0.819282064191282,0.155424589683355,1,1,1
52,random,fixed-total,15,100,1,0.748361811154205,0.733443041244833,0.151139495963949,1,1,1
52,random,fixed-total,15,100,1,0.817391300819261,0.82179614859481,0.151359849871889,1,1,1
52,random,fixed-total,15,100,1,0.883580309691671,0.871683429117594,0.153436889761569,1,1,1
52,random,fixed-total,15,100,1,0.937299916985294,0.934521844902683,0.155469813043743,1,1,1
52,random,fixed-total,15,100,1,0.898560469526734,0.903051958108227,0.152465341980318,1,1,1
52,random,fixed-total,15,100,1,0.887017135712295,0.883227327899767,0.151471725394663,1,1,1
52,random,fixed-total,15,100,1,0.862147021117411,0.877093567484512,0.154669417107344,1,1,1
52,random,fixed-total,15,100,1,0.867906819036495,0.894782963999586,0.161003101333328,1,1,1
52,random,fixed-total,15,100,1,0.861335940457613,0.879042716557102,0.160323854988108,1,1,1
52,random,fixed-total,15,100,1,0.849847650070169,0.873538862470175,0.152531147882919,1,1,1
52,random,fixed-total,15,100,1,0.800831865435995,0.833386759435123,0.146640844927717,1,1,1
52,random,fixed-total,15,300,1,0.457818183680257,0.589996092528803,0.193012880978226,1,1,1
52,random,fixed-total,15,300,1,0.635652923804346,0.682646326869051,0.174940109620479,1,1,1
52,random,fixed-total,15,300,1,0.778726090288777,0.777177035574467,0.156858888011777,1,1,1
52,random,fixed-total,15,300,1,0.816444473888379,0.808974206319079,0.151978745199135,1,1,1
52,random,fixed-total,15,300,1,0.907625840741441,0.906933710303559,0.153135626806241,1,1,1
52,random,fixed-total,15,300,1,0.863796593537173,0.883639749347066,0.158665457809593,1,1,1
52,random,fixed-total,15,300,1,0.825339757753082,0.853462810952649,0.149585996405318,1,1,1
52,balanced,fixed-total,15,100,1,0.895509673582088,0.920901171558266,0.173624845137718,1,1,1
52,balanced,fixed-total,15,100,1,0.895376361600577,0.905645846987479,0.169113241013785,1,1,1
52,balanced,fixed-total,15,100,1,0.903116075552771,0.917994628731778,0.166353830739896,1,1,1
52,balanced,fixed-total,15,100,1,0.895305261024293,0.915098673390726,0.162737007695457,1,1,1
52,balanced,fixed-total,15,100,1,0.907376036934936,0.922850369468495,0.162639226913216,1,1,1
52,balanced,fixed-total,15,100,1,0.944725785620923,0.948833372796196,0.163535852789615,1,1,1
52,balanced,fixed-total,15,100,1,0.929024865289024,0.939379761946499,0.161844761464908,1,1,1
52,balanced,fixed-total,15,100,1,0.935954515112691,0.95210877396231,0.157216938068423,1,1,1
52,balanced,fixed-total,15,100,1,0.939527850660304,0.960090704921276,0.152749202245049,1,1,1
52,balanced,fixed-total,15,100,1,0.92625298970179,0.955939356537182,0.148448307381493,1,1,1
52,balanced,fixed-total,15,100,1,0.93080257821616,0.965912145437274,0.14385077501317,1,1,1
52,balanced,fixed-total,15,100,1,0.935327741357247,0.972125147665107,0.139564574153344,1,1,1
52,balanced,fixed-total,15,100,1,0.928638325442231,0.971879631754555,0.135700819870419,1,1,1
52,balanced,fixed-total,15,100,1,0.928535339204342,0.972439257743511,0.132262809778245,1,1,1
52,balanced,fixed-total,15,100,1,0.885870779712566,0.964280262102552,0.126131644790891,1,1,1
52,balanced,fixed-total,15,100,1,0.861872713351195,0.960664738614495,0.115522956593569,1,1,1
52,balanced,fixed-total,15,100,1,0.85641211578174,0.961460430054207,0.107147115467239,1,1,1
52,balanced,fixed-total,15,100,1,0.874072949756905,0.959695637199187,0.102185141550673,1,1,1
52,balanced,fixed-total,15,100,1,0.88027603589858,0.96442254781424,0.100333892297638,1,1,1
52,balanced,fixed-total,15,100,1,0.916073681853545,0.975681705326858,0.0975690113210574,1,1,1
52,balanced,fixed-total,15,300,1,0.898000703578479,0.914847215759175,0.169697305630466,1,1,1
52,balanced,fixed-total,15,300,1,0.915802361193384,0.928927471885138,0.162970695799429,1,1,1
52,balanced,fixed-total,15,300,1,0.93483574368734,0.950526413610028,0.157270300592794,1,1,1
52,balanced,fixed-total,15,300,1,0.930794436425066,0.964658883213188,0.143954552182669,1,1,1
52,balanced,fixed-total,15,300,1,0.914348148119713,0.969533050533539,0.131365091479852,1,1,1
52,balanced,fixed-total,15,300,1,0.864119259629947,0.960606935289297,0.108285071203827,1,1,1
52,balanced,fixed-total,15,300,1,0.898174858876062,0.970052126570549,0.0989514518093477,1,1,1
53,all,original,19,100,1,0.406868434602253,0.558900288171606,0.27876511766128,0,1,0
53,all,original,19,100,1,0.382028019627304,0.532077871016973,0.28632845699636,0,1,0
53,all,original,19,100,1,0.386831628803436,0.573409444511139,0.291517265286183,0,1,0
53,all,original,19,100,1,0.395461576308913,0.608257281894765,0.299120989973498,0,1,0
53,all,original,19,100,1,0.419121085728748,0.689556394004202,0.306833540381196,0,1,0
53,all,original,19,100,1,0.455572197226591,0.740958628216625,0.313600570466579,0,1,0
53,all,original,19,100,1,0.478729169363281,0.75562546622588,0.314891756383744,0,1,0
53,all,original,19,100,1,0.453783260734952,0.790624668125221,0.304954511750968,0,1,0
53,all,original,19,100,1,0.432104316493574,0.773265352968175,0.286238236239125,0,1,0
53,all,original,19,100,1,0.440630711607398,0.750861279204086,0.262112027123399,0,1,0
53,all,original,19,100,1,0.364281280455407,0.715644552738654,0.23215250655845,1,1,1
53,all,original,19,100,1,0.32251390516335,0.696914595382305,0.201407699732785,0,1,0
53,all,original,19,100,1,0.296670875007688,0.594227549220743,0.171593253562168,0,1,0
53,all,original,19,100,1,0.334660565829499,0.527460760376563,0.148598726963194,0,1,0
53,all,original,19,100,1,0.488574874337352,0.581892640627423,0.130576283596863,1,1,1
53,all,original,19,100,1,0.622126804257066,0.703138070497884,0.124770965956493,1,1,1
53,all,original,19,100,1,0.790366942075952,0.905068019002329,0.130847147970522,1,1,1
53,all,original,19,100,1,0.882578550449353,0.954246068049103,0.134371004016782,1,1,1
53,all,original,19,100,1,0.888128594539401,0.904483922399353,0.13198193269183,1,1,1
53,all,original,19,100,1,0.870504656309197,0.87980702564497,0.129845072296922,1,1,1
53,all,original,19,300,1,0.391909361010998,0.554795867899906,0.285536946647941,0,1,0
53,all,original,19,300,1,0.423384953088084,0.679590768038531,0.306518366940425,0,1,0
53,all,original,19,300,1,0.454872248863936,0.773171829106425,0.302028168124613,0,1,0
53,all,original,19,300,1,0.375808632408718,0.721140142441682,0.231890744471545,1,1,1
53,all,original,19,300,1,0.37330210505818,0.567860316741576,0.150256088040742,1,1,1
53,all,original,19,300,1,0.765024098927457,0.854150719183105,0.129996372647932,1,1,1
53,all,original,19,300,1,0.879316625424299,0.892145474022161,0.130913502494376,1,1,1
53,random,fixed-total,7,100,1,0.841794574014466,0.875307440329894,0.233238509025003,1,1,1
53,random,fixed-total,7,100,1,0.845461474356208,0.87296717247204,0.237289867489413,1,1,1
53,random,fixed-total,7,100,1,0.847130972007197,0.842671607989811,0.242028045398448,1,1,1
53,random,fixed-total,7,100,1,0.799472231019253,0.819591831611515,0.241511430007528,1,1,1
53,random,fixed-total,7,100,1,0.768706113427881,0.865190204994275,0.234771433936879,1,1,1
53,random,fixed-total,7,100,1,0.774385864038395,0.853233567383568,0.225752702473653,1,1,1
53,random,fixed-total,7,100,1,0.799156763463627,0.846585292012327,0.223684614410245,1,1,1
53,random,fixed-total,7,100,1,0.833904204007048,0.879509076001251,0.228840580232073,1,1,1
53,random,fixed-total,7,100,1,0.885269260239423,0.890121412970935,0.233619036252655,1,1,1
53,random,fixed-total,7,100,1,0.816667444844498,0.858428304269113,0.232708437435555,1,1,1
53,random,fixed-total,7,100,1,0.754276411673034,0.842542782662376,0.234926554247194,1,1,1
53,random,fixed-total,7,100,1,0.687952072763257,0.82424100544985,0.244155023642667,0,1,0
53,random,fixed-total,7,100,1,0.631262241833544,0.810042077847403,0.256961585854427,0,1,0
53,random,fixed-total,7,100,1,0.482459852865146,0.755206715599043,0.267501006575655,0,1,0
53,random,fixed-total,7,100,1,0.32723957714718,0.680232023538777,0.268818677674419,0,1,0
53,random,fixed-total,7,100,1,0.198124879307848,0.513488159705594,0.25967194235191,0,1,0
53,random,fixed-total,7,100,1,0.132537503553012,0.52134663223894,0.243400625461937,0,1,0
53,random,fixed-total,7,100,1,0.271655191919307,0.601708541336579,0.224854163288687,0,1,0
53,random,fixed-total,7,100,1,0.444392377555494,0.687149171850586,0.204007588909949,1,1,1
53,random,fixed-total,7,100,1,0.562785261062081,0.713342100555214,0.185833010824613,1,1,1
53,random,fixed-total,7,300,1,0.844795673459291,0.863648740263915,0.237518807304288,1,1,1
53,random,fixed-total,7,300,1,0.780854736161843,0.846005201329786,0.234011855472687,1,1,1
53,random,fixed-total,7,300,1,0.8394434092367,0.872071926994838,0.228714743631658,1,1,1
53,random,fixed-total,7,300,1,0.752965309760263,0.841737364127113,0.237263338441806,1,1,1
53,random,fixed-total,7,300,1,0.480320557281957,0.748493605661741,0.264427090034834,0,1,0
53,random,fixed-total,7,300,1,0.200772524926722,0.545514444427037,0.242642243700845,0,1,0
53,random,fixed-total,7,300,1,0.503588819308787,0.7002456362029,0.194920299867281,1,1,1
53,random,fixed-total,15,100,1,0.685046109089415,0.728092327672958,0.250689042329207,0,1,0
53,random,fixed-total,15,100,1,0.687930148395502,0.71351476653927,0.240827947828378,1,1,1
53,random,fixed-total,15,100,1,0.677993077390341,0.717946967105973,0.226568166655257,1,1,1
53,random,fixed-total,15,100,1,0.663341395125226,0.752806507199639,0.211205925165321,1,1,1
53,random,fixed-total,15,100,1,0.664658596860611,0.813203209676159,0.197224095880688,1,1,1
53,random,fixed-total,15,100,1,0.622468185009793,0.761804595490811,0.180791112188073,1,1,1
53,random,fixed-total,15,100,1,0.560779192521118,0.60697868351444,0.163993602650193,1,1,1
53,random,fixed-total,15,100,1,0.548390949620229,0.585062123532423,0.158399826513186,1,1,1
53,random,fixed-total,15,100,1,0.552375919536347,0.599463431926313,0.166227217419431,1,1,1
53,random,fixed-total,15,100,1,0.491694648166818,0.645801105873969,0.17934148149487,1,1,1
53,random,fixed-total,15,100,1,0.457748654899621,0.574843189169483,0.19048153698624,1,1,1
53,random,fixed-total,15,100,1,0.41726959158044,0.511863571096793,0.203081814471305,0,1,0
53,random,fixed-total,15,100,1,0.353399286936706,0.60121753613906,0.225102269183337,1,1,1
53,random,fixed-total,15,100,1,0.377603236378424,0.680798486550285,0.248407664294626,0,1,0
53,random,fixed-total,15,100,1,0.418569862205687,0.646505368978859,0.257602449132966,0,1,0
53,random,fixed-total,15,100,1,0.435453550985886,0.637961965835219,0.255460601732355,0,1,0
53,random,fixed-total,15,100,1,0.405536340923698,0.603004569492173,0.248336274105486,0,1,0
53,random,fixed-total,15,100,1,0.348796176686281,0.621331848549937,0.232092411843276,1,1,1
53,random,fixed-total,15,100,1,0.308946730821929,0.582984712778555,0.204945096005357,0,1,0
53,random,fixed-total,15,100,1,0.192385718102772,0.529801031624211,0.173748917744977,0,1,0
53,random,fixed-total,15,300,1,0.683656444958419,0.719851353772734,0.239361718937614,1,1,1
53,random,fixed-total,15,300,1,0.650156058998543,0.775938104122203,0.196407044411361,1,1,1
53,random,fixed-total,15,300,1,0.553848687225898,0.597168079657725,0.162873548860937,1,1,1
53,random,fixed-total,15,300,1,0.455570964882293,0.577502622046748,0.190968277650805,1,1,1
53,random,fixed-total,15,300,1,0.383190795173605,0.642840463889401,0.243704127536976,0,1,0
53,random,fixed-total,15,300,1,0.396595356198622,0.620766127959109,0.245296429227039,0,1,0
53,random,fixed-total,15,300,1,0.250666224462351,0.556392872201383,0.189347006875167,0,1,0
53,balanced,fixed-total,15,100,1,0.465503514889713,0.82769676999362,0.11622603676137,1,1,1
53,balanced,fixed-total,15,100,1,0.377406509752905,0.785653210911598,0.146955733959304,1,1,1
53,balanced,fixed-total,15,100,1,0.394309692627049,0.753942991770776,0.180935972000553,1,1,1
53,balanced,fixed-total,15,100,1,0.376213018044756,0.712438092109755,0.216997984492901,1,1,1
53,balanced,fixed-total,15,100,1,0.399458670177973,0.787550296146494,0.251467697098948,0,1,0
53,balanced,fixed-total,15,100,1,0.366208639861157,0.669140133620963,0.267725161873114,0,1,0
53,balanced,fixed-total,15,100,1,0.334680142008077,0.676397519646034,0.279041094726171,0,1,0
53,balanced,fixed-total,15,100,1,0.331605002450115,0.641735231973445,0.282478631132973,0,1,0
53,balanced,fixed-total,15,100,1,0.37124218669715,0.624414331744367,0.277199446032285,0,1,0
53,balanced,fixed-total,15,100,1,0.384655396501698,0.621886533969259,0.268681205984162,0,1,0
53,balanced,fixed-total,15,100,1,0.347789733541204,0.647600803688117,0.258551810158124,0,1,0
53,balanced,fixed-total,15,100,1,0.304652847578987,0.544334861007337,0.243807779293975,0,1,0
53,balanced,fixed-total,15,100,1,0.328995199493463,0.461475588898492,0.226279505701616,0,1,0
53,balanced,fixed-total,15,100,1,0.369887987601046,0.4765498085225,0.217545768092545,0,1,0
53,balanced,fixed-total,15,100,1,0.455922904806102,0.634118151936103,0.219532155979016,1,1,1
53,balanced,fixed-total,15,100,1,0.650661797282715,0.751464917311919,0.215992755832373,1,1,1
53,balanced,fixed-total,15,100,1,0.674826037965762,0.818280871428331,0.196597242417875,1,1,1
53,balanced,fixed-total,15,100,1,0.661313063016596,0.825347934728027,0.173619142225999,1,1,1
53,balanced,fixed-total,15,100,1,0.57305603956412,0.673633434921834,0.149604467984839,1,1,1
53,balanced,fixed-total,15,100,1,0.401191325234524,0.684994188282736,0.124073134649541,1,1,1
53,balanced,fixed-total,15,300,1,0.412406572423223,0.789097657558665,0.148039247573743,1,1,1
53,balanced,fixed-total,15,300,1,0.380626776027962,0.723042840625738,0.245396947821654,0,1,0
53,balanced,fixed-total,15,300,1,0.345842443718447,0.647515694454615,0.279573057297143,0,1,0
53,balanced,fixed-total,15,300,1,0.345699325873963,0.604607399554904,0.257013598478754,0,1,0
53,balanced,fixed-total,15,300,1,0.384935363966871,0.524047849785698,0.221119143257725,0,1,0
53,balanced,fixed-total,15,300,1,0.662266966088358,0.798364574489426,0.195403046825415,1,1,1
53,balanced,fixed-total,15,300,1,0.487123682399322,0.679313811602285,0.13683880131719,1,1,1
54,all,original,19,100,1,0.282357076404224,0.717678434963467,0.149878660162963,0,1,0
54,all,original,19,100,1,0.190928944769655,0.859950173781322,0.191762066899853,0,1,0
54,all,original,19,100,1,0.0948484638673176,0.926902355581479,0.236149106752677,0,1,0
54,all,original,19,100,1,0.0562953507846105,0.966713800504547,0.274037941921329,0,1,0
54,all,original,19,100,1,0.0704474648728616,0.933294635512095,0.30614476124804,0,1,0
54,all,original,19,100,1,0.100615064020232,0.811886423854768,0.31904169045129,0,1,0
54,all,original,19,100,1,0.0997961653592945,0.748638470075892,0.306221280772115,0,1,0
54,all,original,19,100,1,0.155374224488766,0.745428149850452,0.282880595488279,0,1,0
54,all,original,19,100,1,0.228742945230472,0.717524677562419,0.256552413265195,0,1,0
54,all,original,19,100,1,0.271272840966243,0.754759648484439,0.231430551341632,0,1,0
54,all,original,19,100,1,0.331087334713344,0.825591892714252,0.208455840042899,0,1,0
54,all,original,19,100,1,0.30900481111586,0.655578018649353,0.181320597099208,0,1,0
54,all,original,19,100,1,0.242880253799575,0.494306769294336,0.156998326644764,0,1,0
54,all,original,19,100,1,0.317609013978341,0.694102506652103,0.150306227993139,0,1,0
54,all,original,19,100,1,0.504051387768184,0.665064862708997,0.143056805597108,1,1,1
54,all,original,19,100,1,0.514651766025635,0.799271234685575,0.117781401322002,1,1,1
54,all,original,19,100,1,0.472325940378131,0.752242380861117,0.0766639162620526,1,1,1
54,all,original,19,100,1,0.469577333901642,0.660372913867256,0.0463317531395271,1,1,1
54,all,original,19,100,1,0.62137722808208,0.784321803508768,0.0497550948136958,1,1,1
54,all,original,19,100,1,0.680079877107868,0.802095807561594,0.0624427984412931,1,1,1
54,all,original,19,300,1,0.189378161680399,0.834843654775423,0.192596611271831,0,1,0
54,all,original,19,300,1,0.0757859598925681,0.90396495329047,0.299741464540219,0,1,0
54,all,original,19,300,1,0.161304445026177,0.737197099162921,0.281884763175197,0,1,0
54,all,original,19,300,1,0.303788328931815,0.745309853282681,0.207068996161246,0,1,0
54,all,original,19,300,1,0.354846885182033,0.617824712885145,0.15012045341167,1,1,1
54,all,original,19,300,1,0.485518346768469,0.737295509804649,0.0802590235745273,1,1,1
54,all,original,19,300,1,0.650728552594974,0.793208805535181,0.0560989466274945,1,1,1
54,random,fixed-total,7,100,1,0.50445941394547,0.583142852093352,0.136687574965547,1,1,1
54,random,fixed-total,7,100,1,0.54717890193847,0.621793060963517,0.149299102747307,1,1,1
54,random,fixed-total,7,100,1,0.656918599097083,0.694926505821083,0.169276418067285,1,1,1
54,random,fixed-total,7,100,1,0.773409044378724,0.826074384365074,0.187418236877719,1,1,1
54,random,fixed-total,7,100,1,0.771595641887444,0.834011590064212,0.196136367458828,1,1,1
54,random,fixed-total,7,100,1,0.677794161642061,0.720677342547959,0.19730776165703,1,1,1
54,random,fixed-total,7,100,1,0.707155665442061,0.779738969210834,0.198022136235698,1,1,1
54,random,fixed-total,7,100,1,0.83583257713921,0.889574224743317,0.198973644859736,1,1,1
54,random,fixed-total,7,100,1,0.707277595782199,0.775887809955704,0.188655893696773,1,1,1
54,random,fixed-total,7,100,1,0.629627598593867,0.664870214448642,0.177041020499062,1,1,1
54,random,fixed-total,7,100,1,0.626074646306773,0.69638759997025,0.173001090659407,1,1,1
54,random,fixed-total,7,100,1,0.608255557928076,0.602741897605441,0.166355529318017,1,1,1
54,random,fixed-total,7,100,1,0.523439136569751,0.631826290612064,0.162228004712869,1,1,1
54,random,fixed-total,7,100,1,0.504020678898907,0.668285810454873,0.166630187489969,1,1,1
54,random,fixed-total,7,100,1,0.577204815456676,0.736684871091168,0.182613327447834,1,1,1
54,random,fixed-total,7,100,1,0.629449564622853,0.778971494347901,0.200645031501433,1,1,1
54,random,fixed-total,7,100,1,0.633876950330662,0.77133580619569,0.213692434951548,1,1,1
54,random,fixed-total,7,100,1,0.580763846256011,0.669104196459312,0.218483543151226,1,1,1
54,random,fixed-total,7,100,1,0.578860911304172,0.697971852987504,0.215868948270687,1,1,1
54,random,fixed-total,7,100,1,0.649861522357271,0.724216103578336,0.202207772330915,1,1,1
54,random,fixed-total,7,300,1,0.569518971660341,0.633287472959317,0.151754365260046,1,1,1
54,random,fixed-total,7,300,1,0.740932949302743,0.793587772325748,0.193620788664526,1,1,1
54,random,fixed-total,7,300,1,0.750088612787823,0.815067001303285,0.195217224930736,1,1,1
54,random,fixed-total,7,300,1,0.621319267609572,0.654666570674778,0.172132546825496,1,1,1
54,random,fixed-total,7,300,1,0.534888210308445,0.678932324052701,0.170490506550224,1,1,1
54,random,fixed-total,7,300,1,0.614696787069842,0.739803832334301,0.210940336534736,1,1,1
54,random,fixed-total,7,300,1,0.614361216830721,0.711093978282919,0.209038360300801,1,1,1
54,random,fixed-total,15,100,1,0.563471425027453,0.87044966241854,0.269017628005114,0,1,0
54,random,fixed-total,15,100,1,0.604121900761913,0.835085652058984,0.289251026845344,0,1,0
54,random,fixed-total,15,100,1,0.625505055416962,0.806567367810077,0.30344721608104,0,1,0
54,random,fixed-total,15,100,1,0.64149295191192,0.768164121825402,0.312478960388226,0,1,0
54,random,fixed-total,15,100,1,0.680077494961397,0.814652392209785,0.313313530843911,0,1,0
54,random,fixed-total,15,100,1,0.690868532664049,0.826061910829912,0.306531874184871,0,1,0
54,random,fixed-total,15,100,1,0.693709150873542,0.913290672794904,0.297322353942118,0,1,0
54,random,fixed-total,15,100,1,0.698476579983849,0.915286366818405,0.283440248119374,0,1,0
54,random,fixed-total,15,100,1,0.654279125942254,0.867776316603432,0.262984711620199,0,1,0
54,random,fixed-total,15,100,1,0.61761839519141,0.831644706121648,0.242325018141471,1,1,1
54,random,fixed-total,15,100,1,0.624773191170916,0.836071936341899,0.221833615559288,1,1,1
54,random,fixed-total,15,100,1,0.590546895522925,0.675853206412802,0.202767378055787,1,1,1
54,random,fixed-total,15,100,1,0.587143302551551,0.613103321487911,0.192760488880328,1,1,1
54,random,fixed-total,15,100,1,0.56876146013798,0.691246805299231,0.189350746836916,1,1,1
54,random,fixed-total,15,100,1,0.596822809504948,0.720659737402898,0.191967544013797,1,1,1
54,random,fixed-total,15,100,1,0.635045647581677,0.703767078008588,0.195074419418071,1,1,1
54,random,fixed-total,15,100,1,0.659564105587983,0.720015889367327,0.197220838717274,1,1,1
54,random,fixed-total,15,100,1,0.707454127392078,0.789598679391201,0.193658900604137,1,1,1
54,random,fixed-total,15,100,1,0.662017879121143,0.755512890269558,0.180935288882446,1,1,1
54,random,fixed-total,15,100,1,0.662909644691671,0.762537239725244,0.172529351628837,1,1,1
54,random,fixed-total,15,300,1,0.597699460402109,0.837367560762533,0.287238623643833,0,1,0
54,random,fixed-total,15,300,1,0.670812993179122,0.802959474955033,0.310774788472336,0,1,0
54,random,fixed-total,15,300,1,0.682154952266548,0.898784452072247,0.281249104560564,0,1,0
54,random,fixed-total,15,300,1,0.61097949396175,0.78118994962545,0.222308670585515,1,1,1
54,random,fixed-total,15,300,1,0.584242524064826,0.675003288063347,0.191359593243681,1,1,1
54,random,fixed-total,15,300,1,0.667354626853913,0.737793882255705,0.195318052913161,1,1,1
54,random,fixed-total,15,300,1,0.662463761906407,0.759025064997401,0.176732320255641,1,1,1
54,balanced,fixed-total,15,100,1,0.209460633660106,0.558654356651472,0.135649744137853,0,1,0
54,balanced,fixed-total,15,100,1,0.114521907210801,0.50391118198097,0.113225569517438,0,1,0
54,balanced,fixed-total,15,100,1,0.116883413756419,0.522214371149262,0.0981218759440554,0,1,0
54,balanced,fixed-total,15,100,1,0.240715568407693,0.505418658341821,0.100474263122173,0,1,0
54,balanced,fixed-total,15,100,1,0.336118825965658,0.598149175545484,0.119555921061007,0,1,0
54,balanced,fixed-total,15,100,1,0.523420113856408,0.596375577474225,0.133235885099808,1,1,1
54,balanced,fixed-total,15,100,1,0.549655396330635,0.619545717606777,0.139802841444304,1,1,1
54,balanced,fixed-total,15,100,1,0.587986082520066,0.663612603710908,0.140651804567322,1,1,1
54,balanced,fixed-total,15,100,1,0.573463635017724,0.6385484849924,0.137634941361559,1,1,1
54,balanced,fixed-total,15,100,1,0.607074397618936,0.687240975396012,0.13766242207766,1,1,1
54,balanced,fixed-total,15,100,1,0.685301255051662,0.808053713277771,0.135153143895364,1,1,1
54,balanced,fixed-total,15,100,1,0.646565589663787,0.764941000681659,0.122850365122343,1,1,1
54,balanced,fixed-total,15,100,1,0.683521140420652,0.775442863436016,0.117061401073815,1,1,1
54,balanced,fixed-total,15,100,1,0.644302184307624,0.786131074561613,0.106955878041429,1,1,1
54,balanced,fixed-total,15,100,1,0.60732646051383,0.75976382785307,0.0933787076103098,1,1,1
54,balanced,fixed-total,15,100,1,0.700551194873301,0.825610272345714,0.088866696772374,1,1,1
54,balanced,fixed-total,15,100,1,0.86410326055659,0.917558650526583,0.0870933348316556,1,1,1
54,balanced,fixed-total,15,100,1,0.86209858961475,0.92752574799566,0.0786125642910486,1,1,1
54,balanced,fixed-total,15,100,1,0.852345485533735,0.91630788241103,0.0687993385445812,1,1,1
54,balanced,fixed-total,15,100,1,0.813480026479211,0.884149097726234,0.0608634152715376,1,1,1
54,balanced,fixed-total,15,300,1,0.146955318209109,0.528259969927235,0.115665729866449,0,1,0
54,balanced,fixed-total,15,300,1,0.366751502743253,0.566647803787177,0.117755356427663,1,1,1
54,balanced,fixed-total,15,300,1,0.570368371289475,0.640568935436695,0.139363195791062,1,1,1
54,balanced,fixed-total,15,300,1,0.646313747444795,0.753411896451814,0.131888643698456,1,1,1
54,balanced,fixed-total,15,300,1,0.645049928414035,0.773779255283567,0.105798662241851,1,1,1
54,balanced,fixed-total,15,300,1,0.808917681681547,0.890231556955986,0.084857531965026,1,1,1
54,balanced,fixed-total,15,300,1,0.832912756006474,0.900228490068632,0.0648313769080594,1,1,1
55,all,original,19,100,1,0.731727740950808,0.851880155295736,0.163689262440157,1,1,1
55,all,original,19,100,1,0.797900233285474,0.892334915971564,0.182971674466502,1,1,1
55,all,original,19,100,1,0.774316631744539,0.88614679348017,0.194808959678908,1,1,1
55,all,original,19,100,1,0.770468046548927,0.883915211185649,0.207908913487433,1,1,1
55,all,original,19,100,1,0.738370695496005,0.868480551999861,0.217501675099227,1,1,1
55,all,original,19,100,1,0.705502151389593,0.846783023205735,0.216124481675164,1,1,1
55,all,original,19,100,1,0.648053469716288,0.843867098385624,0.203811927593411,1,1,1
55,all,original,19,100,1,0.612914788708724,0.816420965045674,0.183421274806649,1,1,1
55,all,original,19,100,1,0.595843228350723,0.803527174943058,0.156510496205963,1,1,1
55,all,original,19,100,1,0.58723060923904,0.784526053617179,0.128423455885998,1,1,1
55,all,original,19,100,1,0.51139802108622,0.7575379585935,0.10186937179696,1,1,1
55,all,original,19,100,1,0.522094415454593,0.718263409440334,0.091509372660697,1,1,1
55,all,original,19,100,1,0.594673530364071,0.74012860890933,0.0955562889618803,1,1,1
55,all,original,19,100,1,0.655645841659212,0.81278087681193,0.0937058959431002,1,1,1
55,all,original,19,100,1,0.601471325566906,0.770766562145305,0.0782950148023937,1,1,1
55,all,original,19,100,1,0.656882685129727,0.76280081089327,0.0837562309988978,1,1,1
55,all,original,19,100,1,0.711859296754561,0.851530455892509,0.107889513963599,1,1,1
55,all,original,19,100,1,0.740234046476642,0.840919058918038,0.128913554078938,1,1,1
55,all,original,19,100,1,0.732677477494659,0.868285374395348,0.150095972862165,1,1,1
55,all,original,19,100,1,0.79321497291848,0.885102949860673,0.171230226086922,1,1,1
55,all,original,19,300,1,0.767981535326941,0.876787288249157,0.180489965528522,1,1,1
55,all,original,19,300,1,0.738113631144842,0.866392928797082,0.213845023420608,1,1,1
55,all,original,19,300,1,0.618937162258578,0.821271746124785,0.181247899535341,1,1,1
55,all,original,19,300,1,0.540241015259951,0.753442473883671,0.107267400114552,1,1,1
55,all,original,19,300,1,0.617263565863396,0.774558682622188,0.0891857332357914,1,1,1
55,all,original,19,300,1,0.702992009453644,0.818416775234606,0.106853099680478,1,1,1
55,all,original,19,300,1,0.762946225206569,0.876694162128011,0.160663099474543,1,1,1
55,random,fixed-total,7,100,1,0.624593984143502,0.799177398195194,0.196976654548958,1,1,1
55,random,fixed-total,7,100,1,0.509290709904706,0.80346012481395,0.174794471014091,1,1,1
55,random,fixed-total,7,100,1,0.426122273169123,0.735264205946743,0.144767699249439,1,1,1
55,random,fixed-total,7,100,1,0.475056481653574,0.779460986628595,0.122714835829784,1,1,1
55,random,fixed-total,7,100,1,0.518164562069796,0.725506061313048,0.0973344172849976,1,1,1
55,random,fixed-total,7,100,1,0.576009297174043,0.789563586143172,0.0742761720294607,1,1,1
55,random,fixed-total,7,100,1,0.620245560158219,0.826823170228009,0.0567213261768166,1,1,1
55,random,fixed-total,7,100,1,0.7009787139288,0.841081672851792,0.0425708855004505,1,1,1
55,random,fixed-total,7,100,1,0.758862589355822,0.845873649324599,0.0321730623727589,1,1,1
55,random,fixed-total,7,100,1,0.762856367251544,0.834659219398438,0.0247631607831593,1,1,1
55,random,fixed-total,7,100,1,0.836401032844421,0.868223312137466,0.0245667220330925,1,1,1
55,random,fixed-total,7,100,1,0.86689113909332,0.858613953886655,0.0235524906628207,1,1,1
55,random,fixed-total,7,100,1,0.850176544645532,0.853150878193632,0.0248508906183558,1,1,1
55,random,fixed-total,7,100,1,0.858291164591368,0.887970042306812,0.0265857968518343,1,1,1
55,random,fixed-total,7,100,1,0.823409492025733,0.855230123631712,0.0217265341536075,1,1,1
55,random,fixed-total,7,100,1,0.811620804312608,0.83699618379951,0.0251452756831415,1,1,1
55,random,fixed-total,7,100,1,0.786253307622319,0.83686252392074,0.0341096072511446,1,1,1
55,random,fixed-total,7,100,1,0.75649795071607,0.85067831686112,0.0382878600409329,1,1,1
55,random,fixed-total,7,100,1,0.750177561172841,0.834018481614875,0.0388550977260418,1,1,1
55,random,fixed-total,7,100,1,0.782579749666302,0.84782838816076,0.049383958103787,1,1,1
55,random,fixed-total,7,300,1,0.520002322405777,0.779300576318629,0.172179608270829,1,1,1
55,random,fixed-total,7,300,1,0.523076780299138,0.764843544694939,0.0981084750480807,1,1,1
55,random,fixed-total,7,300,1,0.69336228781428,0.8379261641348,0.0438217580166754,1,1,1
55,random,fixed-total,7,300,1,0.822049513063095,0.853832161807519,0.0242941244930242,1,1,1
55,random,fixed-total,7,300,1,0.843959067087544,0.865450348044052,0.0243877405412659,1,1,1
55,random,fixed-total,7,300,1,0.784790687550332,0.841512341527123,0.0325142476584063,1,1,1
55,random,fixed-total,7,300,1,0.766378655419571,0.840923434887817,0.0441195279149144,1,1,1
55,random,fixed-total,15,100,1,0.753669548916917,0.920535614206056,0.158815092007173,1,1,1
55,random,fixed-total,15,100,1,0.646197872831444,0.928759417705707,0.131685999736104,1,1,1
55,random,fixed-total,15,100,1,0.588674859834674,0.899809950233538,0.101009217931971,1,1,1
55,random,fixed-total,15,100,1,0.623645766215548,0.864596163163788,0.0749690100803834,1,1,1
55,random,fixed-total,15,100,1,0.633711130501353,0.862971233218504,0.0494128819097908,1,1,1
55,random,fixed-total,15,100,1,0.674604629086869,0.912599991009907,0.0288119141767772,1,1,1
55,random,fixed-total,15,100,1,0.85924503425173,0.910994660305506,0.0254864205528946,1,1,1
55,random,fixed-total,15,100,1,0.97497122015568,0.979808980067292,0.0300349894306054,1,1,1
55,random,fixed-total,15,100,1,0.989646737410949,0.991109535891546,0.0318551260365122,1,1,1
55,random,fixed-total,15,100,1,0.983964476419148,0.986872626639653,0.0317450761667759,1,1,1
55,random,fixed-total,15,100,1,0.975851295921025,0.979474958680425,0.0320548636880367,1,1,1
55,random,fixed-total,15,100,1,0.99227277693565,0.992638559943195,0.0338590520378137,1,1,1
55,random,fixed-total,15,100,1,0.989912763007761,0.991190026802088,0.0336550644628515,1,1,1
55,random,fixed-total,15,100,1,0.985378628250944,0.988680181502168,0.0334307832182756,1,1,1
55,random,fixed-total,15,100,1,0.990408783758184,0.992276890845678,0.034722450439783,1,1,1
55,random,fixed-total,15,100,1,0.98846332552678,0.991819214520446,0.0351634541550942,1,1,1
55,random,fixed-total,15,100,1,0.987294859627475,0.988870029466136,0.034665013540481,1,1,1
55,random,fixed-total,15,100,1,0.988595942399588,0.98955457829539,0.034247275396771,1,1,1
55,random,fixed-total,15,100,1,0.980768723719958,0.984624963842264,0.0329178241316667,1,1,1
55,random,fixed-total,15,100,1,0.974620468768553,0.985618295614666,0.0319125618736588,1,1,1
55,random,fixed-total,15,300,1,0.662847427194345,0.916368327381767,0.130503436558416,1,1,1
55,random,fixed-total,15,300,1,0.643987175267923,0.880055795797399,0.0510646020556505,1,1,1
55,random,fixed-total,15,300,1,0.941287663939453,0.960637725421448,0.0291255120066707,1,1,1
55,random,fixed-total,15,300,1,0.984029516425275,0.986328715087758,0.0325529972975421,1,1,1
55,random,fixed-total,15,300,1,0.98856672500563,0.990715699716645,0.0339360993736367,1,1,1
55,random,fixed-total,15,300,1,0.988118042517948,0.990081274093991,0.0346919143641154,1,1,1
55,random,fixed-total,15,300,1,0.977694596244256,0.985121629728465,0.0324151930026628,1,1,1
55,balanced,fixed-total,15,100,1,0.632316252200679,0.801944278038848,0.183971926513392,1,1,1
55,balanced,fixed-total,15,100,1,0.684663185066475,0.839058885604204,0.175320276205273,1,1,1
55,balanced,fixed-total,15,100,1,0.654282408751857,0.825270991391005,0.15221074462233,1,1,1
55,balanced,fixed-total,15,100,1,0.678425918848517,0.798854633729609,0.133888194408447,1,1,1
55,balanced,fixed-total,15,100,1,0.721935841521418,0.823806919175534,0.122162180527642,1,1,1
55,balanced,fixed-total,15,100,1,0.721124691278467,0.852964707647353,0.106813419619428,1,1,1
55,balanced,fixed-total,15,100,1,0.735394570669595,0.868821806150363,0.0943576350856168,1,1,1
55,balanced,fixed-total,15,100,1,0.745520415349741,0.88765085641408,0.0850270566011458,1,1,1
55,balanced,fixed-total,15,100,1,0.668648068967756,0.868603083033175,0.0705759944992431,1,1,1
55,balanced,fixed-total,15,100,1,0.705693865576151,0.865170158532126,0.0660212742084317,1,1,1
55,balanced,fixed-total,15,100,1,0.79326798545864,0.905652564807959,0.0629887893037507,1,1,1
55,balanced,fixed-total,15,100,1,0.836966109361432,0.929818237884279,0.0606723851814811,1,1,1
55,balanced,fixed-total,15,100,1,0.804698258232942,0.898384319418673,0.0530753367879337,1,1,1
55,balanced,fixed-total,15,100,1,0.725678832973628,0.828358515707442,0.0396798239459825,1,1,1
55,balanced,fixed-total,15,100,1,0.656962479162334,0.804436389071902,0.0332178007956874,1,1,1
55,balanced,fixed-total,15,100,1,0.681885279520547,0.806282824034374,0.0451531830243139,1,1,1
55,balanced,fixed-total,15,100,1,0.641677423059337,0.733253530774128,0.0596479491241293,1,1,1
55,balanced,fixed-total,15,100,1,0.543156660970753,0.689214012654974,0.0749648774812398,1,1,1
55,balanced,fixed-total,15,100,1,0.594851203061769,0.769721447555072,0.101499948332584,1,1,1
55,balanced,fixed-total,15,100,1,0.495323156237627,0.735792432247215,0.125996774585449,1,1,1
55,balanced,fixed-total,15,300,1,0.657087282006337,0.822091385011352,0.170500982446998,1,1,1
55,balanced,fixed-total,15,300,1,0.707162150549467,0.825208753517499,0.120954598185172,1,1,1
55,balanced,fixed-total,15,300,1,0.716521018329031,0.875025248532539,0.0833202287286686,1,1,1
55,balanced,fixed-total,15,300,1,0.778642653465408,0.900213653741455,0.0632274828978878,1,1,1
55,balanced,fixed-total,15,300,1,0.729113190122968,0.843726408066006,0.0419909871765346,1,1,1
55,balanced,fixed-total,15,300,1,0.622239787850213,0.742916789154492,0.0599220032098943,1,1,1
55,balanced,fixed-total,15,300,1,0.545087179649698,0.752756939901143,0.113748361459016,1,1,1
