policy,strengthMode,k,trials,successes,successRate,wilsonLower95,wilsonUpper95,meanGO,meanGOPasses,meanGOWilsonLower95,meanGOWilsonUpper95,meanGOPairedDifference,meanLO,meanLOPasses,meanLOWilsonLower95,meanLOWilsonUpper95,meanLOPairedDifference,meanPairDistanceNorm,meanPairDistanceNormPasses,meanPairDistanceNormWilsonLower95,meanPairDistanceNormWilsonUpper95,meanPairDistanceNormPairedDifference,strictJointSuccesses,isotonicSuccessRate
all,original,19,100,96,0.96,0.9016278276739262,0.984336949448152,0.6545135366939285,95,0.8882480347279118,0.9784566385436864,0.0,0.7863157246113387,95,0.8882480347279118,0.9784566385436864,0.0,0.1568064193512913,95,0.8882480347279118,0.9784566385436864,0.0,88,0.96
balanced,fixed-total,0,100,0,0.0,0,0.03699480747600191,0.2039686762347308,20,0.1333659225590988,0.28883096192650237,-0.45054486045919767,0.3681768293357537,2,0.005501852234968185,0.07001316294199365,-0.418138895275585,0.38249942222629324,0,0,0.03699480747600191,0.2256930028750019,0,0.0
balanced,fixed-total,1,100,0,0.0,0,0.03699480747600191,0.32657446111124006,49,0.3942183009238615,0.5865215952256586,-0.3279390755826885,0.5851700492368191,72,0.6251178763865427,0.7986044083240164,-0.20114567537451955,0.34896990266811473,0,0,0.03699480747600191,0.19216348331682342,0,0.0
balanced,fixed-total,2,100,0,0.0,0,0.03699480747600191,0.23458649946463786,17,0.10893476059773155,0.25548181233642975,-0.41992703722929065,0.4927592562324498,34,0.25461379497543,0.43722454341689065,-0.2935564683788889,0.3624194430175325,0,0,0.03699480747600191,0.20561302366624118,0,0.0
balanced,fixed-total,3,100,0,0.0,0,0.03699480747600191,0.2588211756965521,30,0.21894753866228117,0.39585038432811953,-0.39569236099737637,0.4917740129995025,29,0.21014706973984146,0.38539074940007934,-0.2945417116118362,0.36457928385648963,0,0,0.03699480747600191,0.2077728645051983,0,0.0
balanced,fixed-total,4,100,6,0.06,0.02778574526665662,0.12476968531222507,0.2517403291142408,19,0.1251465399270426,0.27779024070807856,-0.40277320757968765,0.4765445129794334,23,0.15843154746876406,0.32154564856827694,-0.3097712116319053,0.350228004984281,6,0.02778574526665662,0.12476968531222507,0.19342158563298972,2,0.06
balanced,fixed-total,5,100,14,0.14,0.08526265754464905,0.22137360383807236,0.29169262924140016,39,0.300167219319702,0.48797163832501844,-0.3628209074525284,0.49605215700104444,36,0.2727107459049014,0.45764780018837914,-0.29026356761029426,0.3223674152030163,18,0.11700131654251038,0.26667536024213084,0.165560995851725,12,0.14
balanced,fixed-total,6,100,46,0.46,0.36560643853331865,0.5573531460647615,0.36376997912395354,48,0.38464384320080547,0.5768359490982345,-0.290743557569975,0.5452931571013874,45,0.3561437510640346,0.5475557296835656,-0.24102256750995132,0.2491497311106441,50,0.40382982859014716,0.5961701714098528,0.09234331175935279,35,0.46
balanced,fixed-total,7,100,62,0.62,0.5220957382071033,0.7090255079986562,0.4233675816153016,56,0.4622792771125631,0.6532813459903167,-0.23114595507862692,0.6031330612129228,62,0.5220957382071033,0.7090255079986562,-0.1831826633984159,0.2038591391573599,71,0.6146092505999207,0.7898529302601586,0.04705271980606858,51,0.62
balanced,fixed-total,8,100,80,0.8,0.7111690380734977,0.8666340774409013,0.46498669871648957,73,0.6356769977376873,0.8073053908233518,-0.18952683797743897,0.6370337300690717,72,0.6251178763865427,0.7986044083240164,-0.14928199454226695,0.17974254759366382,86,0.7786263961619276,0.914737342455351,0.022936128242372504,67,0.8
balanced,fixed-total,9,100,87,0.87,0.7901947810519012,0.9224290614158575,0.5373558677956165,83,0.7445181876635703,0.8910652394022684,-0.11715766889831196,0.6957327988262331,87,0.7901947810519012,0.9224290614158575,-0.0905829257851057,0.15807593649352336,92,0.8500173312059693,0.9589070305141891,0.0012695171422320397,80,0.87
balanced,fixed-total,10,100,93,0.93,0.8625032899347025,0.965681175635936,0.570253144570731,88,0.8018773199709163,0.9300066263473222,-0.08426039212319758,0.7244369876706207,91,0.8377362530335634,0.9519280048361151,-0.06187873694071796,0.15468580598805096,90,0.8256326956323347,0.9447714583868639,-0.0021206133632403535,80,0.915
balanced,fixed-total,11,100,90,0.9,0.8256326956323347,0.9447714583868639,0.5463256234457002,90,0.8256326956323347,0.9447714583868639,-0.10818791324822824,0.7188292844145381,94,0.8752303146877748,0.9722142547333433,-0.06748644019680058,0.15603863750560518,94,0.8752303146877748,0.9722142547333433,-0.0007677818456861329,84,0.915
balanced,fixed-total,12,100,96,0.96,0.9016278276739262,0.984336949448152,0.6007118538445033,88,0.8018773199709163,0.9300066263473222,-0.05380168284942522,0.7512466110706143,93,0.8625032899347025,0.965681175635936,-0.035069113540724395,0.14314380730226833,99,0.9455124752390653,0.9982326134344526,-0.01366261204902299,85,0.96
balanced,fixed-total,13,100,98,0.98,0.9299868370580063,0.9944981477650318,0.6077511434460184,94,0.8752303146877748,0.9722142547333433,-0.04676239324791003,0.7601791578066085,97,0.915479219195973,0.9897456617765851,-0.026136566804730185,0.14472001223212466,99,0.9455124752390653,0.9982326134344526,-0.01208640711916665,93,0.96
balanced,fixed-total,14,100,94,0.94,0.8752303146877748,0.9722142547333433,0.5930225678416943,88,0.8018773199709163,0.9300066263473222,-0.061490968852234186,0.7515332429435501,94,0.8752303146877748,0.9722142547333433,-0.03478248166778862,0.15376221566959677,95,0.8882480347279118,0.9784566385436864,-0.003044203681694534,85,0.96
balanced,fixed-total,15,100,97,0.97,0.915479219195973,0.9897456617765851,0.6533990360499337,95,0.8882480347279118,0.9784566385436864,-0.0011145006439947961,0.7859479767889831,100,0.9630051925239981,0.9999999999999999,-0.00036774782235564184,0.14527538465398712,97,0.915479219195973,0.9897456617765851,-0.011531034697304193,92,0.965
balanced,fixed-total,16,100,96,0.96,0.9016278276739262,0.984336949448152,0.6481920956525816,95,0.8882480347279118,0.9784566385436864,-0.006321441041346922,0.7855153313637141,97,0.915479219195973,0.9897456617765851,-0.0008003932476246156,0.14714513957475972,95,0.8882480347279118,0.9784566385436864,-0.009661279776531582,92,0.965
balanced,fixed-total,17,100,97,0.97,0.915479219195973,0.9897456617765851,0.6961172693256957,96,0.9016278276739262,0.984336949448152,0.04160373263176724,0.8112429183800696,97,0.915479219195973,0.9897456617765851,0.024927193768730895,0.13418193338334902,96,0.9016278276739262,0.984336949448152,-0.0226244859679423,95,0.9666666666666667
balanced,fixed-total,18,100,97,0.97,0.915479219195973,0.9897456617765851,0.7160423419090342,95,0.8882480347279118,0.9784566385436864,0.06152880521510564,0.8277376514441859,97,0.915479219195973,0.9897456617765851,0.041421926832847164,0.13925631803430139,97,0.915479219195973,0.9897456617765851,-0.017550101316989933,93,0.9666666666666667
balanced,fixed-total,19,100,96,0.96,0.9016278276739262,0.984336949448152,0.6545135366939285,95,0.8882480347279118,0.9784566385436864,0.0,0.7863157246113387,95,0.8882480347279118,0.9784566385436864,0.0,0.1568064193512913,95,0.8882480347279118,0.9784566385436864,0.0,88,0.9666666666666667
balanced,original,0,100,0,0.0,0,0.03699480747600191,0.2039686762347308,20,0.1333659225590988,0.28883096192650237,-0.45054486045919767,0.3681768293357537,2,0.005501852234968185,0.07001316294199365,-0.418138895275585,0.38249942222629324,0,0,0.03699480747600191,0.2256930028750019,0,0.0
balanced,original,1,100,0,0.0,0,0.03699480747600191,0.20488754220881308,18,0.11700131654251038,0.26667536024213084,-0.4496259944851154,0.36737477453846545,2,0.005501852234968185,0.07001316294199365,-0.41894095007287324,0.3826440577565273,0,0,0.03699480747600191,0.225837638405236,0,0.0
balanced,original,2,100,0,0.0,0,0.03699480747600191,0.20574976614968413,20,0.1333659225590988,0.28883096192650237,-0.4487637705442444,0.37432813176142093,1,0.0017673865655472645,0.0544875247609346,-0.41198759284991776,0.3818345585870866,0,0,0.03699480747600191,0.22502813923579526,0,0.0
balanced,original,3,100,0,0.0,0,0.03699480747600191,0.2070534416967169,21,0.14165549531645788,0.2998014930196232,-0.44746009499721157,0.37390450293655264,2,0.005501852234968185,0.07001316294199365,-0.4124112216747861,0.38131972213823256,0,0,0.03699480747600191,0.22451330278694126,0,0.0
balanced,original,4,100,0,0.0,0,0.03699480747600191,0.20323873840422585,21,0.14165549531645788,0.2998014930196232,-0.45127479828970263,0.3758383927318031,1,0.0017673865655472645,0.0544875247609346,-0.4104773318795356,0.38154838832020865,0,0,0.03699480747600191,0.22474196896891732,0,0.0
balanced,original,5,100,0,0.0,0,0.03699480747600191,0.20491506865672596,20,0.1333659225590988,0.28883096192650237,-0.44959846803720255,0.374491533499013,1,0.0017673865655472645,0.0544875247609346,-0.4118241911123257,0.38146999922083347,0,0,0.03699480747600191,0.22466357986954213,0,0.0
balanced,original,6,100,0,0.0,0,0.03699480747600191,0.2115547099037833,20,0.1333659225590988,0.28883096192650237,-0.4429588267901452,0.37791826339024087,2,0.005501852234968185,0.07001316294199365,-0.4083974612210978,0.38219084218974075,0,0,0.03699480747600191,0.22538442283844942,0,0.0
balanced,original,7,100,0,0.0,0,0.03699480747600191,0.21218237878915197,15,0.09305903191162297,0.23283733332157835,-0.4423311579047765,0.38057837217754564,3,0.010254338223414816,0.08452078080402699,-0.40573735243379305,0.38003917550214117,0,0,0.03699480747600191,0.22323275615084984,0,0.0
balanced,original,8,100,0,0.0,0,0.03699480747600191,0.20418883838288235,20,0.1333659225590988,0.28883096192650237,-0.45032469831104616,0.3727183383053055,2,0.005501852234968185,0.07001316294199365,-0.41359738630603327,0.38102600648423135,0,0,0.03699480747600191,0.22421958713294005,0,0.0
balanced,original,9,100,0,0.0,0,0.03699480747600191,0.20548704584515215,19,0.1251465399270426,0.27779024070807856,-0.4490264908487763,0.3772080982001559,2,0.005501852234968185,0.07001316294199365,-0.40910762641118287,0.3817639838604671,0,0,0.03699480747600191,0.22495756450917578,0,0.0
balanced,original,10,100,0,0.0,0,0.03699480747600191,0.20865264672671313,17,0.10893476059773155,0.25548181233642975,-0.44586088996721535,0.3764694898216726,2,0.005501852234968185,0.07001316294199365,-0.40984623478966614,0.3794635665046982,0,0,0.03699480747600191,0.2226571471534069,0,0.0
balanced,original,11,100,0,0.0,0,0.03699480747600191,0.23516162503490987,15,0.09305903191162297,0.23283733332157835,-0.41935191165901864,0.3950024531066108,8,0.04109296948581091,0.14998266879403072,-0.3913132715047279,0.37701081830380584,0,0,0.03699480747600191,0.2202043989525145,0,0.0
balanced,original,12,100,5,0.05,0.02154336145631356,0.11175196527208817,0.2900062338518781,37,0.28182212569509163,0.46779652424866885,-0.36450730284205035,0.4605893839831557,22,0.15001174503655804,0.3107053471500031,-0.32572634062818306,0.3439779843157168,4,0.015663050551848016,0.09837217232607373,0.18717156496442547,4,0.05
balanced,original,13,100,34,0.34,0.25461379497543,0.43722454341689065,0.4359070949168776,62,0.5220957382071033,0.7090255079986562,-0.21860644177705085,0.5883744953024603,59,0.4920125056109662,0.6813284290433533,-0.19794122930887834,0.2821088404385347,27,0.1926946091766482,0.3643230022623127,0.12530242108724338,22,0.34
balanced,original,14,100,59,0.59,0.4920125056109662,0.6813284290433533,0.4932217407030279,74,0.6462882736813838,0.8159542187301354,-0.16129179599090063,0.6536682833743691,74,0.6462882736813838,0.8159542187301354,-0.1326474412369696,0.23649351765400448,50,0.40382982859014716,0.5961701714098528,0.07968709830271314,48,0.59
balanced,original,15,100,77,0.77,0.6784543514317231,0.841568452531236,0.5507343929732564,78,0.6892946528499969,0.849988254963442,-0.10377914372067201,0.6971806777885935,80,0.7111690380734977,0.8666340774409013,-0.08913504682274524,0.2076130944344108,72,0.6251178763865427,0.7986044083240164,0.0508066750831195,64,0.77
balanced,original,16,100,85,0.85,0.7671626666784216,0.906940968088377,0.6468726630533702,92,0.8500173312059693,0.9589070305141891,-0.007640873640558267,0.7695071637452872,93,0.8625032899347025,0.965681175635936,-0.016808560866051595,0.17909876666487354,78,0.6892946528499969,0.849988254963442,0.02229234731358223,75,0.85
balanced,original,17,100,93,0.93,0.8625032899347025,0.965681175635936,0.6513034894313938,91,0.8377362530335634,0.9519280048361151,-0.0032100472625346587,0.7901878322643524,96,0.9016278276739262,0.984336949448152,0.003872107653013643,0.15957530888826668,95,0.8882480347279118,0.9784566385436864,0.0027688895369753605,89,0.93
balanced,original,18,100,97,0.97,0.915479219195973,0.9897456617765851,0.6787590935545076,97,0.915479219195973,0.9897456617765851,0.02424555686057906,0.8038507457576645,97,0.915479219195973,0.9897456617765851,0.017535021146325724,0.14766542061714494,95,0.8882480347279118,0.9784566385436864,-0.009140998734146387,94,0.965
balanced,original,19,100,96,0.96,0.9016278276739262,0.984336949448152,0.6545135366939285,95,0.8882480347279118,0.9784566385436864,0.0,0.7863157246113387,95,0.8882480347279118,0.9784566385436864,0.0,0.1568064193512913,95,0.8882480347279118,0.9784566385436864,0.0,88,0.965
nearest,fixed-total,0,100,0,0.0,0,0.03699480747600191,0.2039686762347308,20,0.1333659225590988,0.28883096192650237,-0.45054486045919767,0.3681768293357537,2,0.005501852234968185,0.07001316294199365,-0.418138895275585,0.38249942222629324,0,0,0.03699480747600191,0.2256930028750019,0,0.0
nearest,fixed-total,1,100,0,0.0,0,0.03699480747600191,0.32657446111124006,49,0.3942183009238615,0.5865215952256586,-0.3279390755826885,0.5851700492368191,72,0.6251178763865427,0.7986044083240164,-0.20114567537451955,0.34896990266811473,0,0,0.03699480747600191,0.19216348331682342,0,0.0
nearest,fixed-total,2,100,1,0.01,0.0017673865655472645,0.0544875247609346,0.47034947447141606,71,0.6146092505999207,0.7898529302601586,-0.18416406222251241,0.7624610549157874,98,0.9299868370580063,0.9944981477650318,-0.02385466969555134,0.32211486921135785,0,0,0.03699480747600191,0.16530844986006654,0,0.01
nearest,fixed-total,3,100,14,0.14,0.08526265754464905,0.22137360383807236,0.5359004327592324,79,0.7001985069803768,0.8583445046835422,-0.11861310393469611,0.8584510299648739,100,0.9630051925239981,0.9999999999999999,0.07213530535353518,0.29464917120517525,8,0.04109296948581091,0.14998266879403072,0.13784275185388395,7,0.14
nearest,fixed-total,4,100,40,0.4,0.3093997461136028,0.4979992153815976,0.535114949564825,85,0.7671626666784216,0.906940968088377,-0.11939858712910352,0.8675455344017453,98,0.9299868370580063,0.9944981477650318,0.08122980979040662,0.2752685250602371,20,0.1333659225590988,0.28883096192650237,0.11846210570894576,18,0.4
nearest,fixed-total,5,100,53,0.53,0.4328868313724773,0.6248934801789626,0.6005946093240159,85,0.7671626666784216,0.906940968088377,-0.053918927369912655,0.8447846745019147,97,0.915479219195973,0.9897456617765851,0.058468949890575994,0.2499666094309533,43,0.3373313900052838,0.5278478830413564,0.093160190079662,37,0.53
nearest,fixed-total,6,100,67,0.67,0.5730516033971139,0.7543701620610456,0.5892666562632188,87,0.7901947810519012,0.9224290614158575,-0.06524688043070963,0.8321689484271644,96,0.9016278276739262,0.984336949448152,0.04585322381582565,0.24245992322849985,54,0.44264685393523856,0.6343935614666815,0.08565350387720855,48,0.67
nearest,fixed-total,7,100,70,0.7,0.6041496156718804,0.7810524613377188,0.5950564847483901,83,0.7445181876635703,0.8910652394022684,-0.05945705194553843,0.7719518753976689,87,0.7901947810519012,0.9224290614158575,-0.014363849213669901,0.21561190241589798,68,0.5833719774632081,0.7633098918454312,0.05880548306460666,57,0.7
nearest,fixed-total,8,100,79,0.79,0.7001985069803768,0.8583445046835422,0.578333540935421,86,0.7786263961619276,0.914737342455351,-0.07617999575850751,0.7781292391291017,92,0.8500173312059693,0.9589070305141891,-0.008186485482237014,0.20787524147500364,76,0.6676748127670786,0.8330878873454004,0.05106882212371232,65,0.79
nearest,fixed-total,9,100,87,0.87,0.7901947810519012,0.9224290614158575,0.5457205849259928,81,0.7222097592919214,0.8748534600729574,-0.10879295176793564,0.7219220097687027,83,0.7445181876635703,0.8910652394022684,-0.06439371484263604,0.19369390262960723,88,0.8018773199709163,0.9300066263473222,0.036887483278315925,67,0.87
nearest,fixed-total,10,100,91,0.91,0.8377362530335634,0.9519280048361151,0.5605658655245604,88,0.8018773199709163,0.9300066263473222,-0.09394767116936806,0.726961850307488,93,0.8625032899347025,0.965681175635936,-0.059353874303850765,0.19370731408366418,86,0.7786263961619276,0.914737342455351,0.03690089473237287,72,0.9066666666666667
nearest,fixed-total,11,100,91,0.91,0.8377362530335634,0.9519280048361151,0.5492936549009771,86,0.7786263961619276,0.914737342455351,-0.10521988179295132,0.7203627685164845,93,0.8625032899347025,0.965681175635936,-0.06595295609485419,0.1907869149959847,89,0.8136853697209698,0.9374586804477487,0.0339804956446934,78,0.9066666666666667
nearest,fixed-total,12,100,90,0.9,0.8256326956323347,0.9447714583868639,0.5453549473810209,93,0.8625032899347025,0.965681175635936,-0.10915858931290769,0.7166784119523029,97,0.915479219195973,0.9897456617765851,-0.06963731265903585,0.1877374871602968,92,0.8500173312059693,0.9589070305141891,0.03093106780900549,85,0.9066666666666667
nearest,fixed-total,13,100,92,0.92,0.8500173312059693,0.9589070305141891,0.5619264340552779,88,0.8018773199709163,0.9300066263473222,-0.09258710263865061,0.7385616743717563,99,0.9455124752390653,0.9982326134344526,-0.04775405023958237,0.1845449057018088,89,0.8136853697209698,0.9374586804477487,0.02773848635051747,81,0.92
nearest,fixed-total,14,100,93,0.93,0.8625032899347025,0.965681175635936,0.5706974409251115,88,0.8018773199709163,0.9300066263473222,-0.08381609576881695,0.7455580755299226,98,0.9299868370580063,0.9944981477650318,-0.040757649081416096,0.1818248527423227,95,0.8882480347279118,0.9784566385436864,0.02501843339103141,84,0.93
nearest,fixed-total,15,100,93,0.93,0.8625032899347025,0.965681175635936,0.5998750064619135,95,0.8882480347279118,0.9784566385436864,-0.054638530232014995,0.758023686940893,99,0.9455124752390653,0.9982326134344526,-0.02829203767044572,0.18271832048134815,91,0.8377362530335634,0.9519280048361151,0.025911901130056827,88,0.93
nearest,fixed-total,16,100,98,0.98,0.9299868370580063,0.9944981477650318,0.640466197080413,95,0.8882480347279118,0.9784566385436864,-0.01404733961351557,0.786106157499484,99,0.9455124752390653,0.9982326134344526,-0.00020956711185471377,0.15976689374964057,94,0.8752303146877748,0.9722142547333433,0.0029604743983492414,90,0.98
nearest,fixed-total,17,100,99,0.99,0.9455124752390653,0.9982326134344526,0.6555543722070069,95,0.8882480347279118,0.9784566385436864,0.001040835513078398,0.794283638778038,99,0.9455124752390653,0.9982326134344526,0.007967914166699222,0.1534119837806414,98,0.9299868370580063,0.9944981477650318,-0.0033944355706499187,93,0.98
nearest,fixed-total,18,100,99,0.99,0.9455124752390653,0.9982326134344526,0.7152172152088914,100,0.9630051925239981,0.9999999999999999,0.06070367851496287,0.8321310030428245,100,0.9630051925239981,0.9999999999999999,0.04581527843148583,0.13556208220074734,98,0.9299868370580063,0.9944981477650318,-0.021244337150543965,98,0.98
nearest,fixed-total,19,100,96,0.96,0.9016278276739262,0.984336949448152,0.6545135366939285,95,0.8882480347279118,0.9784566385436864,0.0,0.7863157246113387,95,0.8882480347279118,0.9784566385436864,0.0,0.1568064193512913,95,0.8882480347279118,0.9784566385436864,0.0,88,0.98
nearest,original,0,100,0,0.0,0,0.03699480747600191,0.2039686762347308,20,0.1333659225590988,0.28883096192650237,-0.45054486045919767,0.3681768293357537,2,0.005501852234968185,0.07001316294199365,-0.418138895275585,0.38249942222629324,0,0,0.03699480747600191,0.2256930028750019,0,0.0
nearest,original,1,100,0,0.0,0,0.03699480747600191,0.20488754220881308,18,0.11700131654251038,0.26667536024213084,-0.4496259944851154,0.36737477453846545,2,0.005501852234968185,0.07001316294199365,-0.41894095007287324,0.3826440577565273,0,0,0.03699480747600191,0.225837638405236,0,0.0
nearest,original,2,100,0,0.0,0,0.03699480747600191,0.21567699921150763,15,0.09305903191162297,0.23283733332157835,-0.4388365374824209,0.38654858911298534,2,0.005501852234968185,0.07001316294199365,-0.39976713549835335,0.3804721790012691,0,0,0.03699480747600191,0.2236657596499778,0,0.0
nearest,original,3,100,0,0.0,0,0.03699480747600191,0.2424039956903593,24,0.16691211265459965,0.3323251872329213,-0.41210954100356917,0.3942790642985162,5,0.02154336145631356,0.11175196527208817,-0.39203666031282247,0.37829334204803916,0,0,0.03699480747600191,0.22148692269674783,0,0.0
nearest,original,4,100,0,0.0,0,0.03699480747600191,0.24345233028636204,27,0.1926946091766482,0.3643230022623127,-0.41106120640756644,0.3938026426792417,7,0.034318824364064096,0.13749671006529757,-0.392513081932097,0.3742003100057237,0,0,0.03699480747600191,0.21739389065443238,0,0.0
nearest,original,5,100,0,0.0,0,0.03699480747600191,0.2589892168484059,26,0.18404578126986462,0.35371172631861636,-0.39552431984552255,0.4059460591900587,7,0.034318824364064096,0.13749671006529757,-0.38036966542128,0.3695266887214383,0,0,0.03699480747600191,0.21272026937014696,0,0.0
nearest,original,6,100,0,0.0,0,0.03699480747600191,0.26389903612057497,28,0.2013955916759837,0.37488212361345724,-0.39061450057335356,0.40783826012434066,11,0.06254131955225126,0.18631463027903022,-0.37847746448699804,0.3651940171575153,0,0,0.03699480747600191,0.20838759780622398,0,0.0
nearest,original,7,100,0,0.0,0,0.03699480747600191,0.300447320512341,39,0.300167219319702,0.48797163832501844,-0.3540662161815875,0.44610737857887667,24,0.16691211265459965,0.3323251872329213,-0.34020834603246203,0.354691101002065,0,0,0.03699480747600191,0.1978846816507737,0,0.0
nearest,original,8,100,2,0.02,0.005501852234968185,0.07001316294199365,0.33864282472680585,49,0.3942183009238615,0.5865215952256586,-0.31587071196712263,0.47133235930667244,27,0.1926946091766482,0.3643230022623127,-0.31498336530466625,0.34434188515845443,0,0,0.03699480747600191,0.18753546580716313,0,0.02
nearest,original,9,100,2,0.02,0.005501852234968185,0.07001316294199365,0.39258958636617997,62,0.5220957382071033,0.7090255079986562,-0.26192395032774857,0.5209236773318515,43,0.3373313900052838,0.5278478830413564,-0.26539204727948723,0.32402279355288977,0,0,0.03699480747600191,0.16721637420159846,0,0.02
nearest,original,10,100,16,0.16,0.10095202349473717,0.24420444558894414,0.40780427100983374,62,0.5220957382071033,0.7090255079986562,-0.24670926568409476,0.546819524009066,53,0.4328868313724773,0.6248934801789626,-0.23949620060227272,0.30336736303952355,8,0.04109296948581091,0.14998266879403072,0.14656094368823225,7,0.16
nearest,original,11,100,33,0.33,0.24562983793895452,0.4269483966028862,0.47355918492382276,77,0.6784543514317231,0.841568452531236,-0.18095435177010574,0.6111136593155431,71,0.6146092505999207,0.7898529302601586,-0.17520206529579568,0.28225802399692357,19,0.1251465399270426,0.27779024070807856,0.12545160464563226,17,0.33
nearest,original,12,100,48,0.48,0.38464384320080547,0.5768359490982345,0.48603697421828124,84,0.7557955544110557,0.8990479765052628,-0.16847656247564727,0.6393943626894223,80,0.7111690380734977,0.8666340774409013,-0.14692136192191646,0.2624436904190729,35,0.2636410465347802,0.4474573957080203,0.10563727106778158,29,0.48
nearest,original,13,100,68,0.68,0.5833719774632081,0.7633098918454312,0.5462458547203727,89,0.8136853697209698,0.9374586804477487,-0.10826768197355585,0.6968185103070041,93,0.8625032899347025,0.965681175635936,-0.08949721430433455,0.2377360771796329,60,0.5020007846184025,0.6906002538863971,0.08092965782834158,57,0.68
nearest,original,14,100,78,0.78,0.6892946528499969,0.849988254963442,0.5513776060966179,88,0.8018773199709163,0.9300066263473222,-0.1031359305973106,0.6987042748612786,89,0.8136853697209698,0.9374586804477487,-0.08761144975006006,0.21683721048714408,71,0.6146092505999207,0.7898529302601586,0.06003079113585277,66,0.78
nearest,original,15,100,85,0.85,0.7671626666784216,0.906940968088377,0.582538197935411,89,0.8136853697209698,0.9374586804477487,-0.07197533875851758,0.7298979812225821,94,0.8752303146877748,0.9722142547333433,-0.056417743388756623,0.19691415443426477,79,0.7001985069803768,0.8583445046835422,0.040107735082973446,74,0.85
nearest,original,16,100,88,0.88,0.8018773199709163,0.9300066263473222,0.6183254554048667,94,0.8752303146877748,0.9722142547333433,-0.03618808128906176,0.7575014693262071,97,0.915479219195973,0.9897456617765851,-0.02881425528513159,0.18903387419904372,85,0.7671626666784216,0.906940968088377,0.03222745484775239,82,0.88
nearest,original,17,100,96,0.96,0.9016278276739262,0.984336949448152,0.6518135619723087,94,0.8752303146877748,0.9722142547333433,-0.0026999747216198662,0.7831413488963309,100,0.9630051925239981,0.9999999999999999,-0.003174375715007822,0.1679306516305493,91,0.8377362530335634,0.9519280048361151,0.011124232279257983,90,0.94
nearest,original,18,100,92,0.92,0.8500173312059693,0.9589070305141891,0.6634411157335965,91,0.8377362530335634,0.9519280048361151,0.00892757903966805,0.790376193054348,96,0.9016278276739262,0.984336949448152,0.004060468443009266,0.15785564254530468,89,0.8136853697209698,0.9374586804477487,0.001049223194013373,85,0.94
nearest,original,19,100,96,0.96,0.9016278276739262,0.984336949448152,0.6545135366939285,95,0.8882480347279118,0.9784566385436864,0.0,0.7863157246113387,95,0.8882480347279118,0.9784566385436864,0.0,0.1568064193512913,95,0.8882480347279118,0.9784566385436864,0.0,88,0.96
random,fixed-total,0,100,0,0.0,0,0.03699480747600191,0.2039686762347308,20,0.1333659225590988,0.28883096192650237,-0.45054486045919767,0.3681768293357537,2,0.005501852234968185,0.07001316294199365,-0.418138895275585,0.38249942222629324,0,0,0.03699480747600191,0.2256930028750019,0,0.0
random,fixed-total,1,100,81,0.81,0.7222097592919214,0.8748534600729574,0.40779783019904525,65,0.5525426042919797,0.7363589534652197,-0.24671570649488325,0.6011340383802662,71,0.6146092505999207,0.7898529302601586,-0.18518168623107253,0.1546846545998823,100,0.9630051925239981,0.9999999999999999,-0.0021217647514090235,62,0.81
random,fixed-total,2,100,88,0.88,0.8018773199709163,0.9300066263473222,0.489014025634887,74,0.6462882736813838,0.8159542187301354,-0.1654995110590415,0.6635883700274816,86,0.7786263961619276,0.914737342455351,-0.12272735458385706,0.14776996704015816,100,0.9630051925239981,0.9999999999999999,-0.009036452311133146,71,0.88
random,fixed-total,3,100,89,0.89,0.8136853697209698,0.9374586804477487,0.4974740057810609,80,0.7111690380734977,0.8666340774409013,-0.15703953091286763,0.6857471568043746,89,0.8136853697209698,0.9374586804477487,-0.10056856780696409,0.1529757715173442,99,0.9455124752390653,0.9982326134344526,-0.003830647833947117,78,0.89
random,fixed-total,4,100,95,0.95,0.8882480347279118,0.9784566385436864,0.5580138931710547,80,0.7111690380734977,0.8666340774409013,-0.09649964352287388,0.7314528669381699,90,0.8256326956323347,0.9447714583868639,-0.054862857673168855,0.1399533490197463,99,0.9455124752390653,0.9982326134344526,-0.01685307033154502,76,0.935
random,fixed-total,5,100,92,0.92,0.8500173312059693,0.9589070305141891,0.5425871296240539,82,0.7333246397578691,0.8829986834574896,-0.1119264070698746,0.7233623221318255,92,0.8500173312059693,0.9589070305141891,-0.06295340247951323,0.14716077400843064,99,0.9455124752390653,0.9982326134344526,-0.009645645342860687,81,0.935
random,fixed-total,6,100,94,0.94,0.8752303146877748,0.9722142547333433,0.5798234276934313,89,0.8136853697209698,0.9374586804477487,-0.0746901090004972,0.7397000030344711,95,0.8882480347279118,0.9784566385436864,-0.04661572157686754,0.14511560861295633,99,0.9455124752390653,0.9982326134344526,-0.01169081073833499,89,0.94
random,fixed-total,7,100,96,0.96,0.9016278276739262,0.984336949448152,0.5852105948763928,90,0.8256326956323347,0.9447714583868639,-0.06930294181753571,0.7526137714797043,96,0.9016278276739262,0.984336949448152,-0.033701953131634356,0.14510255986173204,98,0.9299868370580063,0.9944981477650318,-0.011703859489559277,89,0.96
random,fixed-total,8,100,98,0.98,0.9299868370580063,0.9944981477650318,0.6281254396941165,92,0.8500173312059693,0.9589070305141891,-0.026388096999811966,0.7764697031574058,99,0.9455124752390653,0.9982326134344526,-0.009846021453932916,0.13894651243156086,100,0.9630051925239981,0.9999999999999999,-0.01785990691973044,92,0.9733333333333333
random,fixed-total,9,100,98,0.98,0.9299868370580063,0.9944981477650318,0.5912994613093872,91,0.8377362530335634,0.9519280048361151,-0.06321407538454135,0.7597921529009383,100,0.9630051925239981,0.9999999999999999,-0.026523571710400436,0.1513159261992763,99,0.9455124752390653,0.9982326134344526,-0.005490493152014993,91,0.9733333333333333
random,fixed-total,10,100,98,0.98,0.9299868370580063,0.9944981477650318,0.6435859744328845,91,0.8377362530335634,0.9519280048361151,-0.01092756226104404,0.7997373179842021,99,0.9455124752390653,0.9982326134344526,0.01342159337286344,0.13540395531477806,100,0.9630051925239981,0.9999999999999999,-0.021402464036513247,91,0.9733333333333333
random,fixed-total,11,100,98,0.98,0.9299868370580063,0.9944981477650318,0.6557048449268454,95,0.8882480347279118,0.9784566385436864,0.0011913082329169612,0.7963837925187803,99,0.9455124752390653,0.9982326134344526,0.010068067907441573,0.13297522583483315,98,0.9299868370580063,0.9944981477650318,-0.023831193516458172,93,0.9733333333333333
random,fixed-total,12,100,98,0.98,0.9299868370580063,0.9944981477650318,0.6549563693669758,96,0.9016278276739262,0.984336949448152,0.0004428326730472676,0.7972103755192361,99,0.9455124752390653,0.9982326134344526,0.010894650907897417,0.1364188717021737,100,0.9630051925239981,0.9999999999999999,-0.020387547649117623,95,0.9733333333333333
random,fixed-total,13,100,98,0.98,0.9299868370580063,0.9944981477650318,0.6056264891246709,96,0.9016278276739262,0.984336949448152,-0.04888704756925765,0.7657251108333464,98,0.9299868370580063,0.9944981477650318,-0.020590613777992327,0.15188357844014438,98,0.9299868370580063,0.9944981477650318,-0.004922840911146925,93,0.9733333333333333
random,fixed-total,14,100,98,0.98,0.9299868370580063,0.9944981477650318,0.6638929965050105,96,0.9016278276739262,0.984336949448152,0.00937945981108209,0.7981631426068364,99,0.9455124752390653,0.9982326134344526,0.011847417995497685,0.1359666867600047,98,0.9299868370580063,0.9944981477650318,-0.02083973259128661,94,0.9733333333333333
random,fixed-total,15,100,97,0.97,0.915479219195973,0.9897456617765851,0.6572908197137678,97,0.915479219195973,0.9897456617765851,0.0027772830198392866,0.7871408548241937,97,0.915479219195973,0.9897456617765851,0.000825130212855032,0.14673584813756177,97,0.915479219195973,0.9897456617765851,-0.010070571213729541,92,0.9733333333333333
random,fixed-total,16,100,97,0.97,0.915479219195973,0.9897456617765851,0.6650615833303262,93,0.8625032899347025,0.965681175635936,0.01054804663639766,0.8017167053335026,99,0.9455124752390653,0.9982326134344526,0.015400980722163901,0.14579825532774662,96,0.9016278276739262,0.984336949448152,-0.011008164023544697,90,0.9733333333333333
random,fixed-total,17,100,98,0.98,0.9299868370580063,0.9944981477650318,0.6937764190904773,98,0.9299868370580063,0.9944981477650318,0.039262882396548765,0.8103876993978005,99,0.9455124752390653,0.9982326134344526,0.024071974786461857,0.14121501800084438,93,0.8625032899347025,0.965681175635936,-0.015591401350446942,90,0.9733333333333333
random,fixed-total,18,100,94,0.94,0.8752303146877748,0.9722142547333433,0.6882565504887391,95,0.8882480347279118,0.9784566385436864,0.0337430137948106,0.8152997364166034,99,0.9455124752390653,0.9982326134344526,0.028984011805264692,0.14050610404065653,94,0.8752303146877748,0.9722142547333433,-0.016300315310634802,91,0.9733333333333333
random,fixed-total,19,100,96,0.96,0.9016278276739262,0.984336949448152,0.6545135366939285,95,0.8882480347279118,0.9784566385436864,0.0,0.7863157246113387,95,0.8882480347279118,0.9784566385436864,0.0,0.1568064193512913,95,0.8882480347279118,0.9784566385436864,0.0,88,0.9733333333333333
random,original,0,100,0,0.0,0,0.03699480747600191,0.2039686762347308,20,0.1333659225590988,0.28883096192650237,-0.45054486045919767,0.3681768293357537,2,0.005501852234968185,0.07001316294199365,-0.418138895275585,0.38249942222629324,0,0,0.03699480747600191,0.2256930028750019,0,0.0
random,original,1,100,0,0.0,0,0.03699480747600191,0.2050359325382084,21,0.14165549531645788,0.2998014930196232,-0.4494776041557201,0.3729910870133864,1,0.0017673865655472645,0.0544875247609346,-0.41332463759795235,0.3821547491035101,0,0,0.03699480747600191,0.2253483297522188,0,0.0
random,original,2,100,0,0.0,0,0.03699480747600191,0.20746295389675093,21,0.14165549531645788,0.2998014930196232,-0.4470505827971776,0.37061486023744633,1,0.0017673865655472645,0.0544875247609346,-0.41570086437389236,0.3825334818511888,0,0,0.03699480747600191,0.2257270624998975,0,0.0
random,original,3,100,0,0.0,0,0.03699480747600191,0.21204401645468188,20,0.1333659225590988,0.28883096192650237,-0.4424695202392466,0.37921827974898137,2,0.005501852234968185,0.07001316294199365,-0.4070974448623573,0.3808855830645796,0,0,0.03699480747600191,0.2240791637132883,0,0.0
random,original,4,100,0,0.0,0,0.03699480747600191,0.22084962553483845,19,0.1251465399270426,0.27779024070807856,-0.43366391115909003,0.39335354647041043,5,0.02154336145631356,0.11175196527208817,-0.39296217814092826,0.377315179254094,0,0,0.03699480747600191,0.2205087599028027,0,0.0
random,original,5,100,0,0.0,0,0.03699480747600191,0.21895959964374026,18,0.11700131654251038,0.26667536024213084,-0.43555393705018824,0.39932542879216376,4,0.015663050551848016,0.09837217232607373,-0.38699029581917493,0.37627048035309385,0,0,0.03699480747600191,0.21946406100180255,0,0.0
random,original,6,100,0,0.0,0,0.03699480747600191,0.2105782203785391,18,0.11700131654251038,0.26667536024213084,-0.4439353163153894,0.3889161491249852,3,0.010254338223414816,0.08452078080402699,-0.3973995754863535,0.37587492627163416,0,0,0.03699480747600191,0.21906850692034285,0,0.0
random,original,7,100,0,0.0,0,0.03699480747600191,0.23749231577104546,25,0.1754509400372426,0.3430464637007583,-0.417021220922883,0.4020197078562336,5,0.02154336145631356,0.11175196527208817,-0.38429601675510516,0.3753667356140176,0,0,0.03699480747600191,0.2185603162627263,0,0.0
random,original,8,100,0,0.0,0,0.03699480747600191,0.2605685088928987,30,0.21894753866228117,0.39585038432811953,-0.3939450278010298,0.4150952394397261,12,0.06999337365267776,0.19812268002908368,-0.3712204851716126,0.3722242941359433,0,0,0.03699480747600191,0.21541787478465202,0,0.0
random,original,9,100,2,0.02,0.005501852234968185,0.07001316294199365,0.32300577346825843,45,0.3561437510640346,0.5475557296835656,-0.3315077632256701,0.4627450239785318,23,0.15843154746876406,0.32154564856827694,-0.32357070063280696,0.34898038842581103,1,0.0017673865655472645,0.0544875247609346,0.19217396907451972,1,0.02
random,original,10,100,6,0.06,0.02778574526665662,0.12476968531222507,0.4096456433619964,64,0.542352199811621,0.7272892540950986,-0.24486789333193215,0.5277302602838869,43,0.3373313900052838,0.5278478830413564,-0.25858546432745183,0.3279221533865316,4,0.015663050551848016,0.09837217232607373,0.17111573403524027,4,0.06
random,original,11,100,34,0.34,0.25461379497543,0.43722454341689065,0.49424905619978693,78,0.6892946528499969,0.849988254963442,-0.16026448049414158,0.6152340650509653,65,0.5525426042919797,0.7363589534652197,-0.17108165956037336,0.28160986168140234,26,0.18404578126986462,0.35371172631861636,0.12480344233011104,25,0.34
random,original,12,100,62,0.62,0.5220957382071033,0.7090255079986562,0.5469228595862449,83,0.7445181876635703,0.8910652394022684,-0.10759067710768368,0.6762970963748879,83,0.7445181876635703,0.8910652394022684,-0.11001862823645081,0.24159404642679919,51,0.4134784047743415,0.6057816990761385,0.08478762707550787,46,0.62
random,original,13,100,79,0.79,0.7001985069803768,0.8583445046835422,0.5873363970106797,90,0.8256326956323347,0.9447714583868639,-0.06717713968324879,0.7219119907109178,93,0.8625032899347025,0.965681175635936,-0.06440373390042085,0.21868334314750623,67,0.5730516033971139,0.7543701620610456,0.06187692379621491,63,0.79
random,original,14,100,85,0.85,0.7671626666784216,0.906940968088377,0.6099221583270861,90,0.8256326956323347,0.9447714583868639,-0.04459137836684247,0.7364393063794825,88,0.8018773199709163,0.9300066263473222,-0.04987641823185619,0.19664987646897503,75,0.6569535362992417,0.8245490599627573,0.03984345711768372,72,0.85
random,original,15,100,93,0.93,0.8625032899347025,0.965681175635936,0.6402314195207194,93,0.8625032899347025,0.965681175635936,-0.0142821171732091,0.7697401003668047,94,0.8752303146877748,0.9722142547333433,-0.016575624244534005,0.1824490179132716,89,0.8136853697209698,0.9374586804477487,0.025642598561980288,84,0.93
random,original,16,100,94,0.94,0.8752303146877748,0.9722142547333433,0.6473491248965983,95,0.8882480347279118,0.9784566385436864,-0.007164411797330102,0.7832447816085762,96,0.9016278276739262,0.984336949448152,-0.0030709430027625246,0.16947754204319795,93,0.8625032899347025,0.965681175635936,0.012671122691906643,86,0.94
random,original,17,100,98,0.98,0.9299868370580063,0.9944981477650318,0.6759614415492224,99,0.9455124752390653,0.9982326134344526,0.021447904855293957,0.7998935573963528,99,0.9455124752390653,0.9982326134344526,0.01357783278501407,0.15667664658421024,93,0.8625032899347025,0.965681175635936,-0.000129772767081077,91,0.9633333333333333
random,original,18,100,95,0.95,0.8882480347279118,0.9784566385436864,0.6539894688526057,92,0.8500173312059693,0.9589070305141891,-0.0005240678413228745,0.7844829626400266,95,0.8882480347279118,0.9784566385436864,-0.0018327619713120924,0.15724465759641143,95,0.8882480347279118,0.9784566385436864,0.0004382382451201248,90,0.9633333333333333
random,original,19,100,96,0.96,0.9016278276739262,0.984336949448152,0.6545135366939285,95,0.8882480347279118,0.9784566385436864,0.0,0.7863157246113387,95,0.8882480347279118,0.9784566385436864,0.0,0.1568064193512913,95,0.8882480347279118,0.9784566385436864,0.0,88,0.9633333333333333
