contrast_id,metric,seed,treatment_value,reference_value,difference
strength_k2,meanGO,1,0.580358276283565,0.176206907100663,0.40415136918290195
strength_k2,meanGO,2,0.544705118395846,0.154634522770195,0.39007059562565105
strength_k2,meanGO,3,0.47363841775194,0.0738954996517835,0.3997429181001565
strength_k2,meanGO,4,0.384878058200571,0.227750043545399,0.15712801465517204
strength_k2,meanGO,5,0.43538607740596,0.0863663987977576,0.34901967860820243
strength_k2,meanGO,6,0.404924328558771,0.342726704891468,0.06219762366730297
strength_k2,meanGO,7,0.329634480977206,0.18230907859422,0.147325402382986
strength_k2,meanGO,8,0.556318416637734,0.357136497876744,0.19918191876098995
strength_k2,meanGO,9,0.361599015907026,0.325852347503295,0.035746668403730975
strength_k2,meanGO,10,0.388400161806066,0.10818949083882,0.280210670967246
strength_k2,meanGO,11,0.299745732862748,0.0641187153125815,0.23562701755016652
strength_k2,meanGO,12,0.412961556130275,0.313127388950676,0.09983416717959903
strength_k2,meanGO,13,0.342804282063244,0.302836987461336,0.039967294601907954
strength_k2,meanGO,14,0.421962416721177,0.354290504705014,0.06767191201616302
strength_k2,meanGO,15,0.990649977453636,0.13561077281534,0.855039204638296
strength_k2,meanGO,16,0.502573765941298,0.141033477842492,0.361540288098806
strength_k2,meanGO,17,0.289976249953878,0.0442638991909192,0.2457123507629588
strength_k2,meanGO,18,0.813306160781578,0.378957656843255,0.434348503938323
strength_k2,meanGO,19,0.272111269766006,0.362986860946741,-0.09087559118073496
strength_k2,meanGO,20,0.246459826377139,0.268921479812604,-0.022461653435464995
strength_k2,meanLO,1,0.720442871048187,0.399444398894435,0.32099847215375205
strength_k2,meanLO,2,0.733309410925578,0.335533897911295,0.397775513014283
strength_k2,meanLO,3,0.662546108970811,0.342481997210847,0.320064111759964
strength_k2,meanLO,4,0.526284813296587,0.308653384677367,0.21763142861922002
strength_k2,meanLO,5,0.710767779632729,0.255943516058741,0.454824263573988
strength_k2,meanLO,6,0.485633426025987,0.406955728196851,0.07867769782913603
strength_k2,meanLO,7,0.522050585946027,0.381014752153926,0.14103583379210105
strength_k2,meanLO,8,0.699904824880582,0.410205026551462,0.28969979832912
strength_k2,meanLO,9,0.539555005136855,0.371581576743536,0.16797342839331897
strength_k2,meanLO,10,0.630592790955776,0.276338577944349,0.354254213011427
strength_k2,meanLO,11,0.552773695150984,0.322720067873353,0.23005362727763096
strength_k2,meanLO,12,0.552891294581862,0.408100618633567,0.14479067594829503
strength_k2,meanLO,13,0.558361916471112,0.423472000080625,0.13488991639048697
strength_k2,meanLO,14,0.56193007754219,0.457588666235889,0.10434141130630104
strength_k2,meanLO,15,0.991800918795879,0.293034433768462,0.6987664850274169
strength_k2,meanLO,16,0.714883388991848,0.243979267900836,0.470904121091012
strength_k2,meanLO,17,0.509524303118866,0.293029136053348,0.21649516706551797
strength_k2,meanLO,18,0.846030691412158,0.471039255464557,0.37499143594760104
strength_k2,meanLO,19,0.455593739242829,0.433916728744152,0.021677010498676985
strength_k2,meanLO,20,0.454659236949454,0.447401610255788,0.007257626693665975
strength_k2,meanPairDistanceNorm,1,0.229500010621638,0.373282494147369,-0.14378248352573103
strength_k2,meanPairDistanceNorm,2,0.137093950775519,0.377349849868457,-0.24025589909293799
strength_k2,meanPairDistanceNorm,3,0.168031715154093,0.382334227123994,-0.21430251196990102
strength_k2,meanPairDistanceNorm,4,0.13483937706402,0.387188864657761,-0.252349487593741
strength_k2,meanPairDistanceNorm,5,0.144761677617049,0.386012348412451,-0.24125067079540202
strength_k2,meanPairDistanceNorm,6,0.239178622690701,0.388043469536085,-0.14886484684538398
strength_k2,meanPairDistanceNorm,7,0.133126117779058,0.389712311263177,-0.25658619348411904
strength_k2,meanPairDistanceNorm,8,0.158404348669267,0.388409534697463,-0.23000518602819597
strength_k2,meanPairDistanceNorm,9,0.157080537038214,0.3903207484415,-0.233240211403286
strength_k2,meanPairDistanceNorm,10,0.171766516459145,0.39104473598548,-0.219278219526335
strength_k2,meanPairDistanceNorm,11,0.171262730629286,0.380564510448395,-0.20930177981910902
strength_k2,meanPairDistanceNorm,12,0.162221207898152,0.383690585367621,-0.22146937746946901
strength_k2,meanPairDistanceNorm,13,0.195059660183252,0.372402239120647,-0.17734257893739502
strength_k2,meanPairDistanceNorm,14,0.196213279943719,0.38206341363667,-0.185850133692951
strength_k2,meanPairDistanceNorm,15,0.106861980791579,0.38512025876869,-0.278258277977111
strength_k2,meanPairDistanceNorm,16,0.161735473323077,0.387070043190672,-0.225334569867595
strength_k2,meanPairDistanceNorm,17,0.11994773781566,0.37404003489019,-0.25409229707453
strength_k2,meanPairDistanceNorm,18,0.0295627016005614,0.38324538784435,-0.3536826862437886
strength_k2,meanPairDistanceNorm,19,0.234333684171688,0.389023951755922,-0.15469026758423401
strength_k2,meanPairDistanceNorm,20,0.218058104392666,0.362331981259931,-0.14427387686726498
strength_k4,meanGO,1,0.657076626783545,0.170988434845764,0.48608819193778097
strength_k4,meanGO,2,0.993837701208168,0.210599699906144,0.7832380013020239
strength_k4,meanGO,3,0.44617717534376,0.100080745394707,0.346096429949053
strength_k4,meanGO,4,0.466789366255111,0.170632183587513,0.29615718266759805
strength_k4,meanGO,5,0.941453973295044,0.0520428151745475,0.8894111581204965
strength_k4,meanGO,6,0.83706997241424,0.295757245364989,0.541312727049251
strength_k4,meanGO,7,0.772968248666136,0.222166947362515,0.550801301303621
strength_k4,meanGO,8,0.516996604381595,0.323358682296814,0.19363792208478098
strength_k4,meanGO,9,0.244521968494314,0.350182362907797,-0.10566039441348296
strength_k4,meanGO,10,0.35556375600292,0.0700407398242996,0.2855230161786204
strength_k4,meanGO,11,0.554065350260016,0.22636971653117,0.327695633728846
strength_k4,meanGO,12,0.301731008193831,0.391598881928473,-0.089867873734642
strength_k4,meanGO,13,0.71593934761359,0.279502580553443,0.436436767060147
strength_k4,meanGO,14,0.996188241648167,0.534639270238896,0.461548971409271
strength_k4,meanGO,15,0.821192047178252,0.22353975815729,0.597652289020962
strength_k4,meanGO,16,0.449966401883541,0.116611934349154,0.33335446753438697
strength_k4,meanGO,17,0.362337259138337,0.0585136562166524,0.3038236029216846
strength_k4,meanGO,18,0.754537898657685,0.322622638683699,0.43191525997398594
strength_k4,meanGO,19,0.689396159344152,0.453370796581958,0.236025362762194
strength_k4,meanGO,20,0.25998491777117,0.257166073348956,0.002818844422213973
strength_k4,meanLO,1,0.764626194329563,0.293283279358134,0.47134291497142905
strength_k4,meanLO,2,0.995301594084808,0.523396722455806,0.47190487162900197
strength_k4,meanLO,3,0.718080354835292,0.369670420270757,0.34840993456453495
strength_k4,meanLO,4,0.618368950265176,0.389582965668342,0.22878598459683402
strength_k4,meanLO,5,0.945568694406567,0.299800391906897,0.64576830249967
strength_k4,meanLO,6,0.86149238089744,0.374829061229297,0.48666331966814297
strength_k4,meanLO,7,0.85134940048739,0.413558615190885,0.43779078529650506
strength_k4,meanLO,8,0.799934974603532,0.470715621843215,0.329219352760317
strength_k4,meanLO,9,0.490477822280203,0.514975883858257,-0.02449806157805401
strength_k4,meanLO,10,0.604297240718156,0.291835660648246,0.31246158006991004
strength_k4,meanLO,11,0.762401130319472,0.363932522326231,0.39846860799324096
strength_k4,meanLO,12,0.550886273817651,0.515000164215389,0.03588610960226202
strength_k4,meanLO,13,0.760435485452454,0.448910814585949,0.311524670866505
strength_k4,meanLO,14,0.996793236348032,0.609136224342576,0.387657012005456
strength_k4,meanLO,15,0.88022860594052,0.373006785444435,0.507221820496085
strength_k4,meanLO,16,0.694036635408836,0.329471882748088,0.364564752660748
strength_k4,meanLO,17,0.755741183620265,0.311059059801695,0.44468212381857
strength_k4,meanLO,18,0.80922238846956,0.451809200147482,0.35741318832207797
strength_k4,meanLO,19,0.781804775078032,0.536300763597737,0.245504011480295
strength_k4,meanLO,20,0.511722948887794,0.381083367650813,0.130639581236981
strength_k4,meanPairDistanceNorm,1,0.0896266834690071,0.386789266846045,-0.2971625833770379
strength_k4,meanPairDistanceNorm,2,0.0460334295905599,0.360468628863734,-0.3144351992731741
strength_k4,meanPairDistanceNorm,3,0.171965969897548,0.381635167640095,-0.20966919774254697
strength_k4,meanPairDistanceNorm,4,0.159426518242305,0.383690242505208,-0.224263724262903
strength_k4,meanPairDistanceNorm,5,0.119448245553891,0.379568587194009,-0.260120341640118
strength_k4,meanPairDistanceNorm,6,0.0774820117484766,0.388226648796543,-0.31074463704806643
strength_k4,meanPairDistanceNorm,7,0.057694148260164,0.371407447358078,-0.313713299097914
strength_k4,meanPairDistanceNorm,8,0.147337871249623,0.380988624569803,-0.23365075332017998
strength_k4,meanPairDistanceNorm,9,0.171691210789711,0.374500114398536,-0.20280890360882498
strength_k4,meanPairDistanceNorm,10,0.141548383809246,0.388577463506307,-0.247029079697061
strength_k4,meanPairDistanceNorm,11,0.179473658828853,0.389088592460866,-0.20961493363201303
strength_k4,meanPairDistanceNorm,12,0.233125630144116,0.364017209525053,-0.130891579380937
strength_k4,meanPairDistanceNorm,13,0.0597017035131679,0.375426612855407,-0.3157249093422391
strength_k4,meanPairDistanceNorm,14,0.0339144088913826,0.380949646402763,-0.34703523751138043
strength_k4,meanPairDistanceNorm,15,0.0842106418788257,0.37253998071744,-0.2883293388386143
strength_k4,meanPairDistanceNorm,16,0.161495442560034,0.380005812861629,-0.21851037030159498
strength_k4,meanPairDistanceNorm,17,0.21840951830284,0.381374767834162,-0.16296524953132202
strength_k4,meanPairDistanceNorm,18,0.0906503774935109,0.360670371860886,-0.2700199943673751
strength_k4,meanPairDistanceNorm,19,0.156299279718545,0.346638025537581,-0.190338745819036
strength_k4,meanPairDistanceNorm,20,0.161812935760353,0.375240146433727,-0.213427210673374
strength_k8,meanGO,1,0.779631931561625,0.125968716901675,0.65366321465995
strength_k8,meanGO,2,0.475566983784897,0.204312714402156,0.271254269382741
strength_k8,meanGO,3,0.642818682458605,0.320560631654404,0.32225805080420095
strength_k8,meanGO,4,0.36584674134955,0.126851814350443,0.238994926999107
strength_k8,meanGO,5,0.847527065500032,0.102995186151804,0.744531879348228
strength_k8,meanGO,6,0.787671772865857,0.269775789663496,0.517895983202361
strength_k8,meanGO,7,0.282658245054969,0.510189085276302,-0.22753084022133302
strength_k8,meanGO,8,0.451102242784756,0.305986537310171,0.14511570547458502
strength_k8,meanGO,9,0.875587828834135,0.247247635547933,0.628340193286202
strength_k8,meanGO,10,0.780184536693076,0.193582834901351,0.586601701791725
strength_k8,meanGO,11,0.751040826843456,0.148782619379825,0.6022582074636309
strength_k8,meanGO,12,0.780089070708574,0.361568527441947,0.418520543266627
strength_k8,meanGO,13,0.390217733164409,0.263815286018889,0.12640244714552
strength_k8,meanGO,14,0.944872097806608,0.366074489207115,0.578797608599493
strength_k8,meanGO,15,0.594628263162693,0.399226314326722,0.195401948835971
strength_k8,meanGO,16,0.638534247117031,0.231435758067876,0.407098489049155
strength_k8,meanGO,17,0.729253555261375,0.241656349176064,0.48759720608531104
strength_k8,meanGO,18,0.340276669161119,0.127019200298313,0.21325746886280597
strength_k8,meanGO,19,0.744765244671722,0.375798824052095,0.368966420619627
strength_k8,meanGO,20,0.628412674512286,0.22498156734066,0.403431107171626
strength_k8,meanLO,1,0.820051713225759,0.308791275230243,0.5112604379955159
strength_k8,meanLO,2,0.693495820733199,0.359682821751998,0.33381299898120104
strength_k8,meanLO,3,0.762729462118213,0.42521252930279,0.337516932815423
strength_k8,meanLO,4,0.705724064379446,0.343952672577659,0.361771391801787
strength_k8,meanLO,5,0.936168137062585,0.269830130087464,0.666338006975121
strength_k8,meanLO,6,0.819516737497135,0.414288706702338,0.405228030794797
strength_k8,meanLO,7,0.533014394882866,0.592097721234348,-0.05908332635148206
strength_k8,meanLO,8,0.673861555114425,0.418448217340629,0.25541333777379605
strength_k8,meanLO,9,0.914906342730867,0.420542835382703,0.49436350734816403
strength_k8,meanLO,10,0.827667322594473,0.497176006398274,0.330491316196199
strength_k8,meanLO,11,0.847967443981289,0.384755319625071,0.463212124356218
strength_k8,meanLO,12,0.911477906469025,0.493037035742954,0.41844087072607106
strength_k8,meanLO,13,0.619543190092329,0.437273417586853,0.18226977250547605
strength_k8,meanLO,14,0.961819137564887,0.444843627827029,0.516975509737858
strength_k8,meanLO,15,0.784525927028803,0.452535573030745,0.331990353998058
strength_k8,meanLO,16,0.790770721336926,0.324276686932111,0.46649403440481507
strength_k8,meanLO,17,0.781368639329057,0.415970230172258,0.365398409156799
strength_k8,meanLO,18,0.57070370984553,0.356062966617616,0.214640743227914
strength_k8,meanLO,19,0.828646458790878,0.573329229211217,0.25531722957966096
strength_k8,meanLO,20,0.732493312759691,0.425065536117689,0.307427776642002
strength_k8,meanPairDistanceNorm,1,0.0360351151421978,0.389340341557785,-0.3533052264155872
strength_k8,meanPairDistanceNorm,2,0.159275371443329,0.371849335720969,-0.21257396427764
strength_k8,meanPairDistanceNorm,3,0.148004264554274,0.379689378785377,-0.231685114231103
strength_k8,meanPairDistanceNorm,4,0.187120315655096,0.373124262871211,-0.186003947216115
strength_k8,meanPairDistanceNorm,5,0.0493547954131472,0.387769599405797,-0.33841480399264984
strength_k8,meanPairDistanceNorm,6,0.229639618102976,0.383336739392664,-0.153697121289688
strength_k8,meanPairDistanceNorm,7,0.195575668806587,0.376867242338254,-0.18129157353166703
strength_k8,meanPairDistanceNorm,8,0.224995443743138,0.380295204254774,-0.15529976051163596
strength_k8,meanPairDistanceNorm,9,0.213997289737084,0.376796302634966,-0.16279901289788198
strength_k8,meanPairDistanceNorm,10,0.217648735334435,0.370550014494967,-0.152901279160532
strength_k8,meanPairDistanceNorm,11,0.141147700094245,0.371487412812138,-0.230339712717893
strength_k8,meanPairDistanceNorm,12,0.0761334700989059,0.369804819665606,-0.2936713495667001
strength_k8,meanPairDistanceNorm,13,0.18529576253513,0.382372085716202,-0.19707632318107202
strength_k8,meanPairDistanceNorm,14,0.0967670448032983,0.382172205999567,-0.28540516119626874
strength_k8,meanPairDistanceNorm,15,0.142295692267483,0.387868218764062,-0.245572526496579
strength_k8,meanPairDistanceNorm,16,0.0835176102892709,0.376708137699409,-0.29319052741013807
strength_k8,meanPairDistanceNorm,17,0.214121116690986,0.382300313767685,-0.16817919707669898
strength_k8,meanPairDistanceNorm,18,0.228777495157558,0.361467279509697,-0.132689784352139
strength_k8,meanPairDistanceNorm,19,0.100938211223467,0.322245528467687,-0.22130731724422
strength_k8,meanPairDistanceNorm,20,0.178714707686836,0.364194346791136,-0.1854796391043
strength_k12,meanGO,1,0.301236604434304,0.72040126818787,-0.419164663753566
strength_k12,meanGO,2,0.86780783043082,0.623889800816251,0.243918029614569
strength_k12,meanGO,3,0.801992384608341,0.309073303838776,0.492919080769565
strength_k12,meanGO,4,0.29367053749639,0.457834509158664,-0.16416397166227403
strength_k12,meanGO,5,0.637095074981279,0.186686068611308,0.45040900636997105
strength_k12,meanGO,6,0.438315442010727,0.651017184582934,-0.21270174257220703
strength_k12,meanGO,7,0.628316428443627,0.376998166066864,0.251318262376763
strength_k12,meanGO,8,0.621345527647607,0.339266386766915,0.28207914088069197
strength_k12,meanGO,9,0.956674336585993,0.450819820800793,0.5058545157851999
strength_k12,meanGO,10,0.396914367104422,0.603819562718926,-0.206905195614504
strength_k12,meanGO,11,0.898945435610511,0.589380059575026,0.30956537603548495
strength_k12,meanGO,12,0.783376846908281,0.835018674697328,-0.05164182778904702
strength_k12,meanGO,13,0.547825755217085,0.526889294275503,0.02093646094158197
strength_k12,meanGO,14,0.385800897595078,0.47535703332117,-0.089556135726092
strength_k12,meanGO,15,0.591906613497273,0.209893674676948,0.38201293882032505
strength_k12,meanGO,16,0.774778420707853,0.438286084641649,0.336492336066204
strength_k12,meanGO,17,0.922144042110772,0.421800377273812,0.5003436648369601
strength_k12,meanGO,18,0.510469369969498,0.766181397552316,-0.25571202758281797
strength_k12,meanGO,19,0.421545562768022,0.610645564995921,-0.18910000222789902
strength_k12,meanGO,20,0.57972901668345,0.68533080891179,-0.10560179222833999
strength_k12,meanLO,1,0.671116735849571,0.829579402645875,-0.15846266679630405
strength_k12,meanLO,2,0.928579013177834,0.711854700872561,0.216724312305273
strength_k12,meanLO,3,0.829400235086065,0.471969772718299,0.357430462367766
strength_k12,meanLO,4,0.737038219725931,0.691496855440652,0.045541364285278996
strength_k12,meanLO,5,0.750023875556852,0.333609498911985,0.416414376644867
strength_k12,meanLO,6,0.719632381359249,0.754808605903443,-0.035176224544194
strength_k12,meanLO,7,0.77769728088025,0.538932904974547,0.23876437590570299
strength_k12,meanLO,8,0.75266325892368,0.404179663250465,0.348483595673215
strength_k12,meanLO,9,0.966117329621767,0.588580972575299,0.37753635704646804
strength_k12,meanLO,10,0.752339381980151,0.736384298443197,0.015955083536954073
strength_k12,meanLO,11,0.914110086308558,0.670834565676714,0.243275520631844
strength_k12,meanLO,12,0.900877277618155,0.891028092165293,0.009849185452861953
strength_k12,meanLO,13,0.676250442111788,0.596222629510885,0.08002781260090297
strength_k12,meanLO,14,0.583737429522205,0.591712464530955,-0.007975035008750075
strength_k12,meanLO,15,0.705099172209672,0.409871057548858,0.295228114660814
strength_k12,meanLO,16,0.825072748615712,0.632815787538874,0.19225696107683798
strength_k12,meanLO,17,0.931949253622598,0.58951092132491,0.34243833229768794
strength_k12,meanLO,18,0.671837791964724,0.842051817992132,-0.17021402602740798
strength_k12,meanLO,19,0.521674500116799,0.753835082396191,-0.23216058227939207
strength_k12,meanLO,20,0.758766936305646,0.770409112369248,-0.011642176063602072
strength_k12,meanPairDistanceNorm,1,0.155991477161168,0.199016647416329,-0.04302517025516098
strength_k12,meanPairDistanceNorm,2,0.062450422524957,0.294932269359803,-0.232481846834846
strength_k12,meanPairDistanceNorm,3,0.101851938939352,0.245010999188562,-0.14315906024921
strength_k12,meanPairDistanceNorm,4,0.228279004781313,0.266792232086475,-0.03851322730516202
strength_k12,meanPairDistanceNorm,5,0.15078497007636,0.273527656364493,-0.12274268628813301
strength_k12,meanPairDistanceNorm,6,0.202345438714796,0.199689202149188,0.0026562365656079834
strength_k12,meanPairDistanceNorm,7,0.209275287785412,0.262344642996081,-0.05306935521066902
strength_k12,meanPairDistanceNorm,8,0.169958279184525,0.27807086031,-0.108112581125475
strength_k12,meanPairDistanceNorm,9,0.0470995970290259,0.259240453285526,-0.2121408562565001
strength_k12,meanPairDistanceNorm,10,0.150028994059619,0.256879068190416,-0.106850074130797
strength_k12,meanPairDistanceNorm,11,0.0109793438490249,0.257301316036127,-0.24632197218710208
strength_k12,meanPairDistanceNorm,12,0.063760975534359,0.168615870875854,-0.104854895341495
strength_k12,meanPairDistanceNorm,13,0.198044528692727,0.274580025872347,-0.07653549717961997
strength_k12,meanPairDistanceNorm,14,0.220771349108959,0.234933712257476,-0.014162363148517015
strength_k12,meanPairDistanceNorm,15,0.196772923610259,0.289404296932836,-0.09263137332257698
strength_k12,meanPairDistanceNorm,16,0.10999391165441,0.238578609988519,-0.12858469833410902
strength_k12,meanPairDistanceNorm,17,0.0865976448365967,0.217069009643028,-0.1304713648064313
strength_k12,meanPairDistanceNorm,18,0.18100749800448,0.12653765734429,0.05446984066018998
strength_k12,meanPairDistanceNorm,19,0.232943809439979,0.128717262476457,0.10422654696352199
strength_k12,meanPairDistanceNorm,20,0.146874808240694,0.204129484250219,-0.057254676009525024
count_4_2,meanGO,1,0.657076626783545,0.580358276283565,0.07671835049997999
count_4_2,meanGO,2,0.993837701208168,0.544705118395846,0.44913258281232193
count_4_2,meanGO,3,0.44617717534376,0.47363841775194,-0.027461242408179987
count_4_2,meanGO,4,0.466789366255111,0.384878058200571,0.08191130805454
count_4_2,meanGO,5,0.941453973295044,0.43538607740596,0.506067895889084
count_4_2,meanGO,6,0.83706997241424,0.404924328558771,0.432145643855469
count_4_2,meanGO,7,0.772968248666136,0.329634480977206,0.44333376768893
count_4_2,meanGO,8,0.516996604381595,0.556318416637734,-0.039321812256138955
count_4_2,meanGO,9,0.244521968494314,0.361599015907026,-0.11707704741271197
count_4_2,meanGO,10,0.35556375600292,0.388400161806066,-0.03283640580314601
count_4_2,meanGO,11,0.554065350260016,0.299745732862748,0.254319617397268
count_4_2,meanGO,12,0.301731008193831,0.412961556130275,-0.11123054793644405
count_4_2,meanGO,13,0.71593934761359,0.342804282063244,0.37313506555034603
count_4_2,meanGO,14,0.996188241648167,0.421962416721177,0.57422582492699
count_4_2,meanGO,15,0.821192047178252,0.990649977453636,-0.16945793027538403
count_4_2,meanGO,16,0.449966401883541,0.502573765941298,-0.05260736405775701
count_4_2,meanGO,17,0.362337259138337,0.289976249953878,0.07236100918445898
count_4_2,meanGO,18,0.754537898657685,0.813306160781578,-0.05876826212389308
count_4_2,meanGO,19,0.689396159344152,0.272111269766006,0.41728488957814597
count_4_2,meanGO,20,0.25998491777117,0.246459826377139,0.013525091394030991
count_4_2,meanLO,1,0.764626194329563,0.720442871048187,0.044183323281375975
count_4_2,meanLO,2,0.995301594084808,0.733309410925578,0.26199218315923
count_4_2,meanLO,3,0.718080354835292,0.662546108970811,0.05553424586448097
count_4_2,meanLO,4,0.618368950265176,0.526284813296587,0.09208413696858897
count_4_2,meanLO,5,0.945568694406567,0.710767779632729,0.23480091477383802
count_4_2,meanLO,6,0.86149238089744,0.485633426025987,0.37585895487145293
count_4_2,meanLO,7,0.85134940048739,0.522050585946027,0.329298814541363
count_4_2,meanLO,8,0.799934974603532,0.699904824880582,0.10003014972294999
count_4_2,meanLO,9,0.490477822280203,0.539555005136855,-0.04907718285665197
count_4_2,meanLO,10,0.604297240718156,0.630592790955776,-0.02629555023761998
count_4_2,meanLO,11,0.762401130319472,0.552773695150984,0.20962743516848803
count_4_2,meanLO,12,0.550886273817651,0.552891294581862,-0.002005020764211052
count_4_2,meanLO,13,0.760435485452454,0.558361916471112,0.202073568981342
count_4_2,meanLO,14,0.996793236348032,0.56193007754219,0.4348631588058419
count_4_2,meanLO,15,0.88022860594052,0.991800918795879,-0.11157231285535896
count_4_2,meanLO,16,0.694036635408836,0.714883388991848,-0.020846753583012023
count_4_2,meanLO,17,0.755741183620265,0.509524303118866,0.246216880501399
count_4_2,meanLO,18,0.80922238846956,0.846030691412158,-0.03680830294259807
count_4_2,meanLO,19,0.781804775078032,0.455593739242829,0.32621103583520306
count_4_2,meanLO,20,0.511722948887794,0.454659236949454,0.057063711938340034
count_4_2,meanPairDistanceNorm,1,0.0896266834690071,0.229500010621638,-0.1398733271526309
count_4_2,meanPairDistanceNorm,2,0.0460334295905599,0.137093950775519,-0.09106052118495911
count_4_2,meanPairDistanceNorm,3,0.171965969897548,0.168031715154093,0.003934254743455018
count_4_2,meanPairDistanceNorm,4,0.159426518242305,0.13483937706402,0.024587141178285005
count_4_2,meanPairDistanceNorm,5,0.119448245553891,0.144761677617049,-0.025313432063158003
count_4_2,meanPairDistanceNorm,6,0.0774820117484766,0.239178622690701,-0.1616966109422244
count_4_2,meanPairDistanceNorm,7,0.057694148260164,0.133126117779058,-0.075431969518894
count_4_2,meanPairDistanceNorm,8,0.147337871249623,0.158404348669267,-0.011066477419644005
count_4_2,meanPairDistanceNorm,9,0.171691210789711,0.157080537038214,0.014610673751496994
count_4_2,meanPairDistanceNorm,10,0.141548383809246,0.171766516459145,-0.030218132649899004
count_4_2,meanPairDistanceNorm,11,0.179473658828853,0.171262730629286,0.008210928199567008
count_4_2,meanPairDistanceNorm,12,0.233125630144116,0.162221207898152,0.070904422245964
count_4_2,meanPairDistanceNorm,13,0.0597017035131679,0.195059660183252,-0.1353579566700841
count_4_2,meanPairDistanceNorm,14,0.0339144088913826,0.196213279943719,-0.16229887105233642
count_4_2,meanPairDistanceNorm,15,0.0842106418788257,0.106861980791579,-0.02265133891275331
count_4_2,meanPairDistanceNorm,16,0.161495442560034,0.161735473323077,-0.0002400307630429921
count_4_2,meanPairDistanceNorm,17,0.21840951830284,0.11994773781566,0.09846178048718
count_4_2,meanPairDistanceNorm,18,0.0906503774935109,0.0295627016005614,0.0610876758929495
count_4_2,meanPairDistanceNorm,19,0.156299279718545,0.234333684171688,-0.07803440445314302
count_4_2,meanPairDistanceNorm,20,0.161812935760353,0.218058104392666,-0.05624516863231302
count_8_4,meanGO,1,0.779631931561625,0.657076626783545,0.12255530477808008
count_8_4,meanGO,2,0.475566983784897,0.993837701208168,-0.518270717423271
count_8_4,meanGO,3,0.642818682458605,0.44617717534376,0.19664150711484496
count_8_4,meanGO,4,0.36584674134955,0.466789366255111,-0.10094262490556105
count_8_4,meanGO,5,0.847527065500032,0.941453973295044,-0.093926907795012
count_8_4,meanGO,6,0.787671772865857,0.83706997241424,-0.04939819954838298
count_8_4,meanGO,7,0.282658245054969,0.772968248666136,-0.490310003611167
count_8_4,meanGO,8,0.451102242784756,0.516996604381595,-0.06589436159683898
count_8_4,meanGO,9,0.875587828834135,0.244521968494314,0.6310658603398209
count_8_4,meanGO,10,0.780184536693076,0.35556375600292,0.42462078069015596
count_8_4,meanGO,11,0.751040826843456,0.554065350260016,0.19697547658343995
count_8_4,meanGO,12,0.780089070708574,0.301731008193831,0.47835806251474305
count_8_4,meanGO,13,0.390217733164409,0.71593934761359,-0.325721614449181
count_8_4,meanGO,14,0.944872097806608,0.996188241648167,-0.051316143841559025
count_8_4,meanGO,15,0.594628263162693,0.821192047178252,-0.226563784015559
count_8_4,meanGO,16,0.638534247117031,0.449966401883541,0.18856784523349002
count_8_4,meanGO,17,0.729253555261375,0.362337259138337,0.36691629612303805
count_8_4,meanGO,18,0.340276669161119,0.754537898657685,-0.41426122949656596
count_8_4,meanGO,19,0.744765244671722,0.689396159344152,0.05536908532757001
count_8_4,meanGO,20,0.628412674512286,0.25998491777117,0.368427756741116
count_8_4,meanLO,1,0.820051713225759,0.764626194329563,0.05542551889619596
count_8_4,meanLO,2,0.693495820733199,0.995301594084808,-0.30180577335160896
count_8_4,meanLO,3,0.762729462118213,0.718080354835292,0.04464910728292104
count_8_4,meanLO,4,0.705724064379446,0.618368950265176,0.08735511411427
count_8_4,meanLO,5,0.936168137062585,0.945568694406567,-0.009400557343982041
count_8_4,meanLO,6,0.819516737497135,0.86149238089744,-0.04197564340030491
count_8_4,meanLO,7,0.533014394882866,0.85134940048739,-0.3183350056045241
count_8_4,meanLO,8,0.673861555114425,0.799934974603532,-0.126073419489107
count_8_4,meanLO,9,0.914906342730867,0.490477822280203,0.42442852045066404
count_8_4,meanLO,10,0.827667322594473,0.604297240718156,0.2233700818763169
count_8_4,meanLO,11,0.847967443981289,0.762401130319472,0.085566313661817
count_8_4,meanLO,12,0.911477906469025,0.550886273817651,0.36059163265137406
count_8_4,meanLO,13,0.619543190092329,0.760435485452454,-0.14089229536012493
count_8_4,meanLO,14,0.961819137564887,0.996793236348032,-0.03497409878314495
count_8_4,meanLO,15,0.784525927028803,0.88022860594052,-0.09570267891171702
count_8_4,meanLO,16,0.790770721336926,0.694036635408836,0.09673408592809007
count_8_4,meanLO,17,0.781368639329057,0.755741183620265,0.02562745570879199
count_8_4,meanLO,18,0.57070370984553,0.80922238846956,-0.23851867862402998
count_8_4,meanLO,19,0.828646458790878,0.781804775078032,0.046841683712845916
count_8_4,meanLO,20,0.732493312759691,0.511722948887794,0.22077036387189697
count_8_4,meanPairDistanceNorm,1,0.0360351151421978,0.0896266834690071,-0.053591568326809294
count_8_4,meanPairDistanceNorm,2,0.159275371443329,0.0460334295905599,0.11324194185276912
count_8_4,meanPairDistanceNorm,3,0.148004264554274,0.171965969897548,-0.023961705343273992
count_8_4,meanPairDistanceNorm,4,0.187120315655096,0.159426518242305,0.027693797412790988
count_8_4,meanPairDistanceNorm,5,0.0493547954131472,0.119448245553891,-0.07009345014074381
count_8_4,meanPairDistanceNorm,6,0.229639618102976,0.0774820117484766,0.1521576063544994
count_8_4,meanPairDistanceNorm,7,0.195575668806587,0.057694148260164,0.137881520546423
count_8_4,meanPairDistanceNorm,8,0.224995443743138,0.147337871249623,0.07765757249351501
count_8_4,meanPairDistanceNorm,9,0.213997289737084,0.171691210789711,0.04230607894737301
count_8_4,meanPairDistanceNorm,10,0.217648735334435,0.141548383809246,0.07610035152518899
count_8_4,meanPairDistanceNorm,11,0.141147700094245,0.179473658828853,-0.03832595873460801
count_8_4,meanPairDistanceNorm,12,0.0761334700989059,0.233125630144116,-0.1569921600452101
count_8_4,meanPairDistanceNorm,13,0.18529576253513,0.0597017035131679,0.1255940590219621
count_8_4,meanPairDistanceNorm,14,0.0967670448032983,0.0339144088913826,0.0628526359119157
count_8_4,meanPairDistanceNorm,15,0.142295692267483,0.0842106418788257,0.058085050388657314
count_8_4,meanPairDistanceNorm,16,0.0835176102892709,0.161495442560034,-0.0779778322707631
count_8_4,meanPairDistanceNorm,17,0.214121116690986,0.21840951830284,-0.004288401611854009
count_8_4,meanPairDistanceNorm,18,0.228777495157558,0.0906503774935109,0.1381271176640471
count_8_4,meanPairDistanceNorm,19,0.100938211223467,0.156299279718545,-0.05536106849507799
count_8_4,meanPairDistanceNorm,20,0.178714707686836,0.161812935760353,0.01690177192648301
count_12_8,meanGO,1,0.301236604434304,0.779631931561625,-0.478395327127321
count_12_8,meanGO,2,0.86780783043082,0.475566983784897,0.392240846645923
count_12_8,meanGO,3,0.801992384608341,0.642818682458605,0.15917370214973603
count_12_8,meanGO,4,0.29367053749639,0.36584674134955,-0.07217620385315998
count_12_8,meanGO,5,0.637095074981279,0.847527065500032,-0.21043199051875294
count_12_8,meanGO,6,0.438315442010727,0.787671772865857,-0.34935633085513
count_12_8,meanGO,7,0.628316428443627,0.282658245054969,0.345658183388658
count_12_8,meanGO,8,0.621345527647607,0.451102242784756,0.17024328486285095
count_12_8,meanGO,9,0.956674336585993,0.875587828834135,0.081086507751858
count_12_8,meanGO,10,0.396914367104422,0.780184536693076,-0.38327016958865395
count_12_8,meanGO,11,0.898945435610511,0.751040826843456,0.14790460876705502
count_12_8,meanGO,12,0.783376846908281,0.780089070708574,0.003287776199706993
count_12_8,meanGO,13,0.547825755217085,0.390217733164409,0.157608022052676
count_12_8,meanGO,14,0.385800897595078,0.944872097806608,-0.5590712002115299
count_12_8,meanGO,15,0.591906613497273,0.594628263162693,-0.0027216496654199895
count_12_8,meanGO,16,0.774778420707853,0.638534247117031,0.13624417359082197
count_12_8,meanGO,17,0.922144042110772,0.729253555261375,0.19289048684939702
count_12_8,meanGO,18,0.510469369969498,0.340276669161119,0.170192700808379
count_12_8,meanGO,19,0.421545562768022,0.744765244671722,-0.3232196819037
count_12_8,meanGO,20,0.57972901668345,0.628412674512286,-0.04868365782883599
count_12_8,meanLO,1,0.671116735849571,0.820051713225759,-0.148934977376188
count_12_8,meanLO,2,0.928579013177834,0.693495820733199,0.23508319244463494
count_12_8,meanLO,3,0.829400235086065,0.762729462118213,0.06667077296785195
count_12_8,meanLO,4,0.737038219725931,0.705724064379446,0.03131415534648496
count_12_8,meanLO,5,0.750023875556852,0.936168137062585,-0.18614426150573293
count_12_8,meanLO,6,0.719632381359249,0.819516737497135,-0.09988435613788604
count_12_8,meanLO,7,0.77769728088025,0.533014394882866,0.24468288599738408
count_12_8,meanLO,8,0.75266325892368,0.673861555114425,0.078801703809255
count_12_8,meanLO,9,0.966117329621767,0.914906342730867,0.05121098689089998
count_12_8,meanLO,10,0.752339381980151,0.827667322594473,-0.07532794061432191
count_12_8,meanLO,11,0.914110086308558,0.847967443981289,0.06614264232726896
count_12_8,meanLO,12,0.900877277618155,0.911477906469025,-0.010600628850870097
count_12_8,meanLO,13,0.676250442111788,0.619543190092329,0.05670725201945892
count_12_8,meanLO,14,0.583737429522205,0.961819137564887,-0.37808170804268204
count_12_8,meanLO,15,0.705099172209672,0.784525927028803,-0.07942675481913097
count_12_8,meanLO,16,0.825072748615712,0.790770721336926,0.03430202727878595
count_12_8,meanLO,17,0.931949253622598,0.781368639329057,0.15058061429354097
count_12_8,meanLO,18,0.671837791964724,0.57070370984553,0.10113408211919406
count_12_8,meanLO,19,0.521674500116799,0.828646458790878,-0.306971958674079
count_12_8,meanLO,20,0.758766936305646,0.732493312759691,0.02627362354595497
count_12_8,meanPairDistanceNorm,1,0.155991477161168,0.0360351151421978,0.11995636201897021
count_12_8,meanPairDistanceNorm,2,0.062450422524957,0.159275371443329,-0.09682494891837201
count_12_8,meanPairDistanceNorm,3,0.101851938939352,0.148004264554274,-0.04615232561492201
count_12_8,meanPairDistanceNorm,4,0.228279004781313,0.187120315655096,0.04115868912621701
count_12_8,meanPairDistanceNorm,5,0.15078497007636,0.0493547954131472,0.1014301746632128
count_12_8,meanPairDistanceNorm,6,0.202345438714796,0.229639618102976,-0.027294179388180018
count_12_8,meanPairDistanceNorm,7,0.209275287785412,0.195575668806587,0.01369961897882499
count_12_8,meanPairDistanceNorm,8,0.169958279184525,0.224995443743138,-0.055037164558613016
count_12_8,meanPairDistanceNorm,9,0.0470995970290259,0.213997289737084,-0.1668976927080581
count_12_8,meanPairDistanceNorm,10,0.150028994059619,0.217648735334435,-0.06761974127481599
count_12_8,meanPairDistanceNorm,11,0.0109793438490249,0.141147700094245,-0.13016835624522008
count_12_8,meanPairDistanceNorm,12,0.063760975534359,0.0761334700989059,-0.012372494564546907
count_12_8,meanPairDistanceNorm,13,0.198044528692727,0.18529576253513,0.012748766157597013
count_12_8,meanPairDistanceNorm,14,0.220771349108959,0.0967670448032983,0.12400430430566069
count_12_8,meanPairDistanceNorm,15,0.196772923610259,0.142295692267483,0.05447723134277599
count_12_8,meanPairDistanceNorm,16,0.10999391165441,0.0835176102892709,0.026476301365139093
count_12_8,meanPairDistanceNorm,17,0.0865976448365967,0.214121116690986,-0.12752347185438928
count_12_8,meanPairDistanceNorm,18,0.18100749800448,0.228777495157558,-0.047769997153078
count_12_8,meanPairDistanceNorm,19,0.232943809439979,0.100938211223467,0.132005598216512
count_12_8,meanPairDistanceNorm,20,0.146874808240694,0.178714707686836,-0.03183989944614202
count_19_12,meanGO,1,0.933463900899572,0.301236604434304,0.632227296465268
count_19_12,meanGO,2,0.709093441203662,0.86780783043082,-0.15871438922715797
count_19_12,meanGO,3,0.391547027797869,0.801992384608341,-0.410445356810472
count_19_12,meanGO,4,0.786364776423859,0.29367053749639,0.49269423892746905
count_19_12,meanGO,5,0.84995461135555,0.637095074981279,0.2128595363742709
count_19_12,meanGO,6,0.439551079356964,0.438315442010727,0.0012356373462370507
count_19_12,meanGO,7,0.965137624762187,0.628316428443627,0.33682119631856
count_19_12,meanGO,8,0.705344090136368,0.621345527647607,0.08399856248876103
count_19_12,meanGO,9,0.648736574306008,0.956674336585993,-0.30793776227998504
count_19_12,meanGO,10,0.621870502614793,0.396914367104422,0.22495613551037102
count_19_12,meanGO,11,0.71633369088426,0.898945435610511,-0.18261174472625097
count_19_12,meanGO,12,0.581854464888472,0.783376846908281,-0.201522382019809
count_19_12,meanGO,13,0.858190509251482,0.547825755217085,0.310364754034397
count_19_12,meanGO,14,0.865280602056406,0.385800897595078,0.479479704461328
count_19_12,meanGO,15,0.764095938504514,0.591906613497273,0.17218932500724093
count_19_12,meanGO,16,0.848748080075831,0.774778420707853,0.07396965936797806
count_19_12,meanGO,17,0.529312637785349,0.922144042110772,-0.3928314043254231
count_19_12,meanGO,18,0.873990024699512,0.510469369969498,0.36352065473001405
count_19_12,meanGO,19,0.888582818915581,0.421545562768022,0.467037256147559
count_19_12,meanGO,20,0.75772615202365,0.57972901668345,0.1779971353402
count_19_12,meanLO,1,0.965732663621542,0.671116735849571,0.294615927771971
count_19_12,meanLO,2,0.850247115235087,0.928579013177834,-0.07833189794274698
count_19_12,meanLO,3,0.519152945392271,0.829400235086065,-0.310247289693794
count_19_12,meanLO,4,0.862915286038723,0.737038219725931,0.12587706631279205
count_19_12,meanLO,5,0.87238073641841,0.750023875556852,0.12235686086155795
count_19_12,meanLO,6,0.758711365476328,0.719632381359249,0.039078984117078996
count_19_12,meanLO,7,0.97047613358547,0.77769728088025,0.19277885270522
count_19_12,meanLO,8,0.83046639003244,0.75266325892368,0.07780313110876003
count_19_12,meanLO,9,0.80060697549236,0.966117329621767,-0.16551035412940696
count_19_12,meanLO,10,0.751278508748756,0.752339381980151,-0.001060873231395032
count_19_12,meanLO,11,0.787795953196858,0.914110086308558,-0.12631413311169992
count_19_12,meanLO,12,0.714890741804981,0.900877277618155,-0.18598653581317393
count_19_12,meanLO,13,0.926573768365337,0.676250442111788,0.25032332625354903
count_19_12,meanLO,14,0.8836726720992,0.583737429522205,0.299935242576995
count_19_12,meanLO,15,0.826819652196412,0.705099172209672,0.12172047998673996
count_19_12,meanLO,16,0.915528199965543,0.825072748615712,0.09045545134983102
count_19_12,meanLO,17,0.688391756846736,0.931949253622598,-0.24355749677586191
count_19_12,meanLO,18,0.928094061795433,0.671837791964724,0.2562562698307089
count_19_12,meanLO,19,0.941200052710103,0.521674500116799,0.41952555259330404
count_19_12,meanLO,20,0.867714374711648,0.758766936305646,0.10894743840600207
count_19_12,meanPairDistanceNorm,1,0.131716984646436,0.155991477161168,-0.024274492514732016
count_19_12,meanPairDistanceNorm,2,0.0954618592649789,0.062450422524957,0.033011436740021896
count_19_12,meanPairDistanceNorm,3,0.247639865638399,0.101851938939352,0.145787926699047
count_19_12,meanPairDistanceNorm,4,0.130889987661821,0.228279004781313,-0.097389017119492
count_19_12,meanPairDistanceNorm,5,0.0398473636815996,0.15078497007636,-0.11093760639476039
count_19_12,meanPairDistanceNorm,6,0.184097940131664,0.202345438714796,-0.018247498583131988
count_19_12,meanPairDistanceNorm,7,0.115645328256287,0.209275287785412,-0.09362995952912499
count_19_12,meanPairDistanceNorm,8,0.12360618108879,0.169958279184525,-0.046352098095735
count_19_12,meanPairDistanceNorm,9,0.202953527283802,0.0470995970290259,0.15585393025477612
count_19_12,meanPairDistanceNorm,10,0.138158665343924,0.150028994059619,-0.011870328715695017
count_19_12,meanPairDistanceNorm,11,0.100241147277437,0.0109793438490249,0.08926180342841211
count_19_12,meanPairDistanceNorm,12,0.260222966640549,0.063760975534359,0.19646199110619
count_19_12,meanPairDistanceNorm,13,0.0772997225942924,0.198044528692727,-0.12074480609843462
count_19_12,meanPairDistanceNorm,14,0.102802158394905,0.220771349108959,-0.11796919071405398
count_19_12,meanPairDistanceNorm,15,0.199582052146362,0.196772923610259,0.0028091285361029894
count_19_12,meanPairDistanceNorm,16,0.138046627974484,0.10999391165441,0.028052716320074
count_19_12,meanPairDistanceNorm,17,0.217280344137144,0.0865976448365967,0.13068269930054732
count_19_12,meanPairDistanceNorm,18,0.109089709892476,0.18100749800448,-0.07191778811200399
count_19_12,meanPairDistanceNorm,19,0.0445507076745797,0.232943809439979,-0.1883931017653993
count_19_12,meanPairDistanceNorm,20,0.137013071961728,0.146874808240694,-0.009861736278965999
policy_concentrated,meanGO,1,0.374410774060339,0.779631931561625,-0.405221157501286
policy_concentrated,meanGO,2,0.963549270150193,0.475566983784897,0.487982286365296
policy_concentrated,meanGO,3,0.764856400943535,0.642818682458605,0.12203771848493006
policy_concentrated,meanGO,4,0.391413178904216,0.36584674134955,0.025566437554666033
policy_concentrated,meanGO,5,0.908105002870345,0.847527065500032,0.06057793737031303
policy_concentrated,meanGO,6,0.359346801478497,0.787671772865857,-0.42832497138736
policy_concentrated,meanGO,7,0.655992978102991,0.282658245054969,0.37333473304802195
policy_concentrated,meanGO,8,0.200254657538758,0.451102242784756,-0.25084758524599804
policy_concentrated,meanGO,9,0.773120206419306,0.875587828834135,-0.10246762241482898
policy_concentrated,meanGO,10,0.571765970918117,0.780184536693076,-0.20841856577495899
policy_concentrated,meanGO,11,0.408164974247807,0.751040826843456,-0.34287585259564896
policy_concentrated,meanGO,12,0.337262603109543,0.780089070708574,-0.44282646759903105
policy_concentrated,meanGO,13,0.526950037864703,0.390217733164409,0.13673230470029396
policy_concentrated,meanGO,14,0.444376406537084,0.944872097806608,-0.500495691269524
policy_concentrated,meanGO,15,0.478958570098202,0.594628263162693,-0.11566969306449104
policy_concentrated,meanGO,16,0.482569337436738,0.638534247117031,-0.15596490968029297
policy_concentrated,meanGO,17,0.86073602145879,0.729253555261375,0.131482466197415
policy_concentrated,meanGO,18,0.902298037025284,0.340276669161119,0.562021367864165
policy_concentrated,meanGO,19,0.365000481465349,0.744765244671722,-0.379764763206373
policy_concentrated,meanGO,20,0.399439712204263,0.628412674512286,-0.228972962308023
policy_concentrated,meanLO,1,0.652771863896862,0.820051713225759,-0.16727984932889695
policy_concentrated,meanLO,2,0.982763762230114,0.693495820733199,0.2892679414969149
policy_concentrated,meanLO,3,0.875501905794398,0.762729462118213,0.112772443676185
policy_concentrated,meanLO,4,0.53460733294496,0.705724064379446,-0.17111673143448602
policy_concentrated,meanLO,5,0.926654650980595,0.936168137062585,-0.009513486081989986
policy_concentrated,meanLO,6,0.592264081152377,0.819516737497135,-0.227252656344758
policy_concentrated,meanLO,7,0.782574034743641,0.533014394882866,0.249559639860775
policy_concentrated,meanLO,8,0.529460272814732,0.673861555114425,-0.14440128229969307
policy_concentrated,meanLO,9,0.84059787876046,0.914906342730867,-0.07430846397040702
policy_concentrated,meanLO,10,0.692394344595949,0.827667322594473,-0.135272977998524
policy_concentrated,meanLO,11,0.592446376843004,0.847967443981289,-0.25552106713828493
policy_concentrated,meanLO,12,0.640044406448931,0.911477906469025,-0.27143350002009403
policy_concentrated,meanLO,13,0.644798457614636,0.619543190092329,0.02525526752230689
policy_concentrated,meanLO,14,0.707424376560633,0.961819137564887,-0.25439476100425407
policy_concentrated,meanLO,15,0.652289350422513,0.784525927028803,-0.13223657660628996
policy_concentrated,meanLO,16,0.611894845829786,0.790770721336926,-0.17887587550714001
policy_concentrated,meanLO,17,0.887713558523846,0.781368639329057,0.10634491919478906
policy_concentrated,meanLO,18,0.960500203449409,0.57070370984553,0.389796493603879
policy_concentrated,meanLO,19,0.605498218056168,0.828646458790878,-0.22314824073470996
policy_concentrated,meanLO,20,0.552435338369389,0.732493312759691,-0.18005797439030202
policy_concentrated,meanPairDistanceNorm,1,0.240091832317403,0.0360351151421978,0.20405671717520518
policy_concentrated,meanPairDistanceNorm,2,0.102718788440563,0.159275371443329,-0.05655658300276602
policy_concentrated,meanPairDistanceNorm,3,0.108567336305803,0.148004264554274,-0.03943692824847102
policy_concentrated,meanPairDistanceNorm,4,0.287277721109026,0.187120315655096,0.10015740545393001
policy_concentrated,meanPairDistanceNorm,5,0.193242066807302,0.0493547954131472,0.1438872713941548
policy_concentrated,meanPairDistanceNorm,6,0.238153299011534,0.229639618102976,0.008513680908558002
policy_concentrated,meanPairDistanceNorm,7,0.194883030048273,0.195575668806587,-0.0006926387583139904
policy_concentrated,meanPairDistanceNorm,8,0.260564470060171,0.224995443743138,0.035569026317033015
policy_concentrated,meanPairDistanceNorm,9,0.254515586689055,0.213997289737084,0.04051829695197098
policy_concentrated,meanPairDistanceNorm,10,0.267082220915451,0.217648735334435,0.049433485581015985
policy_concentrated,meanPairDistanceNorm,11,0.276400860879301,0.141147700094245,0.135253160785056
policy_concentrated,meanPairDistanceNorm,12,0.283818921448721,0.0761334700989059,0.2076854513498151
policy_concentrated,meanPairDistanceNorm,13,0.287106952479177,0.18529576253513,0.101811189944047
policy_concentrated,meanPairDistanceNorm,14,0.180946306420089,0.0967670448032983,0.0841792616167907
policy_concentrated,meanPairDistanceNorm,15,0.241615563854759,0.142295692267483,0.09931987158727598
policy_concentrated,meanPairDistanceNorm,16,0.256950948172022,0.0835176102892709,0.17343333788275112
policy_concentrated,meanPairDistanceNorm,17,0.274894376036175,0.214121116690986,0.06077325934518901
policy_concentrated,meanPairDistanceNorm,18,0.0991751042198406,0.228777495157558,-0.1296023909377174
policy_concentrated,meanPairDistanceNorm,19,0.28165571802339,0.100938211223467,0.18071750679992302
policy_concentrated,meanPairDistanceNorm,20,0.28920549424949,0.178714707686836,0.11049078656265399
policy_balanced,meanGO,1,0.352839465188995,0.779631931561625,-0.42679246637263
policy_balanced,meanGO,2,0.39311411620243,0.475566983784897,-0.082452867582467
policy_balanced,meanGO,3,0.229836631093255,0.642818682458605,-0.41298205136534993
policy_balanced,meanGO,4,0.915562813050642,0.36584674134955,0.549716071701092
policy_balanced,meanGO,5,0.629346171731165,0.847527065500032,-0.21818089376886696
policy_balanced,meanGO,6,0.624474166556564,0.787671772865857,-0.16319760630929303
policy_balanced,meanGO,7,0.179709052889195,0.282658245054969,-0.102949192165774
policy_balanced,meanGO,8,0.4272264503705,0.451102242784756,-0.023875792414256025
policy_balanced,meanGO,9,0.93234053139718,0.875587828834135,0.05675270256304499
policy_balanced,meanGO,10,0.25096982151351,0.780184536693076,-0.529214715179566
policy_balanced,meanGO,11,0.707865684351475,0.751040826843456,-0.043175142491980956
policy_balanced,meanGO,12,0.256273528375545,0.780089070708574,-0.5238155423330291
policy_balanced,meanGO,13,0.61738539567125,0.390217733164409,0.22716766250684095
policy_balanced,meanGO,14,0.626189499978683,0.944872097806608,-0.31868259782792496
policy_balanced,meanGO,15,0.372435617801645,0.594628263162693,-0.222192645361048
policy_balanced,meanGO,16,0.504085867867971,0.638534247117031,-0.13444837924905995
policy_balanced,meanGO,17,0.617091678054183,0.729253555261375,-0.11216187720719206
policy_balanced,meanGO,18,0.339882498004765,0.340276669161119,-0.00039417115635398403
policy_balanced,meanGO,19,0.485487153337225,0.744765244671722,-0.25927809133449703
policy_balanced,meanGO,20,0.369296906447716,0.628412674512286,-0.25911576806457
policy_balanced,meanLO,1,0.606740769415977,0.820051713225759,-0.213310943809782
policy_balanced,meanLO,2,0.565992470901182,0.693495820733199,-0.12750334983201705
policy_balanced,meanLO,3,0.406278403578408,0.762729462118213,-0.356451058539805
policy_balanced,meanLO,4,0.9592278109454,0.705724064379446,0.253503746565954
policy_balanced,meanLO,5,0.758205496731563,0.936168137062585,-0.17796264033102194
policy_balanced,meanLO,6,0.75063322364453,0.819516737497135,-0.06888351385260505
policy_balanced,meanLO,7,0.524260218137421,0.533014394882866,-0.008754176745444986
policy_balanced,meanLO,8,0.546282248349742,0.673861555114425,-0.127579306764683
policy_balanced,meanLO,9,0.94646799856445,0.914906342730867,0.03156165583358295
policy_balanced,meanLO,10,0.400124264441176,0.827667322594473,-0.42754305815329696
policy_balanced,meanLO,11,0.779470406798556,0.847967443981289,-0.06849703718273303
policy_balanced,meanLO,12,0.455648227267084,0.911477906469025,-0.45582967920194106
policy_balanced,meanLO,13,0.728671626258176,0.619543190092329,0.109128436165847
policy_balanced,meanLO,14,0.755757278881503,0.961819137564887,-0.206061858683384
policy_balanced,meanLO,15,0.652452397391595,0.784525927028803,-0.13207352963720798
policy_balanced,meanLO,16,0.685497459686878,0.790770721336926,-0.10527326165004802
policy_balanced,meanLO,17,0.724852479887967,0.781368639329057,-0.05651615944109001
policy_balanced,meanLO,18,0.516992821688096,0.57070370984553,-0.05371088815743397
policy_balanced,meanLO,19,0.627397825541744,0.828646458790878,-0.201248633249134
policy_balanced,meanLO,20,0.58728948805985,0.732493312759691,-0.14520382469984094
policy_balanced,meanPairDistanceNorm,1,0.220970556769298,0.0360351151421978,0.18493544162710018
policy_balanced,meanPairDistanceNorm,2,0.126138642295665,0.159275371443329,-0.033136729147664024
policy_balanced,meanPairDistanceNorm,3,0.273727622291103,0.148004264554274,0.12572335773682897
policy_balanced,meanPairDistanceNorm,4,0.0538355826979784,0.187120315655096,-0.1332847329571176
policy_balanced,meanPairDistanceNorm,5,0.139873225312026,0.0493547954131472,0.09051842989887882
policy_balanced,meanPairDistanceNorm,6,0.150344838368568,0.229639618102976,-0.07929477973440802
policy_balanced,meanPairDistanceNorm,7,0.246210528993772,0.195575668806587,0.050634860187184993
policy_balanced,meanPairDistanceNorm,8,0.162219401788718,0.224995443743138,-0.06277604195442002
policy_balanced,meanPairDistanceNorm,9,0.0473573417250644,0.213997289737084,-0.16663994801201962
policy_balanced,meanPairDistanceNorm,10,0.355207137173611,0.217648735334435,0.13755840183917603
policy_balanced,meanPairDistanceNorm,11,0.0799203843158641,0.141147700094245,-0.06122731577838089
policy_balanced,meanPairDistanceNorm,12,0.224220330744672,0.0761334700989059,0.1480868606457661
policy_balanced,meanPairDistanceNorm,13,0.134699052421593,0.18529576253513,-0.050596710113537
policy_balanced,meanPairDistanceNorm,14,0.105932668216932,0.0967670448032983,0.009165623413633694
policy_balanced,meanPairDistanceNorm,15,0.155168855699354,0.142295692267483,0.012873163431871004
policy_balanced,meanPairDistanceNorm,16,0.202744705464322,0.0835176102892709,0.11922709517505109
policy_balanced,meanPairDistanceNorm,17,0.147982370735522,0.214121116690986,-0.06613874595546398
policy_balanced,meanPairDistanceNorm,18,0.338013852903517,0.228777495157558,0.109236357745959
policy_balanced,meanPairDistanceNorm,19,0.11797148782787,0.100938211223467,0.017033276604403
policy_balanced,meanPairDistanceNorm,20,0.221387622052387,0.178714707686836,0.042672914365550985
policy_nearest,meanGO,1,0.265711576339156,0.779631931561625,-0.513920355222469
policy_nearest,meanGO,2,0.871408709240112,0.475566983784897,0.39584172545521507
policy_nearest,meanGO,3,0.547961297248692,0.642818682458605,-0.09485738520991294
policy_nearest,meanGO,4,0.841080065750476,0.36584674134955,0.475233324400926
policy_nearest,meanGO,5,0.494186398202171,0.847527065500032,-0.353340667297861
policy_nearest,meanGO,6,0.565217111171153,0.787671772865857,-0.22245466169470396
policy_nearest,meanGO,7,0.627096772962768,0.282658245054969,0.344438527907799
policy_nearest,meanGO,8,0.48370228544387,0.451102242784756,0.03260004265911398
policy_nearest,meanGO,9,0.80086022027731,0.875587828834135,-0.07472760855682503
policy_nearest,meanGO,10,0.474797539942522,0.780184536693076,-0.305386996750554
policy_nearest,meanGO,11,0.228656896332473,0.751040826843456,-0.522383930510983
policy_nearest,meanGO,12,0.95429329288902,0.780089070708574,0.17420422218044596
policy_nearest,meanGO,13,0.694018909765054,0.390217733164409,0.303801176600645
policy_nearest,meanGO,14,0.325206903973073,0.944872097806608,-0.6196651938335349
policy_nearest,meanGO,15,0.381836793930303,0.594628263162693,-0.21279146923239
policy_nearest,meanGO,16,0.270883461765573,0.638534247117031,-0.367650785351458
policy_nearest,meanGO,17,0.656740159250604,0.729253555261375,-0.072513396010771
policy_nearest,meanGO,18,0.639349801771723,0.340276669161119,0.299073132610604
policy_nearest,meanGO,19,0.61103614731972,0.744765244671722,-0.133729097352002
policy_nearest,meanGO,20,0.586944966687652,0.628412674512286,-0.04146770782463405
policy_nearest,meanLO,1,0.547774646499325,0.820051713225759,-0.27227706672643404
policy_nearest,meanLO,2,0.969353003669294,0.693495820733199,0.27585718293609496
policy_nearest,meanLO,3,0.905648916988192,0.762729462118213,0.14291945486997903
policy_nearest,meanLO,4,0.930462201693728,0.705724064379446,0.22473813731428194
policy_nearest,meanLO,5,0.760203786035968,0.936168137062585,-0.1759643510266169
policy_nearest,meanLO,6,0.821460004961347,0.819516737497135,0.0019432674642119174
policy_nearest,meanLO,7,0.987925865779209,0.533014394882866,0.4549114708963431
policy_nearest,meanLO,8,0.989112192718144,0.673861555114425,0.31525063760371896
policy_nearest,meanLO,9,0.901076180369586,0.914906342730867,-0.013830162361280984
policy_nearest,meanLO,10,0.539850121861365,0.827667322594473,-0.2878172007331079
policy_nearest,meanLO,11,0.461404340214898,0.847967443981289,-0.38656310376639097
policy_nearest,meanLO,12,0.958812040444468,0.911477906469025,0.04733413397544295
policy_nearest,meanLO,13,0.818949584195802,0.619543190092329,0.19940639410347294
policy_nearest,meanLO,14,0.576654933486149,0.961819137564887,-0.38516420407873797
policy_nearest,meanLO,15,0.976280849789676,0.784525927028803,0.19175492276087303
policy_nearest,meanLO,16,0.47766098129119,0.790770721336926,-0.31310974004573605
policy_nearest,meanLO,17,0.845189968118325,0.781368639329057,0.06382132878926805
policy_nearest,meanLO,18,0.79335052877478,0.57070370984553,0.22264681892924998
policy_nearest,meanLO,19,0.749249381781123,0.828646458790878,-0.07939707700975496
policy_nearest,meanLO,20,0.744175574615893,0.732493312759691,0.011682261856202025
policy_nearest,meanPairDistanceNorm,1,0.223349686844776,0.0360351151421978,0.1873145717025782
policy_nearest,meanPairDistanceNorm,2,0.104790858721381,0.159275371443329,-0.054484512721948014
policy_nearest,meanPairDistanceNorm,3,0.296036637548739,0.148004264554274,0.14803237299446498
policy_nearest,meanPairDistanceNorm,4,0.173136603721365,0.187120315655096,-0.013983711933730991
policy_nearest,meanPairDistanceNorm,5,0.18130549321991,0.0493547954131472,0.1319506978067628
policy_nearest,meanPairDistanceNorm,6,0.162333577495411,0.229639618102976,-0.06730604060756501
policy_nearest,meanPairDistanceNorm,7,0.220848763490371,0.195575668806587,0.025273094683783998
policy_nearest,meanPairDistanceNorm,8,0.146003452398722,0.224995443743138,-0.07899199134441601
policy_nearest,meanPairDistanceNorm,9,0.149650304033234,0.213997289737084,-0.06434698570385
policy_nearest,meanPairDistanceNorm,10,0.161498697846121,0.217648735334435,-0.056150037488313986
policy_nearest,meanPairDistanceNorm,11,0.203385768213926,0.141147700094245,0.06223806811968102
policy_nearest,meanPairDistanceNorm,12,0.155406792291953,0.0761334700989059,0.0792733221930471
policy_nearest,meanPairDistanceNorm,13,0.285982192115892,0.18529576253513,0.10068642958076199
policy_nearest,meanPairDistanceNorm,14,0.20947879448381,0.0967670448032983,0.11271174968051169
policy_nearest,meanPairDistanceNorm,15,0.21003693834149,0.142295692267483,0.067741246074007
policy_nearest,meanPairDistanceNorm,16,0.16360234797847,0.0835176102892709,0.0800847376891991
policy_nearest,meanPairDistanceNorm,17,0.253854591699288,0.214121116690986,0.03973347500830199
policy_nearest,meanPairDistanceNorm,18,0.260441551667404,0.228777495157558,0.03166405650984602
policy_nearest,meanPairDistanceNorm,19,0.349686999815685,0.100938211223467,0.24874878859221802
policy_nearest,meanPairDistanceNorm,20,0.134302889468097,0.178714707686836,-0.04441181821873902
