experiment,strengthMode,selectionPolicy,k,nRuns,meanGO_mean,meanGO_sd,meanGO_ci95_low,meanGO_ci95_high,meanLO_mean,meanLO_sd,meanLO_ci95_low,meanLO_ci95_high,meanPairDistanceNorm_mean,meanPairDistanceNorm_sd,meanPairDistanceNorm_ci95_low,meanPairDistanceNorm_ci95_high,meanNearestDistanceNorm_mean,meanNearestDistanceNorm_sd,meanNearestDistanceNorm_ci95_low,meanNearestDistanceNorm_ci95_high,meanInputAmplitude_mean,meanInputAmplitude_sd,meanInputAmplitude_ci95_low,meanInputAmplitude_ci95_high,meanActiveNeighbors_mean,meanActiveNeighbors_sd,meanActiveNeighbors_ci95_low,meanActiveNeighbors_ci95_high,meanAngularCoverage_mean,meanAngularCoverage_sd,meanAngularCoverage_ci95_low,meanAngularCoverage_ci95_high,meanInputConcentration_mean,meanInputConcentration_sd,meanInputConcentration_ci95_low,meanInputConcentration_ci95_high,meanFieldPeak_mean,meanFieldPeak_sd,meanFieldPeak_ci95_low,meanFieldPeak_ci95_high,meanBumpConcentration_mean,meanBumpConcentration_sd,meanBumpConcentration_ci95_low,meanBumpConcentration_ci95_high,meanSpeed_mean,meanSpeed_sd,meanSpeed_ci95_low,meanSpeed_ci95_high,meanInputMass_mean,meanInputMass_sd,meanInputMass_ci95_low,meanInputMass_ci95_high,socialUnionLccFraction_mean,socialUnionLccFraction_sd,socialUnionLccFraction_ci95_low,socialUnionLccFraction_ci95_high,socialAlgebraicConnectivity_mean,socialAlgebraicConnectivity_sd,socialAlgebraicConnectivity_ci95_low,socialAlgebraicConnectivity_ci95_high
E1_strength_policy,fixed-total,random,19,20,0.7367589274,0.1606972254,0.6663302631,0.8071875917,0.8331324677,0.1095556257,0.7851175977,0.8811473376,0.1398073106,0.06133378211,0.1129265954,0.1666880258,0.03536315939,0.01484065447,0.0288589558,0.04186736298,0.228,2.847661973e-17,0.228,0.228,19,0,19,19,0.6243108949,0.03920111655,0.6071302481,0.6414915417,0.5437730301,0.05118742627,0.5213391514,0.5662069087,0.1240694749,0.00540247551,0.1217017356,0.1264372142,0.6177305031,0.003384760987,0.6162470662,0.61921394,1.589241939,0.0007904445973,1.588895511,1.589588367,0.2286044986,2.847661973e-17,0.2286044986,0.2286044986,1,0,1,1,20,0,20,20
E1_strength_policy,fixed-total,random,2,20,0.4526196795,0.1824157247,0.3726724632,0.5325668958,0.621476844,0.1383031305,0.5608628245,0.6820908634,0.1634519717,0.04931141974,0.1418402892,0.1850636543,0.03368161739,0.01320991006,0.02789211904,0.03947111574,0.228,2.847661973e-17,0.228,0.228,2,0,2,2,0.1833096228,0.01503832039,0.1767187883,0.1899004573,0.7346493172,0.03665420932,0.7185849017,0.7507137327,0.1636105494,0.004048462598,0.1618362325,0.1653848664,0.6201065542,0.005562033701,0.6176688855,0.622544223,1.589447491,0.001344555837,1.588858213,1.590036768,0.2286044986,2.847661973e-17,0.2286044986,0.2286044986,1,0,1,1,2.057963079,0.003602768801,2.056384096,2.059542062
E1_strength_policy,fixed-total,random,8,20,0.6415343207,0.195114494,0.5560216234,0.727047018,0.7758225999,0.1175450114,0.7243062272,0.8273389725,0.1554677714,0.06255348098,0.1280524996,0.1828830432,0.03241522366,0.01261826482,0.02688502527,0.03794542205,0.228,2.847661973e-17,0.228,0.228,8,0,8,8,0.4689299299,0.01972704106,0.460284173,0.4775756868,0.5696570773,0.04316592752,0.5507387755,0.5885753792,0.1359646266,0.005366403944,0.1336126964,0.1383165569,0.6189654452,0.004091832373,0.6171721206,0.6207587699,1.589392477,0.0009460501559,1.588977852,1.589807102,0.2286044986,2.847661973e-17,0.2286044986,0.2286044986,1,0,1,1,8.343574735,0.009132761174,8.339572126,8.347577344
E1_strength_policy,original,random,19,20,0.7367589274,0.1606972254,0.6663302631,0.8071875917,0.8331324677,0.1095556257,0.7851175977,0.8811473376,0.1398073106,0.06133378211,0.1129265954,0.1666880258,0.03536315939,0.01484065447,0.0288589558,0.04186736298,0.228,2.847661973e-17,0.228,0.228,19,0,19,19,0.6243108949,0.03920111655,0.6071302481,0.6414915417,0.5437730301,0.05118742627,0.5213391514,0.5662069087,0.1240694749,0.00540247551,0.1217017356,0.1264372142,0.6177305031,0.003384760987,0.6162470662,0.61921394,1.589241939,0.0007904445973,1.588895511,1.589588367,0.2286044986,2.847661973e-17,0.2286044986,0.2286044986,1,0,1,1,20,0,20,20
E1_strength_policy,original,random,2,20,0.2200607618,0.1157729686,0.1693210211,0.2708005024,0.3641217321,0.06996412453,0.3334586025,0.3947848616,0.3826625495,0.007446870875,0.3793988145,0.3859262846,0.1125052779,0.004753158676,0.1104221143,0.1145884415,0.024,0,0.024,0.024,2,0,2,2,0.2503927109,0.004233273121,0.2485373972,0.2522480247,0.6347428068,0.008274215244,0.6311164721,0.6383691415,0.01431552095,0.0001310252003,0.01425809662,0.01437294527,0.6367229594,6.908673179e-06,0.6367199315,0.6367259872,1.591811165,4.272894159e-07,1.591810978,1.591811352,0.02406363144,0,0.02406363144,0.02406363144,1,0,1,1,2.057963079,0.003602768801,2.056384096,2.059542062
E1_strength_policy,original,random,8,20,0.2573914941,0.1083761556,0.2098935497,0.3048894385,0.4178586269,0.08118778003,0.3822765135,0.4534407404,0.3745119385,0.01446099303,0.3681741289,0.3808497482,0.1050322137,0.009332095837,0.1009422423,0.109122185,0.096,0,0.096,0.096,8,0,8,8,0.646505984,0.02266855857,0.6365710501,0.6564409178,0.3367572521,0.03743812922,0.3203492685,0.3531652356,0.03660346812,0.002166677665,0.03565387977,0.03755305648,0.6243896796,0.0007805522643,0.6240475874,0.6247317717,1.591041866,4.534936062e-05,1.591021991,1.591061742,0.09625452575,0,0.09625452575,0.09625452575,1,0,1,1,8.343574735,0.009132761174,8.339572126,8.347577344
E2_neighbor_count,fixed-total,random,12,20,0.6179945247,0.2093398419,0.5262472938,0.7097417557,0.7686991675,0.1187335426,0.7166618981,0.8207364369,0.1462906102,0.06603517921,0.1173494168,0.1752318035,0.03224329886,0.01354129198,0.02630856599,0.03817803174,0.228,2.847661973e-17,0.228,0.228,12,0,12,12,0.5344784958,0.02527186375,0.5234026131,0.5455543784,0.5561824378,0.04639938106,0.5358470124,0.5765178632,0.1296439359,0.006098143938,0.1269713065,0.1323165653,0.6182319914,0.00575282002,0.6157107069,0.620753276,1.589244702,0.001330793652,1.588661456,1.589827948,0.2286044986,2.847661973e-17,0.2286044986,0.2286044986,1,0,1,1,12.55698439,0.009848028718,12.5526683,12.56130048
E2_neighbor_count,fixed-total,random,19,20,0.7367589274,0.1606972254,0.6663302631,0.8071875917,0.8331324677,0.1095556257,0.7851175977,0.8811473376,0.1398073106,0.06133378211,0.1129265954,0.1666880258,0.03536315939,0.01484065447,0.0288589558,0.04186736298,0.228,2.847661973e-17,0.228,0.228,19,0,19,19,0.6243108949,0.03920111655,0.6071302481,0.6414915417,0.5437730301,0.05118742627,0.5213391514,0.5662069087,0.1240694749,0.00540247551,0.1217017356,0.1264372142,0.6177305031,0.003384760987,0.6162470662,0.61921394,1.589241939,0.0007904445973,1.588895511,1.589588367,0.2286044986,2.847661973e-17,0.2286044986,0.2286044986,1,0,1,1,20,0,20,20
E2_neighbor_count,fixed-total,random,2,20,0.4526196795,0.1824157247,0.3726724632,0.5325668958,0.621476844,0.1383031305,0.5608628245,0.6820908634,0.1634519717,0.04931141974,0.1418402892,0.1850636543,0.03368161739,0.01320991006,0.02789211904,0.03947111574,0.228,2.847661973e-17,0.228,0.228,2,0,2,2,0.1833096228,0.01503832039,0.1767187883,0.1899004573,0.7346493172,0.03665420932,0.7185849017,0.7507137327,0.1636105494,0.004048462598,0.1618362325,0.1653848664,0.6201065542,0.005562033701,0.6176688855,0.622544223,1.589447491,0.001344555837,1.588858213,1.590036768,0.2286044986,2.847661973e-17,0.2286044986,0.2286044986,1,0,1,1,2.057963079,0.003602768801,2.056384096,2.059542062
E2_neighbor_count,fixed-total,random,4,20,0.6068897012,0.2440256928,0.4999407259,0.7138386766,0.7576385135,0.1472242081,0.6931146594,0.8221623676,0.1280674035,0.05754462855,0.1028473581,0.1532874489,0.02882252325,0.01037126732,0.02427711493,0.03336793156,0.228,2.847661973e-17,0.228,0.228,4,0,4,4,0.3263993825,0.01484701199,0.3198923926,0.3329063724,0.6495784504,0.02046738725,0.6406082224,0.6585486783,0.1488044716,0.007100703129,0.1456924512,0.151916492,0.6169292328,0.007990584283,0.6134272049,0.6204312608,1.588732568,0.002165163522,1.587783643,1.589681492,0.2286044986,2.847661973e-17,0.2286044986,0.2286044986,1,0,1,1,4.148291472,0.006249582806,4.145552471,4.151030472
E2_neighbor_count,fixed-total,random,8,20,0.6415343207,0.195114494,0.5560216234,0.727047018,0.7758225999,0.1175450114,0.7243062272,0.8273389725,0.1554677714,0.06255348098,0.1280524996,0.1828830432,0.03241522366,0.01261826482,0.02688502527,0.03794542205,0.228,2.847661973e-17,0.228,0.228,8,0,8,8,0.4689299299,0.01972704106,0.460284173,0.4775756868,0.5696570773,0.04316592752,0.5507387755,0.5885753792,0.1359646266,0.005366403944,0.1336126964,0.1383165569,0.6189654452,0.004091832373,0.6171721206,0.6207587699,1.589392477,0.0009460501559,1.588977852,1.589807102,0.2286044986,2.847661973e-17,0.2286044986,0.2286044986,1,0,1,1,8.343574735,0.009132761174,8.339572126,8.347577344
E2_neighbor_count,original,random,12,20,0.5139294521,0.1786637624,0.4356266058,0.5922322984,0.6404844103,0.1541299246,0.5729339926,0.7080348281,0.2337685639,0.04928205492,0.212169751,0.2553673767,0.05011007465,0.01258091629,0.04459624498,0.05562390432,0.144,0,0.144,0.144,12,0,12,12,0.5650183594,0.02888689779,0.5523581183,0.5776786006,0.4942796087,0.06616370192,0.4652820878,0.5232771296,0.0727147297,0.006235748197,0.06998179256,0.07544766685,0.6262007947,0.002185481903,0.625242965,0.6271586244,1.590951516,0.0002116104606,1.590858774,1.591044258,0.1443817886,0,0.1443817886,0.1443817886,1,0,1,1,12.55698439,0.009848028718,12.5526683,12.56130048
E2_neighbor_count,original,random,19,20,0.7367589274,0.1606972254,0.6663302631,0.8071875917,0.8331324677,0.1095556257,0.7851175977,0.8811473376,0.1398073106,0.06133378211,0.1129265954,0.1666880258,0.03536315939,0.01484065447,0.0288589558,0.04186736298,0.228,2.847661973e-17,0.228,0.228,19,0,19,19,0.6243108949,0.03920111655,0.6071302481,0.6414915417,0.5437730301,0.05118742627,0.5213391514,0.5662069087,0.1240694749,0.00540247551,0.1217017356,0.1264372142,0.6177305031,0.003384760987,0.6162470662,0.61921394,1.589241939,0.0007904445973,1.588895511,1.589588367,0.2286044986,2.847661973e-17,0.2286044986,0.2286044986,1,0,1,1,20,0,20,20
E2_neighbor_count,original,random,2,20,0.2200607618,0.1157729686,0.1693210211,0.2708005024,0.3641217321,0.06996412453,0.3334586025,0.3947848616,0.3826625495,0.007446870875,0.3793988145,0.3859262846,0.1125052779,0.004753158676,0.1104221143,0.1145884415,0.024,0,0.024,0.024,2,0,2,2,0.2503927109,0.004233273121,0.2485373972,0.2522480247,0.6347428068,0.008274215244,0.6311164721,0.6383691415,0.01431552095,0.0001310252003,0.01425809662,0.01437294527,0.6367229594,6.908673179e-06,0.6367199315,0.6367259872,1.591811165,4.272894159e-07,1.591810978,1.591811352,0.02406363144,0,0.02406363144,0.02406363144,1,0,1,1,2.057963079,0.003602768801,2.056384096,2.059542062
E2_neighbor_count,original,random,4,20,0.2414892582,0.1316541622,0.1837892775,0.2991892388,0.4130679704,0.09202248598,0.3727373377,0.4533986031,0.3760901679,0.0110294895,0.371256281,0.3809240548,0.107684806,0.006425527995,0.1048686942,0.1105009178,0.048,0,0.048,0.048,4,0,4,4,0.4713205188,0.01309060062,0.4655833101,0.4770577275,0.4602558877,0.02026303015,0.4513752232,0.4691365522,0.02273788826,0.0007014504713,0.02243046404,0.02304531248,0.631405028,0.0006695096889,0.6311116025,0.6316984536,1.591482711,4.128882648e-05,1.591464616,1.591500807,0.04812726287,0,0.04812726287,0.04812726287,1,0,1,1,4.148291472,0.006249582806,4.145552471,4.151030472
E2_neighbor_count,original,random,8,20,0.2573914941,0.1083761556,0.2098935497,0.3048894385,0.4178586269,0.08118778003,0.3822765135,0.4534407404,0.3745119385,0.01446099303,0.3681741289,0.3808497482,0.1050322137,0.009332095837,0.1009422423,0.109122185,0.096,0,0.096,0.096,8,0,8,8,0.646505984,0.02266855857,0.6365710501,0.6564409178,0.3367572521,0.03743812922,0.3203492685,0.3531652356,0.03660346812,0.002166677665,0.03565387977,0.03755305648,0.6243896796,0.0007805522643,0.6240475874,0.6247317717,1.591041866,4.534936062e-05,1.591021991,1.591061742,0.09625452575,0,0.09625452575,0.09625452575,1,0,1,1,8.343574735,0.009132761174,8.339572126,8.347577344
E3_angular_structure,fixed-total,angle-concentrated,8,20,0.5584285711,0.2276154593,0.4586716978,0.6581854445,0.713231763,0.1482624639,0.6482528732,0.7782106528,0.2309433299,0.06355885013,0.2030874356,0.2587992241,0.06225405525,0.01836970563,0.05420317679,0.07030493371,0.228,2.847661973e-17,0.228,0.228,8,0,8,8,0.08455730088,0.01206433953,0.07926987096,0.08984473081,0.9705943654,0.005156395524,0.9683344755,0.9728542554,0.2009220901,0.004130655845,0.1991117503,0.2027324298,0.627209716,0.008597435222,0.6234417239,0.6309777081,1.590063489,0.002235051527,1.589083935,1.591043044,0.2286044986,2.847661973e-17,0.2286044986,0.2286044986,1,0,1,1,5.269704123,0.4052997531,5.092073674,5.447334572
E3_angular_structure,fixed-total,angle-dispersed,8,20,0.4915706525,0.2141846903,0.3977000731,0.5854412318,0.6489121458,0.1562005945,0.5804542169,0.7173700747,0.1751963104,0.08475942274,0.1380488555,0.2123437653,0.04590931857,0.02202108297,0.03625815343,0.05556048371,0.228,2.847661973e-17,0.228,0.228,8,0,8,8,0.623791844,0.04346166573,0.6047439292,0.6428397588,0.3908318463,0.07318967271,0.358755058,0.4229086347,0.08361730435,0.009082973581,0.07963651566,0.08759809304,0.6143133498,0.001385710501,0.6137060354,0.6149206642,1.588948289,0.000256861454,1.588835714,1.589060863,0.2286044986,2.847661973e-17,0.2286044986,0.2286044986,1,0,1,1,6.503307898,0.4079650579,6.324509328,6.682106468
E3_angular_structure,fixed-total,random,8,20,0.6415343207,0.195114494,0.5560216234,0.727047018,0.7758225999,0.1175450114,0.7243062272,0.8273389725,0.1554677714,0.06255348098,0.1280524996,0.1828830432,0.03241522366,0.01261826482,0.02688502527,0.03794542205,0.228,2.847661973e-17,0.228,0.228,8,0,8,8,0.4689299299,0.01972704106,0.460284173,0.4775756868,0.5696570773,0.04316592752,0.5507387755,0.5885753792,0.1359646266,0.005366403944,0.1336126964,0.1383165569,0.6189654452,0.004091832373,0.6171721206,0.6207587699,1.589392477,0.0009460501559,1.588977852,1.589807102,0.2286044986,2.847661973e-17,0.2286044986,0.2286044986,1,0,1,1,8.343574735,0.009132761174,8.339572126,8.347577344
E4_selection_strategy,fixed-total,angle-concentrated,8,20,0.5584285711,0.2276154593,0.4586716978,0.6581854445,0.713231763,0.1482624639,0.6482528732,0.7782106528,0.2309433299,0.06355885013,0.2030874356,0.2587992241,0.06225405525,0.01836970563,0.05420317679,0.07030493371,0.228,2.847661973e-17,0.228,0.228,8,0,8,8,0.08455730088,0.01206433953,0.07926987096,0.08984473081,0.9705943654,0.005156395524,0.9683344755,0.9728542554,0.2009220901,0.004130655845,0.1991117503,0.2027324298,0.627209716,0.008597435222,0.6234417239,0.6309777081,1.590063489,0.002235051527,1.589083935,1.591043044,0.2286044986,2.847661973e-17,0.2286044986,0.2286044986,1,0,1,1,5.269704123,0.4052997531,5.092073674,5.447334572
E4_selection_strategy,fixed-total,angle-dispersed,8,20,0.4915706525,0.2141846903,0.3977000731,0.5854412318,0.6489121458,0.1562005945,0.5804542169,0.7173700747,0.1751963104,0.08475942274,0.1380488555,0.2123437653,0.04590931857,0.02202108297,0.03625815343,0.05556048371,0.228,2.847661973e-17,0.228,0.228,8,0,8,8,0.623791844,0.04346166573,0.6047439292,0.6428397588,0.3908318463,0.07318967271,0.358755058,0.4229086347,0.08361730435,0.009082973581,0.07963651566,0.08759809304,0.6143133498,0.001385710501,0.6137060354,0.6149206642,1.588948289,0.000256861454,1.588835714,1.589060863,0.2286044986,2.847661973e-17,0.2286044986,0.2286044986,1,0,1,1,6.503307898,0.4079650579,6.324509328,6.682106468
E4_selection_strategy,fixed-total,balanced,8,20,0.4915706525,0.2141846903,0.3977000731,0.5854412318,0.6489121458,0.1562005945,0.5804542169,0.7173700747,0.1751963104,0.08475942274,0.1380488555,0.2123437653,0.04590931857,0.02202108297,0.03625815343,0.05556048371,0.228,2.847661973e-17,0.228,0.228,8,0,8,8,0.623791844,0.04346166573,0.6047439292,0.6428397588,0.3908318463,0.07318967271,0.358755058,0.4229086347,0.08361730435,0.009082973581,0.07963651566,0.08759809304,0.6143133498,0.001385710501,0.6137060354,0.6149206642,1.588948289,0.000256861454,1.588835714,1.589060863,0.2286044986,2.847661973e-17,0.2286044986,0.2286044986,1,0,1,1,6.503307898,0.4079650579,6.324509328,6.682106468
E4_selection_strategy,fixed-total,nearest,8,20,0.5660494655,0.2070616148,0.4753007117,0.6567982194,0.7877297552,0.1779049507,0.7097594727,0.8657000376,0.2022566471,0.06188824373,0.1751329284,0.2293803658,0.02528476114,0.0143598499,0.01899127944,0.03157824284,0.228,2.847661973e-17,0.228,0.228,8,0,8,8,0.4355843321,0.02466057699,0.4247763577,0.4463923065,0.6203126485,0.02635597366,0.6087616337,0.6318636632,0.1377395142,0.008734685098,0.1339113697,0.1415676588,0.6146552644,0.006491071146,0.611810427,0.6175001017,1.588029781,0.0018665262,1.58721174,1.588847822,0.2286044986,2.847661973e-17,0.2286044986,0.2286044986,0.9775,0.100623059,0.9334,1.0216,2.171722788,1.795956229,1.384610266,2.95883531
E4_selection_strategy,fixed-total,random,8,20,0.6415343207,0.195114494,0.5560216234,0.727047018,0.7758225999,0.1175450114,0.7243062272,0.8273389725,0.1554677714,0.06255348098,0.1280524996,0.1828830432,0.03241522366,0.01261826482,0.02688502527,0.03794542205,0.228,2.847661973e-17,0.228,0.228,8,0,8,8,0.4689299299,0.01972704106,0.460284173,0.4775756868,0.5696570773,0.04316592752,0.5507387755,0.5885753792,0.1359646266,0.005366403944,0.1336126964,0.1383165569,0.6189654452,0.004091832373,0.6171721206,0.6207587699,1.589392477,0.0009460501559,1.588977852,1.589807102,0.2286044986,2.847661973e-17,0.2286044986,0.2286044986,1,0,1,1,8.343574735,0.009132761174,8.339572126,8.347577344
