hiddenCount,T,mode,metric,n,mean,ci95Low,ci95High
7.0,3.0,hold,eventGOLoss,30,7.136517483546005e-05,-0.00010576561739313817,0.00025964829715445536
7.0,3.0,hold,eventGODeviation,30,0.000366667943190805,0.00023318936456186138,0.0005250715006515891
7.0,3.0,hold,postGOLoss,30,-1.8728514862227753e-06,-0.00018132699498242487,0.00016027693430629603
7.0,3.0,hold,postGODeviation,30,0.000477108134942942,0.0003036359654925847,0.0006868325954949328
7.0,3.0,hold,eventPairDistanceIncrease,30,5.09895310941144e-07,1.741662652447738e-07,9.98897383656151e-07
7.0,3.0,hold,eventPairDistanceDeviation,30,6.176533100657468e-07,3.1489103809572334e-07,1.0848978351260996e-06
7.0,3.0,hold,postPairDistanceIncrease,30,1.1885769241205428e-05,4.1583423140434e-06,2.0215577498572565e-05
7.0,3.0,hold,postPairDistanceDeviation,30,1.6380940298698868e-05,1.0193333171181145e-05,2.3989929544122423e-05
7.0,3.0,hold,meanPredictionError,30,0.023316702863985028,0.019991025680315543,0.02658627490487829
7.0,3.0,hold,p90PredictionError,30,0.03626714641476321,0.03173918307475765,0.04148891508539727
7.0,3.0,hold,recoveryTime,30,1.2,1.2,1.2
7.0,3.0,kalman,eventGOLoss,30,3.869655130827222e-05,-0.00010728265742356138,0.0002251824910074716
7.0,3.0,kalman,eventGODeviation,30,0.0002925202118736341,0.0001734731906066241,0.0004464940764882285
7.0,3.0,kalman,postGOLoss,30,-0.0001452726783367948,-0.000513750768764691,0.00019730572050104204
7.0,3.0,kalman,postGODeviation,30,0.0005796539877399344,0.00028319576558086804,0.0009362860806321014
7.0,3.0,kalman,eventPairDistanceIncrease,30,2.713384200852636e-07,-2.0783336832530509e-07,8.50204248822132e-07
7.0,3.0,kalman,eventPairDistanceDeviation,30,7.235642535508477e-07,3.226673975595398e-07,1.2443061370955026e-06
7.0,3.0,kalman,postPairDistanceIncrease,30,1.432978134223449e-05,2.6427338364164764e-06,2.9557924679429226e-05
7.0,3.0,kalman,postPairDistanceDeviation,30,1.859078388522515e-05,7.555405947958995e-06,3.315403096091762e-05
7.0,3.0,kalman,meanPredictionError,30,0.02328783775283662,0.01954774681365894,0.0273548609958912
7.0,3.0,kalman,p90PredictionError,30,0.026095331747954573,0.025303748851796554,0.026892510939302998
7.0,3.0,kalman,recoveryTime,30,1.2,1.2,1.2
7.0,3.0,kalman-gm,eventGOLoss,30,-3.202540152527167e-05,-0.00021732364440825186,0.00016101587764458394
7.0,3.0,kalman-gm,eventGODeviation,30,0.00029728895551125843,0.00014765868318100057,0.00048043343721905637
7.0,3.0,kalman-gm,postGOLoss,30,-6.894905889810817e-05,-0.0002959704516651127,0.00014348675374349033
7.0,3.0,kalman-gm,postGODeviation,30,0.00039515430948584905,0.0002024905199083562,0.0006247373505375178
7.0,3.0,kalman-gm,eventPairDistanceIncrease,30,2.9941112039429595e-07,-1.0263343964885444e-07,8.318363974500292e-07
7.0,3.0,kalman-gm,eventPairDistanceDeviation,30,6.65212590369631e-07,3.416124729707646e-07,1.1350266967009397e-06
7.0,3.0,kalman-gm,postPairDistanceIncrease,30,5.732083765582453e-06,-3.181002330369787e-06,1.496836316850205e-05
7.0,3.0,kalman-gm,postPairDistanceDeviation,30,1.3914428470089813e-05,7.264627626707833e-06,2.1919681042983982e-05
7.0,3.0,kalman-gm,meanPredictionError,30,0.020235518214055972,0.016811857705803755,0.024000679483579215
7.0,3.0,kalman-gm,p90PredictionError,30,0.018209645325113922,0.01620093139894981,0.020661885611101598
7.0,3.0,kalman-gm,recoveryTime,30,1.2,1.2,1.2
7.0,3.0,mean,eventGOLoss,30,3.91671957890612e-05,-0.00010651317141420771,0.00022509172428118227
7.0,3.0,mean,eventGODeviation,30,0.00028921956237862274,0.000170536004212422,0.0004430948234470589
7.0,3.0,mean,postGOLoss,30,-0.00015315136817479778,-0.0005246465063675844,0.0001959906378707624
7.0,3.0,mean,postGODeviation,30,0.0005849286287896798,0.000283125024342735,0.0009446494965528915
7.0,3.0,mean,eventPairDistanceIncrease,30,2.77604908236843e-07,-2.033638898114401e-07,8.592613091748524e-07
7.0,3.0,mean,eventPairDistanceDeviation,30,7.301156668481261e-07,3.271127599629996e-07,1.25454493298797e-06
7.0,3.0,mean,postPairDistanceIncrease,30,1.5121218427156135e-05,2.9838488334174823e-06,3.073635629754266e-05
7.0,3.0,mean,postPairDistanceDeviation,30,1.9245719685575318e-05,7.683346798455237e-06,3.423419318129433e-05
7.0,3.0,mean,meanPredictionError,30,0.023287835666813528,0.019547743276219002,0.027354849015947195
7.0,3.0,mean,p90PredictionError,30,0.026095231984980236,0.02530364523681494,0.02689230598452706
7.0,3.0,mean,recoveryTime,30,1.2,1.2,1.2
7.0,3.0,none,eventGOLoss,30,9.736452010410647e-05,-0.0008136862096804741,0.0009689472311700342
7.0,3.0,none,eventGODeviation,30,0.0021795112454369814,0.0016912404575724742,0.002701460721822773
7.0,3.0,none,postGOLoss,30,-0.0005545026253292178,-0.0024807653689491297,0.0013890064370449854
7.0,3.0,none,postGODeviation,30,0.004914981157353632,0.0038612387142428735,0.006020177160096273
7.0,3.0,none,eventPairDistanceIncrease,30,7.478134813977924e-06,4.563858315414922e-06,1.0516618840835573e-05
7.0,3.0,none,eventPairDistanceDeviation,30,8.561106205428742e-06,6.121757938492615e-06,1.1366857661341091e-05
7.0,3.0,none,postPairDistanceIncrease,30,0.00011389339183616558,3.2184869421683914e-05,0.00019385315987134613
7.0,3.0,none,postPairDistanceDeviation,30,0.00018728754224514515,0.00013159824283210067,0.0002496946862456452
7.0,3.0,none,meanPredictionError,30,nan,nan,nan
7.0,3.0,none,p90PredictionError,30,nan,nan,nan
7.0,3.0,none,recoveryTime,30,1.2,1.2,1.2
7.0,6.0,hold,eventGOLoss,30,0.00023176507112821038,-0.00013316406811832997,0.0005888006823154673
7.0,6.0,hold,eventGODeviation,30,0.0008771063487432967,0.0006389685141407955,0.001129950436464784
7.0,6.0,hold,postGOLoss,30,0.00021447748322404487,-0.00025516096755697474,0.0007052528497991646
7.0,6.0,hold,postGODeviation,30,0.0011526567548924072,0.0008181185793048206,0.0015039595556341216
7.0,6.0,hold,eventPairDistanceIncrease,30,2.461979461946009e-06,1.1857903746048209e-06,4.1215015769240825e-06
7.0,6.0,hold,eventPairDistanceDeviation,30,3.0128909889299434e-06,1.9102161326555358e-06,4.538978955243559e-06
7.0,6.0,hold,postPairDistanceIncrease,30,4.098568374009756e-05,2.3338179660845556e-05,5.945720473610982e-05
7.0,6.0,hold,postPairDistanceDeviation,30,4.96141471481156e-05,3.506665772028721e-05,6.55935494383391e-05
7.0,6.0,hold,meanPredictionError,30,0.037813849217477574,0.03236575844347661,0.0434052904444664
7.0,6.0,hold,p90PredictionError,30,0.064691519691098,0.05445554308382152,0.0761230501173706
7.0,6.0,hold,recoveryTime,30,1.2,1.2,1.2
7.0,6.0,kalman,eventGOLoss,30,3.940520470109923e-05,-0.00021714104047916956,0.0003198429307684763
7.0,6.0,kalman,eventGODeviation,30,0.0005673833584919867,0.00039044374163603685,0.0007738822602448522
7.0,6.0,kalman,postGOLoss,30,0.00023788615705488278,-0.0007349238108833017,0.0014873199392368098
7.0,6.0,kalman,postGODeviation,30,0.0016991651247770549,0.000926285782594618,0.0027905483601044657
7.0,6.0,kalman,eventPairDistanceIncrease,30,8.336905507168552e-07,-5.333923499293659e-07,2.594449963943747e-06
7.0,6.0,kalman,eventPairDistanceDeviation,30,2.51733651248478e-06,1.3772525065853612e-06,4.026627303487402e-06
7.0,6.0,kalman,postPairDistanceIncrease,30,8.422630921206111e-06,-1.2812490574008879e-05,3.2414045368301386e-05
7.0,6.0,kalman,postPairDistanceDeviation,30,4.3414058381147994e-05,2.7723799704388578e-05,6.161238402368009e-05
7.0,6.0,kalman,meanPredictionError,30,0.03548551558456013,0.030900465248831343,0.04037103007140483
7.0,6.0,kalman,p90PredictionError,30,0.0443856597135283,0.04266292852774711,0.046172668154097374
7.0,6.0,kalman,recoveryTime,30,1.2,1.2,1.2
7.0,6.0,kalman-gm,eventGOLoss,30,-4.351409251395051e-05,-0.0003242056728996899,0.0002544264216600996
7.0,6.0,kalman-gm,eventGODeviation,30,0.0005748536850984801,0.0003659638350015376,0.0008228337427082529
7.0,6.0,kalman-gm,postGOLoss,30,-5.508785266917565e-06,-0.0002699152762272479,0.00024384995085573822
7.0,6.0,kalman-gm,postGODeviation,30,0.0006388329707842133,0.00043683367721465227,0.0008742181310269321
7.0,6.0,kalman-gm,eventPairDistanceIncrease,30,1.0548283195937586e-06,-2.7901612508184646e-07,2.7183057213884436e-06
7.0,6.0,kalman-gm,eventPairDistanceDeviation,30,2.4854126652598693e-06,1.4831984321477205e-06,3.9011948285246585e-06
7.0,6.0,kalman-gm,postPairDistanceIncrease,30,1.516352248386056e-05,-1.3378135272120962e-06,3.3851339781376644e-05
7.0,6.0,kalman-gm,postPairDistanceDeviation,30,3.224209533606376e-05,1.9786953638444782e-05,4.7466546796224316e-05
7.0,6.0,kalman-gm,meanPredictionError,30,0.03164895353039244,0.0262842063661131,0.03749071928865497
7.0,6.0,kalman-gm,p90PredictionError,30,0.0319180767658005,0.02719259087633845,0.0375376979912616
7.0,6.0,kalman-gm,recoveryTime,30,1.2,1.2,1.2
7.0,6.0,mean,eventGOLoss,30,3.7260137909040306e-05,-0.00021645030637643911,0.0003169735200759317
7.0,6.0,mean,eventGODeviation,30,0.0005598277540678054,0.00038266107994343464,0.0007705455124667902
7.0,6.0,mean,postGOLoss,30,0.00025399776045251086,-0.0007123172371290671,0.0014818083531603252
7.0,6.0,mean,postGODeviation,30,0.0016640452290334945,0.0008985695575302982,0.0027302058524483453
7.0,6.0,mean,eventPairDistanceIncrease,30,9.380060360339452e-07,-4.2984231812588263e-07,2.6892743391485526e-06
7.0,6.0,mean,eventPairDistanceDeviation,30,2.499011007258181e-06,1.3590016734935558e-06,4.022710740511405e-06
7.0,6.0,mean,postPairDistanceIncrease,30,1.0513520456267726e-05,-1.0822377808195078e-05,3.4524654586452476e-05
7.0,6.0,mean,postPairDistanceDeviation,30,4.2052770223272196e-05,2.577275823423174e-05,6.10369573286238e-05
7.0,6.0,mean,meanPredictionError,30,0.035485623605060135,0.030900663427466626,0.040370853003536704
7.0,6.0,mean,p90PredictionError,30,0.044385111308335744,0.04266377762721004,0.04617044750082479
7.0,6.0,mean,recoveryTime,30,1.2,1.2,1.2
7.0,6.0,none,eventGOLoss,30,1.5883505038713067e-05,-0.001683739753544079,0.0017398869879698205
7.0,6.0,none,eventGODeviation,30,0.004009042334748925,0.003032371560742646,0.005044660507822856
7.0,6.0,none,postGOLoss,30,-0.0022434530036047656,-0.005508579477877205,0.0009568658664849463
7.0,6.0,none,postGODeviation,30,0.008292266593700958,0.006540987028689671,0.010246156482580673
7.0,6.0,none,eventPairDistanceIncrease,30,3.111132930503907e-05,2.1022885537911686e-05,4.1796680645887225e-05
7.0,6.0,none,eventPairDistanceDeviation,30,3.333402743375499e-05,2.4313956238634505e-05,4.33279269223472e-05
7.0,6.0,none,postPairDistanceIncrease,30,0.0003406985038247955,0.00019347930431818562,0.0004972302712746197
7.0,6.0,none,postPairDistanceDeviation,30,0.00041700009171730356,0.0003009913676935866,0.0005463016941096989
7.0,6.0,none,meanPredictionError,30,nan,nan,nan
7.0,6.0,none,p90PredictionError,30,nan,nan,nan
7.0,6.0,none,recoveryTime,30,1.2,1.2,1.2
7.0,10.2,hold,eventGOLoss,30,0.0003154157715154676,-0.00042866383326500075,0.001074410567195417
7.0,10.2,hold,eventGODeviation,30,0.0017471412220747043,0.0013008724951909876,0.002238706679544095
7.0,10.2,hold,postGOLoss,30,0.0005503127481384392,-0.00037870954791461415,0.0015448424900532825
7.0,10.2,hold,postGODeviation,30,0.0023503967332752724,0.0017116604102634374,0.0030171222347443573
7.0,10.2,hold,eventPairDistanceIncrease,30,1.0432792368162133e-05,6.018843756864231e-06,1.534756786686631e-05
7.0,10.2,hold,eventPairDistanceDeviation,30,1.211593831432459e-05,8.450031365909773e-06,1.6548520776225866e-05
7.0,10.2,hold,postPairDistanceIncrease,30,0.00012240894440498934,7.704981862071874e-05,0.0001706413909813662
7.0,10.2,hold,postPairDistanceDeviation,30,0.00013634218624049865,9.782556839681568e-05,0.0001798915592213864
7.0,10.2,hold,meanPredictionError,30,0.060634385552254096,0.05172677484304165,0.06990872146742858
7.0,10.2,hold,p90PredictionError,30,0.1092804038739934,0.0905100350406324,0.13002694277583196
7.0,10.2,hold,recoveryTime,30,1.2,1.2,1.2
7.0,10.2,kalman,eventGOLoss,30,-8.896985197258502e-05,-0.0005518774194528135,0.0003577276121035791
7.0,10.2,kalman,eventGODeviation,30,0.0010944318439687216,0.0008096407623482927,0.0014303363711262525
7.0,10.2,kalman,postGOLoss,30,1.183944318837622e-06,-0.00263802148291785,0.0024691537102372444
7.0,10.2,kalman,postGODeviation,30,0.0037237668482939844,0.0019288695659575494,0.006039052747448535
7.0,10.2,kalman,eventPairDistanceIncrease,30,1.631229360186103e-06,-2.1925714220751203e-06,6.39382319352489e-06
7.0,10.2,kalman,eventPairDistanceDeviation,30,7.752012819386486e-06,4.80793461683033e-06,1.1488155448936537e-05
7.0,10.2,kalman,postPairDistanceIncrease,30,-2.118065436894688e-05,-7.684244179199255e-05,3.4806901446332536e-05
7.0,10.2,kalman,postPairDistanceDeviation,30,0.00010849548081094536,7.066134498728142e-05,0.00015343521733170786
7.0,10.2,kalman,meanPredictionError,30,0.05554609379299061,0.04898117743188927,0.06245500150259896
7.0,10.2,kalman,p90PredictionError,30,0.07315319481031525,0.06927415106510819,0.07716558227606868
7.0,10.2,kalman,recoveryTime,30,1.2,1.2,1.2
7.0,10.2,kalman-gm,eventGOLoss,30,-5.43152979631977e-05,-0.0004930240699190871,0.00041407950184657805
7.0,10.2,kalman-gm,eventGODeviation,30,0.0009955610988067849,0.0007120852617995009,0.0013474003008594481
7.0,10.2,kalman-gm,postGOLoss,30,0.0008089901542970553,-3.2726049947238014e-05,0.0018054134723432384
7.0,10.2,kalman-gm,postGODeviation,30,0.0017998513267190328,0.001158644759990235,0.002646132359453873
7.0,10.2,kalman-gm,eventPairDistanceIncrease,30,4.534694862773316e-06,8.486766228053076e-07,9.091383784344836e-06
7.0,10.2,kalman-gm,eventPairDistanceDeviation,30,7.709058834249926e-06,4.975969976046729e-06,1.1569848368902347e-05
7.0,10.2,kalman-gm,postPairDistanceIncrease,30,6.029541770883239e-05,2.6964725115222754e-05,9.959377883085862e-05
7.0,10.2,kalman-gm,postPairDistanceDeviation,30,8.00954442731417e-05,5.25643698971924e-05,0.0001135197816884526
7.0,10.2,kalman-gm,meanPredictionError,30,0.049955723172218344,0.04194481455665779,0.058617671307741266
7.0,10.2,kalman-gm,p90PredictionError,30,0.05843607231940801,0.04789967023689837,0.07105463699212464
7.0,10.2,kalman-gm,recoveryTime,30,1.2,1.2,1.2
7.0,10.2,mean,eventGOLoss,30,4.8328152838776874e-05,-0.00037041266146280096,0.0004860849110692272
7.0,10.2,mean,eventGODeviation,30,0.001041723622138541,0.0007883942189772315,0.0013386577260082624
7.0,10.2,mean,postGOLoss,30,0.0007554471551629958,-0.0005894006353217847,0.0022216331661503224
7.0,10.2,mean,postGODeviation,30,0.002520393432134482,0.0015375684771187748,0.003806422292303597
7.0,10.2,mean,eventPairDistanceIncrease,30,2.4009741421873615e-06,-1.4948000103357754e-06,7.315249267282601e-06
7.0,10.2,mean,eventPairDistanceDeviation,30,7.473714679419063e-06,4.248070318926481e-06,1.1533516862694554e-05
7.0,10.2,mean,postPairDistanceIncrease,30,3.291432333458785e-05,-8.498053779732284e-06,8.26639299289252e-05
7.0,10.2,mean,postPairDistanceDeviation,30,8.003214160350165e-05,4.5625811006268155e-05,0.00012140937998579188
7.0,10.2,mean,meanPredictionError,30,0.05555080426437324,0.048988304283887195,0.06245861086437334
7.0,10.2,mean,p90PredictionError,30,0.07316407969394183,0.06928631925186331,0.07717682986865258
7.0,10.2,mean,recoveryTime,30,1.2,1.2,1.2
7.0,10.2,none,eventGOLoss,30,-3.735780047567389e-05,-0.0028003872471925794,0.0027874845852340494
7.0,10.2,none,eventGODeviation,30,0.006434185418777663,0.004868591298959273,0.008110992768177944
7.0,10.2,none,postGOLoss,30,-0.0031308735722914,-0.008937523384534702,0.002476298730888897
7.0,10.2,none,postGODeviation,30,0.0144662122395643,0.011375937913819812,0.017838430376203133
7.0,10.2,none,eventPairDistanceIncrease,30,9.447074252613552e-05,6.670659871822267e-05,0.00012376961454951439
7.0,10.2,none,eventPairDistanceDeviation,30,9.763989713277259e-05,7.170397332090226e-05,0.0001257455578600327
7.0,10.2,none,postPairDistanceIncrease,30,0.0007129514469636527,0.0004539561543393316,0.0009957922703206002
7.0,10.2,none,postPairDistanceDeviation,30,0.000803227942819148,0.0005851056822665214,0.001050963202406946
7.0,10.2,none,meanPredictionError,30,nan,nan,nan
7.0,10.2,none,p90PredictionError,30,nan,nan,nan
7.0,10.2,none,recoveryTime,30,1.2,1.2,1.2
7.0,18.0,hold,eventGOLoss,30,0.001305711259647534,8.013736587146276e-05,0.002572225663075048
7.0,18.0,hold,eventGODeviation,30,0.0032034909367184713,0.002483675969127795,0.003987473682034097
7.0,18.0,hold,postGOLoss,30,0.0019129602575956401,-0.000552828408704899,0.004572706833630878
7.0,18.0,hold,postGODeviation,30,0.006415846637464957,0.004892146322478126,0.008156495581296004
7.0,18.0,hold,eventPairDistanceIncrease,30,4.89550648573562e-05,3.1915156921386735e-05,6.740779982475582e-05
7.0,18.0,hold,eventPairDistanceDeviation,30,5.236642248068253e-05,3.719886647162135e-05,6.964439851243575e-05
7.0,18.0,hold,postPairDistanceIncrease,30,0.00042533058799790825,0.0002827346660239201,0.0005789709818827205
7.0,18.0,hold,postPairDistanceDeviation,30,0.0004429118878844281,0.0003110006915747127,0.0005920441684190973
7.0,18.0,hold,meanPredictionError,30,0.10423835577333032,0.08952749488911221,0.11963154026560745
7.0,18.0,hold,p90PredictionError,30,0.20111590084600356,0.1643252166240524,0.24314678269860343
7.0,18.0,hold,recoveryTime,30,1.2,1.2,1.2
7.0,18.0,kalman,eventGOLoss,30,0.00020336135610940536,-0.0009935312325759162,0.0013998535590378045
7.0,18.0,kalman,eventGODeviation,30,0.0028554428925038045,0.0021826416309108014,0.003597082894121149
7.0,18.0,kalman,postGOLoss,30,0.0008998773956313923,-0.0039172825615657264,0.004904593802632927
7.0,18.0,kalman,postGODeviation,30,0.00864131538607278,0.006055958421559457,0.01228121479370312
7.0,18.0,kalman,eventPairDistanceIncrease,30,-8.95051953105608e-07,-1.2907479661310091e-05,1.3049385546243524e-05
7.0,18.0,kalman,eventPairDistanceDeviation,30,2.7691555748826573e-05,1.953883176977866e-05,3.667494127798884e-05
7.0,18.0,kalman,postPairDistanceIncrease,30,-0.0002123142157156766,-0.00038735965909663647,-7.304429090225109e-05
7.0,18.0,kalman,postPairDistanceDeviation,30,0.00033370585719562227,0.00022992037842681608,0.0004811503042024576
7.0,18.0,kalman,meanPredictionError,30,0.0947198116849884,0.08394314464041024,0.10628112219225036
7.0,18.0,kalman,p90PredictionError,30,0.13782801523044785,0.12625077914174387,0.1508004597969817
7.0,18.0,kalman,recoveryTime,30,1.2,1.2,1.2
7.0,18.0,kalman-gm,eventGOLoss,30,0.0007105393015586625,-0.00012780761947246838,0.0015869703340252797
7.0,18.0,kalman-gm,eventGODeviation,30,0.002257113667052728,0.0017689844290285752,0.002831064867643003
7.0,18.0,kalman-gm,postGOLoss,30,0.0018815672675994355,-0.0003424138441175546,0.0042863951039850265
7.0,18.0,kalman-gm,postGODeviation,30,0.005173465750622832,0.00365389352973602,0.0069663460608631435
7.0,18.0,kalman-gm,eventPairDistanceIncrease,30,2.4153489129632607e-05,1.1587294064429563e-05,3.9241433383628225e-05
7.0,18.0,kalman-gm,eventPairDistanceDeviation,30,3.03643351924982e-05,1.9930654848160697e-05,4.372764531618848e-05
7.0,18.0,kalman-gm,postPairDistanceIncrease,30,0.0002886875924068066,0.00017851219819439536,0.0004170393819823095
7.0,18.0,kalman-gm,postPairDistanceDeviation,30,0.0003053478789556698,0.00020196974670405368,0.0004285772659132884
7.0,18.0,kalman-gm,meanPredictionError,30,0.0860777687125545,0.07325610895415974,0.09938925239161732
7.0,18.0,kalman-gm,p90PredictionError,30,0.1250646278595337,0.1010341642698466,0.15218911908506352
7.0,18.0,kalman-gm,recoveryTime,30,1.2,1.2,1.2
7.0,18.0,mean,eventGOLoss,30,0.00044805708044267604,-0.00047697172516218765,0.0013640825412845584
7.0,18.0,mean,eventGODeviation,30,0.0024210599419479647,0.0019584426874390427,0.0029196360780541584
7.0,18.0,mean,postGOLoss,30,0.001177967982483707,-0.0018985753126406907,0.0039271233828286406
7.0,18.0,mean,postGODeviation,30,0.006316059606290374,0.004482560392518297,0.008392079356655008
7.0,18.0,mean,eventPairDistanceIncrease,30,9.475267704079948e-06,-3.0034940102476498e-06,2.4519117564969028e-05
7.0,18.0,mean,eventPairDistanceDeviation,30,2.4727142229845152e-05,1.4553372788376677e-05,3.6811461192608216e-05
7.0,18.0,mean,postPairDistanceIncrease,30,4.397901767263183e-05,-5.353240942461783e-05,0.00015202929127865663
7.0,18.0,mean,postPairDistanceDeviation,30,0.000210694694412121,0.00014270270069275127,0.0002880877726669521
7.0,18.0,mean,meanPredictionError,30,0.09475385858485831,0.08394409586185611,0.10636547636336875
7.0,18.0,mean,p90PredictionError,30,0.13786524304657896,0.12619180146838957,0.1508589129887468
7.0,18.0,mean,recoveryTime,30,1.2,1.2,1.2
7.0,18.0,none,eventGOLoss,30,0.0009426197166872849,-0.0038185606853131287,0.00574127455802384
7.0,18.0,none,eventGODeviation,30,0.011035101633703184,0.008420076627969925,0.013946345315611047
7.0,18.0,none,postGOLoss,30,-0.0013411837831254977,-0.012011822527150029,0.00916466250348737
7.0,18.0,none,postGODeviation,30,0.024947275936613406,0.019349435458434365,0.031207339067251327
7.0,18.0,none,eventPairDistanceIncrease,30,0.0003014198510436132,0.00021938712557415053,0.000391408325271252
7.0,18.0,none,eventPairDistanceDeviation,30,0.0003058176031717598,0.0002249101442127422,0.0003941979203373567
7.0,18.0,none,postPairDistanceIncrease,30,0.0017621759003781097,0.0012302411438946054,0.002362923241442874
7.0,18.0,none,postPairDistanceDeviation,30,0.0018683933616722406,0.00139033252961842,0.0024364419775783543
7.0,18.0,none,meanPredictionError,30,nan,nan,nan
7.0,18.0,none,p90PredictionError,30,nan,nan,nan
7.0,18.0,none,recoveryTime,30,1.82,1.2,3.06
7.0,30.0,hold,eventGOLoss,30,0.003197131801669396,0.000902851482332352,0.005359103452118376
7.0,30.0,hold,eventGODeviation,30,0.005954115582105407,0.004577381435098952,0.007371667518997486
7.0,30.0,hold,postGOLoss,30,0.0027541694429600782,-0.002405573313166121,0.00850363495595497
7.0,30.0,hold,postGODeviation,30,0.011954815268890511,0.008348310108980692,0.016271402313942442
7.0,30.0,hold,eventPairDistanceIncrease,30,0.00019622104703979651,0.00014014038737443748,0.0002579059655531839
7.0,30.0,hold,eventPairDistanceDeviation,30,0.00019835107296798103,0.00014387019545987904,0.00025990474509035767
7.0,30.0,hold,postPairDistanceIncrease,30,0.0013155607588697309,0.0009465472201187606,0.0017287360896222203
7.0,30.0,hold,postPairDistanceDeviation,30,0.0013298199264451052,0.0009718392266245176,0.001735496225514628
7.0,30.0,hold,meanPredictionError,30,0.16972348621401145,0.1466053173963365,0.1938147634268115
7.0,30.0,hold,p90PredictionError,30,0.3704917290682536,0.2971163328887862,0.4534676401125049
7.0,30.0,hold,recoveryTime,30,1.2,1.2,1.2
7.0,30.0,kalman,eventGOLoss,30,0.00025757127339020637,-0.0026332789654253874,0.0032204263188353134
7.0,30.0,kalman,eventGODeviation,30,0.006935786513342443,0.00540336303815751,0.008629211544178558
7.0,30.0,kalman,postGOLoss,30,0.00023875065082879616,-0.007816555074865904,0.00773547510612391
7.0,30.0,kalman,postGODeviation,30,0.017470668346159908,0.01281407144294696,0.02293544883040451
7.0,30.0,kalman,eventPairDistanceIncrease,30,-2.08128679124576e-05,-6.042778858340826e-05,2.1985349114041123e-05
7.0,30.0,kalman,eventPairDistanceDeviation,30,9.931384020451015e-05,7.536331812866469e-05,0.00012287150292723432
7.0,30.0,kalman,postPairDistanceIncrease,30,-0.0002473076184062838,-0.0006586973228810699,7.39517693607441e-05
7.0,30.0,kalman,postPairDistanceDeviation,30,0.0006772051494801195,0.0004369599067841836,0.001026310521348105
7.0,30.0,kalman,meanPredictionError,30,0.1568349223545344,0.1400913782328501,0.17372315641580405
7.0,30.0,kalman,p90PredictionError,30,0.2731416565399999,0.23744819921040347,0.3135114410252804
7.0,30.0,kalman,recoveryTime,30,1.38,1.2,1.7399999999999998
7.0,30.0,kalman-gm,eventGOLoss,30,0.00206818660073118,-0.00011539190647286161,0.004294589796484635
7.0,30.0,kalman-gm,eventGODeviation,30,0.005420927582029468,0.004163561244600897,0.0068470666725271795
7.0,30.0,kalman-gm,postGOLoss,30,0.0019287804064787083,-0.002994717384234122,0.007454041040031457
7.0,30.0,kalman-gm,postGODeviation,30,0.010873562888059208,0.00764782638849387,0.014795078533301791
7.0,30.0,kalman-gm,eventPairDistanceIncrease,30,0.00012299957872475613,7.970546653223575e-05,0.0001739752519090384
7.0,30.0,kalman-gm,eventPairDistanceDeviation,30,0.00013117902929976898,9.015327670664986e-05,0.00017922249332782763
7.0,30.0,kalman-gm,postPairDistanceIncrease,30,0.0009343727728092535,0.0006158401684765997,0.0012990207675406679
7.0,30.0,kalman-gm,postPairDistanceDeviation,30,0.0009569244896613,0.0006463019915675839,0.0013125680043836188
7.0,30.0,kalman-gm,meanPredictionError,30,0.14493672045575004,0.12515045977099315,0.1646359827820314
7.0,30.0,kalman-gm,p90PredictionError,30,0.2747118873144008,0.217838656148062,0.33844211538421337
7.0,30.0,kalman-gm,recoveryTime,30,1.2,1.2,1.2
7.0,30.0,mean,eventGOLoss,30,0.0010521343566103384,-0.001110270869724398,0.0031804517750743254
7.0,30.0,mean,eventGODeviation,30,0.005358274554231522,0.0042146205725436415,0.006557051082499671
7.0,30.0,mean,postGOLoss,30,0.0007376499741799245,-0.005501642715963769,0.006596236180714182
7.0,30.0,mean,postGODeviation,30,0.011865171163203396,0.00793310839389153,0.01700538505809014
7.0,30.0,mean,eventPairDistanceIncrease,30,3.554615021777941e-05,-1.8596638212659856e-06,7.957303685181631e-05
7.0,30.0,mean,eventPairDistanceDeviation,30,8.078936706349679e-05,5.162527565301842e-05,0.0001153196993046468
7.0,30.0,mean,postPairDistanceIncrease,30,7.684128480331917e-05,-0.00018800170487317177,0.00034448158511930793
7.0,30.0,mean,postPairDistanceDeviation,30,0.0005761464903151096,0.0004162104605119757,0.0007571464949862688
7.0,30.0,mean,meanPredictionError,30,0.15718359293461673,0.14032231440844498,0.17417299182195062
7.0,30.0,mean,p90PredictionError,30,0.2743982295754733,0.2381481199420687,0.3156280308806149
7.0,30.0,mean,recoveryTime,30,1.2,1.2,1.2
7.0,30.0,none,eventGOLoss,30,0.001408508379265106,-0.006159267098500689,0.009243731091221733
7.0,30.0,none,eventGODeviation,30,0.018428067867407343,0.014297573754950294,0.023129676636113476
7.0,30.0,none,postGOLoss,30,-0.003508376948440981,-0.018812662712576703,0.011322749673481427
7.0,30.0,none,postGODeviation,30,0.035367237308009246,0.02742410737265523,0.043912412826730106
7.0,30.0,none,eventPairDistanceIncrease,30,0.0008395874768628043,0.0006242213152759177,0.0010706984092581184
7.0,30.0,none,eventPairDistanceDeviation,30,0.00084490854707082,0.000632906765577347,0.001073872115452423
7.0,30.0,none,postPairDistanceIncrease,30,0.0039592888671270724,0.002918383696154291,0.005125104351251618
7.0,30.0,none,postPairDistanceDeviation,30,0.0040198561423254574,0.0030156271849852436,0.005173116677984673
7.0,30.0,none,meanPredictionError,30,nan,nan,nan
7.0,30.0,none,p90PredictionError,30,nan,nan,nan
7.0,30.0,none,recoveryTime,30,3.1500000000000004,1.823076923076923,4.788461538461538
7.0,60.0,hold,eventGOLoss,30,0.005526939145257941,0.0003220944480160403,0.010934163967912523
7.0,60.0,hold,eventGODeviation,30,0.013764444078262194,0.010339873556552508,0.017649010395729234
7.0,60.0,hold,postGOLoss,30,-0.0050872412217462986,-0.0199104787558359,0.010897208377629817
7.0,60.0,hold,postGODeviation,30,0.033666416723635975,0.0244860653530369,0.04403108943237997
7.0,60.0,hold,eventPairDistanceIncrease,30,0.0012124778373889034,0.000913147571417322,0.0015385279859418067
7.0,60.0,hold,eventPairDistanceDeviation,30,0.0012148607380183727,0.0009175803955070368,0.0015411159621956808
7.0,60.0,hold,postPairDistanceIncrease,30,0.005970300285303299,0.00444607229638737,0.007688401807202366
7.0,60.0,hold,postPairDistanceDeviation,30,0.005976901495726493,0.0044568900178077134,0.007694743102024323
7.0,60.0,hold,meanPredictionError,30,0.3287859595517258,0.2865258345349862,0.37307587776619566
7.0,60.0,hold,p90PredictionError,30,0.9507714398163903,0.7542553048318184,1.1669717835192583
7.0,60.0,hold,recoveryTime,30,1.211111111111111,1.2,1.2333333333333332
7.0,60.0,kalman,eventGOLoss,30,-0.0021752887915909933,-0.009593014590768984,0.004678996518958671
7.0,60.0,kalman,eventGODeviation,30,0.017791877316390585,0.01439725434832396,0.02168334649998619
7.0,60.0,kalman,postGOLoss,30,-0.017344033263155926,-0.03572406081643328,-0.00031651118767695027
7.0,60.0,kalman,postGODeviation,30,0.0415502011952468,0.030508607799393163,0.05438135213701065
7.0,60.0,kalman,eventPairDistanceIncrease,30,0.00036513098310085677,0.00012934589778034163,0.0005930156805386108
7.0,60.0,kalman,eventPairDistanceDeviation,30,0.0006462618989094991,0.0005035247933715451,0.0008100133679544436
7.0,60.0,kalman,postPairDistanceIncrease,30,0.003719678423164847,0.0021269260833269355,0.005311015461391754
7.0,60.0,kalman,postPairDistanceDeviation,30,0.004552541809075223,0.003305348313802647,0.005888889784631446
7.0,60.0,kalman,meanPredictionError,30,0.1568349223545344,0.1400913782328501,0.17372315641580405
7.0,60.0,kalman,p90PredictionError,30,0.2731416565399999,0.23744819921040347,0.3135114410252804
7.0,60.0,kalman,recoveryTime,30,4.4750000000000005,1.2625,8.6625
7.0,60.0,kalman-gm,eventGOLoss,30,0.0035202232258485146,-0.0020929060037275585,0.00951499517521122
7.0,60.0,kalman-gm,eventGODeviation,30,0.012993565638154047,0.009411624134645915,0.01706908301790022
7.0,60.0,kalman-gm,postGOLoss,30,-0.007098063346252843,-0.024785470661388816,0.011536760133504362
7.0,60.0,kalman-gm,postGODeviation,30,0.037233395294053694,0.02559608998545726,0.050063595422971376
7.0,60.0,kalman-gm,eventPairDistanceIncrease,30,0.0009047470872513718,0.0006293573575125272,0.0012095612313460778
7.0,60.0,kalman-gm,eventPairDistanceDeviation,30,0.0009095098435789416,0.0006371950658917244,0.0012128942385204286
7.0,60.0,kalman-gm,postPairDistanceIncrease,30,0.004460807220543812,0.0030086534184402187,0.0060802745074620135
7.0,60.0,kalman-gm,postPairDistanceDeviation,30,0.00463249053165476,0.0032337158374041316,0.006184230562592754
7.0,60.0,kalman-gm,meanPredictionError,30,0.297465474731263,0.25936605987401,0.3362955402472595
7.0,60.0,kalman-gm,p90PredictionError,30,0.8809616935707311,0.690973141066076,1.0864239085343355
7.0,60.0,kalman-gm,recoveryTime,30,1.5125,1.2,2.1374999999999997
7.0,60.0,mean,eventGOLoss,30,6.70653909281285e-05,-0.005924770523636263,0.00567463618896542
7.0,60.0,mean,eventGODeviation,30,0.014960735697704116,0.012024851727319107,0.018180362790131337
7.0,60.0,mean,postGOLoss,30,-0.0132856813198604,-0.031133337653527486,0.0028718029363971136
7.0,60.0,mean,postGODeviation,30,0.03821400760325308,0.027774343897512974,0.05011175278479822
7.0,60.0,mean,eventPairDistanceIncrease,30,0.000531802959696514,0.0003317521889240656,0.0007486645975463615
7.0,60.0,mean,eventPairDistanceDeviation,30,0.0006063236422202951,0.00042748961255149333,0.0008010696117767631
7.0,60.0,mean,postPairDistanceIncrease,30,0.004014925276987509,0.0026132953757360944,0.0055004039038243245
7.0,60.0,mean,postPairDistanceDeviation,30,0.004490108323083154,0.003246104927714234,0.005841758717593503
7.0,60.0,mean,meanPredictionError,30,0.15718359293461673,0.14032231440844498,0.17417299182195062
7.0,60.0,mean,p90PredictionError,30,0.2743982295754733,0.2381481199420687,0.3156280308806149
7.0,60.0,mean,recoveryTime,30,4.524,1.896,7.848000000000001
7.0,60.0,none,eventGOLoss,30,-0.0038570225057763872,-0.017340704316806635,0.009159052783515408
7.0,60.0,none,eventGODeviation,30,0.033209292816726306,0.026290358306463996,0.04047205115446702
7.0,60.0,none,postGOLoss,30,-0.0254566165721878,-0.051269749653873056,-0.0014955407668098915
7.0,60.0,none,postGODeviation,30,0.05657571230253556,0.04110689735447069,0.075027903747744
7.0,60.0,none,eventPairDistanceIncrease,30,0.003174361954054137,0.0024855905071705245,0.003938921238134465
7.0,60.0,none,eventPairDistanceDeviation,30,0.003178760462825932,0.0024894299348130916,0.003941570020602906
7.0,60.0,none,postPairDistanceIncrease,30,0.011587196754163155,0.008820666144871904,0.014675188898022998
7.0,60.0,none,postPairDistanceDeviation,30,0.01159069714220002,0.008824166532908767,0.014675188898022998
7.0,60.0,none,meanPredictionError,30,nan,nan,nan
7.0,60.0,none,p90PredictionError,30,nan,nan,nan
7.0,60.0,none,recoveryTime,30,6.05,3.225,9.362499999999999
11.0,3.0,hold,eventGOLoss,30,0.00010197565874184112,-0.00011297973218947251,0.0003242864836561091
11.0,3.0,hold,eventGODeviation,30,0.00046848125225457,0.00030982867153172503,0.000647774008646472
11.0,3.0,hold,postGOLoss,30,0.00010784602792702296,-0.0001686879467941933,0.00039091988288079055
11.0,3.0,hold,postGODeviation,30,0.0006296524460456115,0.000393219760465268,0.0009017656973231383
11.0,3.0,hold,eventPairDistanceIncrease,30,8.094850102740673e-07,3.610669668144276e-07,1.3820149645348462e-06
11.0,3.0,hold,eventPairDistanceDeviation,30,9.344953035135552e-07,5.179637516553038e-07,1.491732503861772e-06
11.0,3.0,hold,postPairDistanceIncrease,30,1.920139543247644e-05,7.648440269866232e-06,3.279421479143079e-05
11.0,3.0,hold,postPairDistanceDeviation,30,2.6106485388931865e-05,1.619507471522089e-05,3.83102336992026e-05
11.0,3.0,hold,meanPredictionError,30,0.02422825295348103,0.020819766809299235,0.028247109178159036
11.0,3.0,hold,p90PredictionError,30,0.03614978327755498,0.031856717500852415,0.04088689246912343
11.0,3.0,hold,recoveryTime,30,1.2,1.2,1.2
11.0,3.0,kalman,eventGOLoss,30,6.720175848980003e-05,-9.590050199170931e-05,0.0002596312453160034
11.0,3.0,kalman,eventGODeviation,30,0.0003512411725850559,0.00022780712195869923,0.0005062771082196675
11.0,3.0,kalman,postGOLoss,30,-5.230867364853287e-05,-0.00045265614471156224,0.0003372203441844224
11.0,3.0,kalman,postGODeviation,30,0.000750374715729822,0.0004357280898572929,0.0011071141254911257
11.0,3.0,kalman,eventPairDistanceIncrease,30,3.5608592488527595e-07,-1.5177973655619574e-07,9.588763113539674e-07
11.0,3.0,kalman,eventPairDistanceDeviation,30,8.778978012649134e-07,4.6633885924287274e-07,1.4020819154642035e-06
11.0,3.0,kalman,postPairDistanceIncrease,30,1.6983625439188124e-05,3.876527564833683e-06,3.289737067464088e-05
11.0,3.0,kalman,postPairDistanceDeviation,30,2.489200182076003e-05,1.2963163531339528e-05,3.96841612411716e-05
11.0,3.0,kalman,meanPredictionError,30,0.024241512491556646,0.019786459472788783,0.0302300597312203
11.0,3.0,kalman,p90PredictionError,30,0.025808917391480342,0.025087716819717852,0.02662206471292248
11.0,3.0,kalman,recoveryTime,30,1.2,1.2,1.2
11.0,3.0,kalman-gm,eventGOLoss,30,1.4621151066993275e-05,-0.00016933440956456321,0.00021181829418059938
11.0,3.0,kalman-gm,eventGODeviation,30,0.0003440178954070752,0.00020091634987438845,0.0005175755456980111
11.0,3.0,kalman-gm,postGOLoss,30,3.0856185809356315e-05,-0.00025706749062350535,0.00032672430359459594
11.0,3.0,kalman-gm,postGODeviation,30,0.0005350797911646309,0.00028832378659519214,0.0008270552042720602
11.0,3.0,kalman-gm,eventPairDistanceIncrease,30,4.784361501530371e-07,5.615864742699259e-08,1.0188529692575315e-06
11.0,3.0,kalman-gm,eventPairDistanceDeviation,30,8.02556946997481e-07,4.6093952564538163e-07,1.2869397007420533e-06
11.0,3.0,kalman-gm,postPairDistanceIncrease,30,1.1100008435480457e-05,-8.117692576890735e-07,2.397515574904742e-05
11.0,3.0,kalman-gm,postPairDistanceDeviation,30,2.1204224847399457e-05,1.2068208076759333e-05,3.223859233556437e-05
11.0,3.0,kalman-gm,meanPredictionError,30,0.021464739171967027,0.016879459036048778,0.028021574591811736
11.0,3.0,kalman-gm,p90PredictionError,30,0.01829614328368104,0.01649180398242646,0.02029437776775036
11.0,3.0,kalman-gm,recoveryTime,30,1.2,1.2,1.2
11.0,3.0,mean,eventGOLoss,30,6.981603103522747e-05,-9.046089881118287e-05,0.00025990337162919006
11.0,3.0,mean,eventGODeviation,30,0.0003464369587106888,0.00022401811999524316,0.000501038819777978
11.0,3.0,mean,postGOLoss,30,-6.108229572795219e-05,-0.0004599869321490207,0.0003255631975691029
11.0,3.0,mean,postGODeviation,30,0.0007419049017558341,0.00042769720457249295,0.0010988691046799593
11.0,3.0,mean,eventPairDistanceIncrease,30,3.689487189896073e-07,-1.4222405194784034e-07,9.787918616670684e-07
11.0,3.0,mean,eventPairDistanceDeviation,30,8.903541192362141e-07,4.752608926530029e-07,1.4172351695582171e-06
11.0,3.0,mean,postPairDistanceIncrease,30,1.7584225236989185e-05,4.485393093547426e-06,3.351567427257126e-05
11.0,3.0,mean,postPairDistanceDeviation,30,2.5009031034398793e-05,1.3273415586442096e-05,3.9744533311808314e-05
11.0,3.0,mean,meanPredictionError,30,0.024241508559680283,0.019786476705303178,0.030230055328759216
11.0,3.0,mean,p90PredictionError,30,0.025808907891600504,0.025087703336006163,0.026622067784603135
11.0,3.0,mean,recoveryTime,30,1.2,1.2,1.2
11.0,3.0,none,eventGOLoss,30,0.0003432291059464119,-0.0006259871079279399,0.001306674730739338
11.0,3.0,none,eventGODeviation,30,0.002539247267315847,0.0020788012188314295,0.0030260050025391915
11.0,3.0,none,postGOLoss,30,6.7393290704067475e-06,-0.002747413419976155,0.0029612961456910313
11.0,3.0,none,postGODeviation,30,0.006881515681694436,0.005277758957452955,0.00874895477321785
11.0,3.0,none,eventPairDistanceIncrease,30,8.129083475391929e-06,4.276093372351425e-06,1.2004948981004883e-05
11.0,3.0,none,eventPairDistanceDeviation,30,9.874834222658162e-06,6.792555160155249e-06,1.3241116006987942e-05
11.0,3.0,none,postPairDistanceIncrease,30,9.327349321706894e-05,-2.9006724826280027e-05,0.00020733544838203097
11.0,3.0,none,postPairDistanceDeviation,30,0.00024393459993968326,0.00016514603793948456,0.00033422133268977666
11.0,3.0,none,meanPredictionError,30,nan,nan,nan
11.0,3.0,none,p90PredictionError,30,nan,nan,nan
11.0,3.0,none,recoveryTime,30,1.2,1.2,1.2
11.0,6.0,hold,eventGOLoss,30,0.0003904526525504203,-6.727661813262847e-05,0.0008313322836765672
11.0,6.0,hold,eventGODeviation,30,0.0011055452064385634,0.0008175744881531333,0.0014313204683470376
11.0,6.0,hold,postGOLoss,30,0.0002712073419231523,-0.00021745402929564,0.0008137091725656649
11.0,6.0,hold,postGODeviation,30,0.0013704882322510112,0.0010515075694242234,0.0017372765637557615
11.0,6.0,hold,eventPairDistanceIncrease,30,4.313121930028645e-06,2.3502639725044707e-06,6.658159672960538e-06
11.0,6.0,hold,eventPairDistanceDeviation,30,4.732648812851038e-06,2.9093492875051116e-06,6.967687009273103e-06
11.0,6.0,hold,postPairDistanceIncrease,30,7.177942780050962e-05,4.346604256861196e-05,0.00010442029024231802
11.0,6.0,hold,postPairDistanceDeviation,30,7.755959496658677e-05,5.12467398414738e-05,0.00010971380885108923
11.0,6.0,hold,meanPredictionError,30,0.04069605339267259,0.03474415026009731,0.04710579981994854
11.0,6.0,hold,p90PredictionError,30,0.06453303824321101,0.05501791051552973,0.07494587023071426
11.0,6.0,hold,recoveryTime,30,1.2,1.2,1.2
11.0,6.0,kalman,eventGOLoss,30,0.00017412040564362564,-0.00015669050393067596,0.0005106472322496367
11.0,6.0,kalman,eventGODeviation,30,0.0007829053303909542,0.0005724693768891858,0.0010217614339035153
11.0,6.0,kalman,postGOLoss,30,0.00038421102570268247,-0.0007893345449714668,0.0020216902480341956
11.0,6.0,kalman,postGODeviation,30,0.0020437991978148463,0.0011114070020301274,0.0034912239559083003
11.0,6.0,kalman,eventPairDistanceIncrease,30,1.5800325501432128e-06,3.616898407399678e-08,3.4873452825618973e-06
11.0,6.0,kalman,eventPairDistanceDeviation,30,3.1372626396392732e-06,1.8556058480094047e-06,4.7339298866380656e-06
11.0,6.0,kalman,postPairDistanceIncrease,30,1.3928879638914058e-05,-1.2010346964027423e-05,4.183605975037085e-05
11.0,6.0,kalman,postPairDistanceDeviation,30,5.680447437348921e-05,3.951451238211558e-05,7.62956549460164e-05
11.0,6.0,kalman,meanPredictionError,30,0.03851694942309149,0.031859481725151594,0.04713122446686316
11.0,6.0,kalman,p90PredictionError,30,0.04414181005773408,0.042397345526131204,0.04615834529760941
11.0,6.0,kalman,recoveryTime,30,1.2,1.2,1.2
11.0,6.0,kalman-gm,eventGOLoss,30,0.00011947225873851478,-0.00020812704040775297,0.00047386872607375316
11.0,6.0,kalman-gm,eventGODeviation,30,0.0007390339496752365,0.0004920114558614009,0.0010329294227807975
11.0,6.0,kalman-gm,postGOLoss,30,0.0004887036980633181,-0.00048610985970490376,0.001958781617889786
11.0,6.0,kalman-gm,postGODeviation,30,0.0016100084368414912,0.0007379287703989017,0.003003716563273982
11.0,6.0,kalman-gm,eventPairDistanceIncrease,30,2.33991527550113e-06,7.013720183407516e-07,4.267830185532935e-06
11.0,6.0,kalman-gm,eventPairDistanceDeviation,30,3.5084544540354523e-06,2.25282039232208e-06,5.206088775830677e-06
11.0,6.0,kalman-gm,postPairDistanceIncrease,30,3.703939522053066e-05,1.5364214193811902e-05,6.223998090624945e-05
11.0,6.0,kalman-gm,postPairDistanceDeviation,30,4.695211126444682e-05,2.859055869387594e-05,7.008952641423506e-05
11.0,6.0,kalman-gm,meanPredictionError,30,0.03521123578648336,0.02750574600721243,0.04541510809635441
11.0,6.0,kalman-gm,p90PredictionError,30,0.032517413691575923,0.028055935474047965,0.03744565290619771
11.0,6.0,kalman-gm,recoveryTime,30,1.2,1.2,1.2
11.0,6.0,mean,eventGOLoss,30,0.00017581197167635236,-0.000150867564970189,0.0005095543533341466
11.0,6.0,mean,eventGODeviation,30,0.0007824960774928889,0.0005726199476274075,0.001016552685904531
11.0,6.0,mean,postGOLoss,30,0.00033505167890998314,-0.0008537279814398201,0.001985182841475761
11.0,6.0,mean,postGODeviation,30,0.0020255703349962304,0.0010777015531582437,0.0034664699104222847
11.0,6.0,mean,eventPairDistanceIncrease,30,1.7582912774498823e-06,2.1435059965754626e-07,3.6209995282430804e-06
11.0,6.0,mean,eventPairDistanceDeviation,30,3.1656259668949583e-06,1.8960665361639675e-06,4.707941964537645e-06
11.0,6.0,mean,postPairDistanceIncrease,30,2.012366793312291e-05,-5.588932406600045e-06,4.7701778777386135e-05
11.0,6.0,mean,postPairDistanceDeviation,30,5.497350481717104e-05,3.6711695393749346e-05,7.576896710077365e-05
11.0,6.0,mean,meanPredictionError,30,0.03851705718049717,0.03185936122456675,0.047131301849222006
11.0,6.0,mean,p90PredictionError,30,0.044142812062377135,0.042397636261533055,0.046158096920096134
11.0,6.0,mean,recoveryTime,30,1.2,1.2,1.2
11.0,6.0,none,eventGOLoss,30,0.0002160937112550676,-0.0015700482511270932,0.0020279408417545114
11.0,6.0,none,eventGODeviation,30,0.004423883250555384,0.0034781371736224823,0.005414019830749574
11.0,6.0,none,postGOLoss,30,-0.0021732403221823276,-0.006001628574838055,0.0019597264145055963
11.0,6.0,none,postGODeviation,30,0.010085972256498347,0.00791948946883327,0.01255533775085181
11.0,6.0,none,eventPairDistanceIncrease,30,3.6048686000092985e-05,2.2572399422890308e-05,4.987266400996991e-05
11.0,6.0,none,eventPairDistanceDeviation,30,3.964437236098762e-05,2.7930658289271274e-05,5.239593226734148e-05
11.0,6.0,none,postPairDistanceIncrease,30,0.0003957534180459377,0.00020009685738294812,0.000599795986273848
11.0,6.0,none,postPairDistanceDeviation,30,0.0005334709667095317,0.0003918280790582501,0.0006921164525357885
11.0,6.0,none,meanPredictionError,30,nan,nan,nan
11.0,6.0,none,p90PredictionError,30,nan,nan,nan
11.0,6.0,none,recoveryTime,30,1.2,1.2,1.2
11.0,10.2,hold,eventGOLoss,30,0.0006522109923950968,-0.00027291345132489424,0.0015808351455064184
11.0,10.2,hold,eventGODeviation,30,0.0021756055844938758,0.0016325524251569702,0.0028183333993809694
11.0,10.2,hold,postGOLoss,30,0.0009773339098625568,-0.00010756081220265212,0.0021625870275415768
11.0,10.2,hold,postGODeviation,30,0.0029060005146368745,0.0021835095443458476,0.0037157852577925153
11.0,10.2,hold,eventPairDistanceIncrease,30,1.846461435442088e-05,1.1464833003984319e-05,2.6330075038086198e-05
11.0,10.2,hold,eventPairDistanceDeviation,30,1.9489756719852665e-05,1.2958892740013398e-05,2.7201365736054658e-05
11.0,10.2,hold,postPairDistanceIncrease,30,0.0002128152970118825,0.00014277356240917341,0.0002958732990454262
11.0,10.2,hold,postPairDistanceDeviation,30,0.00021741673224202622,0.0001496037769078311,0.00029971414858111125
11.0,10.2,hold,meanPredictionError,30,0.06470761358134651,0.055818447962679214,0.0736959219600813
11.0,10.2,hold,p90PredictionError,30,0.10892365260376954,0.09189391176577756,0.12760850068091004
11.0,10.2,hold,recoveryTime,30,1.2,1.2,1.2
11.0,10.2,kalman,eventGOLoss,30,0.00019145232027817675,-0.0005271132709528033,0.0008724895082820797
11.0,10.2,kalman,eventGODeviation,30,0.0015938610267356545,0.0011678227720388992,0.0020840512816832015
11.0,10.2,kalman,postGOLoss,30,0.00037194655308644254,-0.0026341671280778207,0.003557287671021975
11.0,10.2,kalman,postGODeviation,30,0.004524596747099899,0.002400919265454499,0.007389553565209297
11.0,10.2,kalman,eventPairDistanceIncrease,30,3.011482758505749e-06,-1.5348595416419296e-06,8.23052327562837e-06
11.0,10.2,kalman,eventPairDistanceDeviation,30,1.0187831474027993e-05,7.003352442583659e-06,1.390812691124282e-05
11.0,10.2,kalman,postPairDistanceIncrease,30,-2.3497305183831615e-05,-8.734304652155447e-05,4.117298359562951e-05
11.0,10.2,kalman,postPairDistanceDeviation,30,0.00014163045905118252,0.0001028517720864838,0.00018558400690677076
11.0,10.2,kalman,meanPredictionError,30,0.05925180312672249,0.050856329346737845,0.06961610816866114
11.0,10.2,kalman,p90PredictionError,30,0.07317127893864339,0.0691531898572663,0.07785017500017931
11.0,10.2,kalman,recoveryTime,30,1.2,1.2,1.2
11.0,10.2,kalman-gm,eventGOLoss,30,0.00018512028884699278,-0.0004158547528222796,0.0008256209922163566
11.0,10.2,kalman-gm,eventGODeviation,30,0.0014185759551107848,0.0010341298215121896,0.001867781394658223
11.0,10.2,kalman-gm,postGOLoss,30,0.0010379961900608453,-0.0006014792741634177,0.0031665241961651327
11.0,10.2,kalman-gm,postGODeviation,30,0.0031356429406745575,0.001862937989091443,0.005010086963563801
11.0,10.2,kalman-gm,eventPairDistanceIncrease,30,9.401261513554246e-06,4.566114974582435e-06,1.5087799167342462e-05
11.0,10.2,kalman-gm,eventPairDistanceDeviation,30,1.1637589293456064e-05,7.614128903949123e-06,1.678725214028865e-05
11.0,10.2,kalman-gm,postPairDistanceIncrease,30,0.00011779434470077621,6.238036876734146e-05,0.00018431891114785638
11.0,10.2,kalman-gm,postPairDistanceDeviation,30,0.00013690244381832736,8.728685282020877e-05,0.00019644851179193056
11.0,10.2,kalman-gm,meanPredictionError,30,0.05461875090252296,0.04447911220609246,0.06726952496501021
11.0,10.2,kalman-gm,p90PredictionError,30,0.059326256537079604,0.04955949724065577,0.06992608129338823
11.0,10.2,kalman-gm,recoveryTime,30,1.2,1.2,1.2
11.0,10.2,mean,eventGOLoss,30,0.0003159804417049925,-0.00033510498885887024,0.0009473499592714547
11.0,10.2,mean,eventGODeviation,30,0.0015339649500224696,0.001175391429670589,0.0019490672404318893
11.0,10.2,mean,postGOLoss,30,0.0014819036502443038,-0.00022200153321738774,0.0036670767959114856
11.0,10.2,mean,postGODeviation,30,0.0034263358373987046,0.0021216018527387233,0.005381902518310979
11.0,10.2,mean,eventPairDistanceIncrease,30,4.6845595051582935e-06,6.127208560272018e-08,9.92346201051357e-06
11.0,10.2,mean,eventPairDistanceDeviation,30,1.012403053490202e-05,6.6966226716636115e-06,1.420549724867747e-05
11.0,10.2,mean,postPairDistanceIncrease,30,4.1918704190410946e-05,-1.0161338117569685e-05,0.00010038196814475398
11.0,10.2,mean,postPairDistanceDeviation,30,0.0001155437071653724,7.65231120854914e-05,0.00015875299730385903
11.0,10.2,mean,meanPredictionError,30,0.05925627093130998,0.0508603377381166,0.0696204146019297
11.0,10.2,mean,p90PredictionError,30,0.07319395435735052,0.06917180880474755,0.0778669385202873
11.0,10.2,mean,recoveryTime,30,1.2,1.2,1.2
11.0,10.2,none,eventGOLoss,30,2.07337257932766e-05,-0.002875682665554359,0.0029614521976311535
11.0,10.2,none,eventGODeviation,30,0.006927083653212568,0.0053728113268794436,0.008587958292612104
11.0,10.2,none,postGOLoss,30,-0.0040284139000290676,-0.00956031075804667,0.0016839418091143866
11.0,10.2,none,postGODeviation,30,0.014406176496877534,0.011216931448694088,0.018144711844166175
11.0,10.2,none,eventPairDistanceIncrease,30,0.00011801780483125942,8.121289903906499e-05,0.000156183676168333
11.0,10.2,none,eventPairDistanceDeviation,30,0.0001231050195234129,8.898885185965776e-05,0.00015924353903458492
11.0,10.2,none,postPairDistanceIncrease,30,0.000978942052053153,0.0006671385063062168,0.001316762280868803
11.0,10.2,none,postPairDistanceDeviation,30,0.0010501333409892123,0.0007657467924283697,0.0013602701957993138
11.0,10.2,none,meanPredictionError,30,nan,nan,nan
11.0,10.2,none,p90PredictionError,30,nan,nan,nan
11.0,10.2,none,recoveryTime,30,1.2,1.2,1.2
11.0,18.0,hold,eventGOLoss,30,0.001817098574146859,0.00018116145232590863,0.0034170713347558357
11.0,18.0,hold,eventGODeviation,30,0.004134366504713257,0.003192045466879126,0.005191561982455952
11.0,18.0,hold,postGOLoss,30,0.002325360155909335,-0.001017820204409847,0.00553194029417387
11.0,18.0,hold,postGODeviation,30,0.007372614927449254,0.005091408997723209,0.009833910422151875
11.0,18.0,hold,eventPairDistanceIncrease,30,8.457756183122252e-05,5.847229600345758e-05,0.00011416326987083257
11.0,18.0,hold,eventPairDistanceDeviation,30,8.623294959704927e-05,6.08154336259401e-05,0.00011534644625583483
11.0,18.0,hold,postPairDistanceIncrease,30,0.0007558888271152409,0.0005147547503403008,0.001047939086064606
11.0,18.0,hold,postPairDistanceDeviation,30,0.0007596617815523101,0.0005190071380697925,0.0010514554690579162
11.0,18.0,hold,meanPredictionError,30,0.11024130746998374,0.09634540067195337,0.1240577033775067
11.0,18.0,hold,p90PredictionError,30,0.20231840429373257,0.16814057252200623,0.23970585398919925
11.0,18.0,hold,recoveryTime,30,1.2,1.2,1.2
11.0,18.0,kalman,eventGOLoss,30,0.0004408794437085261,-0.0011019017146154564,0.0020893414534369566
11.0,18.0,kalman,eventGODeviation,30,0.0036642054900042098,0.0027609173850637577,0.004706089167068143
11.0,18.0,kalman,postGOLoss,30,0.00019526456910481306,-0.005321127301511919,0.005402869345261976
11.0,18.0,kalman,postGODeviation,30,0.011415315239008255,0.008316916222465618,0.015101315876815737
11.0,18.0,kalman,eventPairDistanceIncrease,30,-1.7431708574143856e-06,-1.7227468896302312e-05,1.494364673001268e-05
11.0,18.0,kalman,eventPairDistanceDeviation,30,3.827695243939008e-05,2.9426570918559074e-05,4.764297702187145e-05
11.0,18.0,kalman,postPairDistanceIncrease,30,-0.00026490282753087723,-0.00046991395289247903,-8.937774278881207e-05
11.0,18.0,kalman,postPairDistanceDeviation,30,0.0004206603904753112,0.00028769361213634834,0.0005945541009441589
11.0,18.0,kalman,meanPredictionError,30,0.10038397220234548,0.08890741365353468,0.11334239336243025
11.0,18.0,kalman,p90PredictionError,30,0.13913995874744067,0.12673083452344547,0.153543663454159
11.0,18.0,kalman,recoveryTime,30,1.2,1.2,1.2
11.0,18.0,kalman-gm,eventGOLoss,30,0.0010478486492813612,-0.00012692581744203565,0.0022545929354300764
11.0,18.0,kalman-gm,eventGODeviation,30,0.003092109880674189,0.0024235225406471893,0.0038421203485325705
11.0,18.0,kalman-gm,postGOLoss,30,0.001534175402864483,-0.002351206722676457,0.005622968092143212
11.0,18.0,kalman-gm,postGODeviation,30,0.00807673850274888,0.005427583362924459,0.011001443376685504
11.0,18.0,kalman-gm,eventPairDistanceIncrease,30,4.49458846978372e-05,2.7916938224719854e-05,6.513724661170667e-05
11.0,18.0,kalman-gm,eventPairDistanceDeviation,30,4.889675522099053e-05,3.303097683347214e-05,6.770615992668217e-05
11.0,18.0,kalman-gm,postPairDistanceIncrease,30,0.000496042007824273,0.00030819234916067926,0.0007318722731414829
11.0,18.0,kalman-gm,postPairDistanceDeviation,30,0.0005064338500969559,0.000320973266347319,0.0007371352911993262
11.0,18.0,kalman-gm,meanPredictionError,30,0.09222363842288565,0.07931606830651682,0.10670196616221722
11.0,18.0,kalman-gm,p90PredictionError,30,0.13091690797306355,0.10665441683190367,0.1568559826576707
11.0,18.0,kalman-gm,recoveryTime,30,1.2,1.2,1.2
11.0,18.0,mean,eventGOLoss,30,0.0009807950046327276,-0.00033144555309577614,0.002270426088988214
11.0,18.0,mean,eventGODeviation,30,0.0032357727098108412,0.002513475631063071,0.0040413006458041864
11.0,18.0,mean,postGOLoss,30,0.001009841937765115,-0.003043222349353583,0.005401636429685913
11.0,18.0,mean,postGODeviation,30,0.008215908354348234,0.005341785878691708,0.011572763148949457
11.0,18.0,mean,eventPairDistanceIncrease,30,1.505229051075661e-05,-5.192378209537771e-07,3.1935341134149796e-05
11.0,18.0,mean,eventPairDistanceDeviation,30,3.401957454539803e-05,2.2516758023818806e-05,4.696929542328874e-05
11.0,18.0,mean,postPairDistanceIncrease,30,0.00011670316715665534,-1.1818865278359311e-05,0.00026255752712164225
11.0,18.0,mean,postPairDistanceDeviation,30,0.0003025557610248257,0.0002121234726236503,0.0004058581053548195
11.0,18.0,mean,meanPredictionError,30,0.10039446788282196,0.08889293298138529,0.11336420395774821
11.0,18.0,mean,p90PredictionError,30,0.1392192576444446,0.12683867629869627,0.15367315753812077
11.0,18.0,mean,recoveryTime,30,1.2,1.2,1.2
11.0,18.0,none,eventGOLoss,30,0.00016464727058762883,-0.004687066212756179,0.005046463359094892
11.0,18.0,none,eventGODeviation,30,0.011335996816753933,0.00876304185213742,0.014348541978588182
11.0,18.0,none,postGOLoss,30,-0.005752190828011646,-0.015389549489767477,0.0036008692315430114
11.0,18.0,none,postGODeviation,30,0.02332859448395719,0.0180703468238211,0.02952569036704588
11.0,18.0,none,eventPairDistanceIncrease,30,0.00040248240277302914,0.0002952906116801273,0.0005182954599963675
11.0,18.0,none,eventPairDistanceDeviation,30,0.0004086947910520168,0.0003051545763267466,0.0005217193824232908
11.0,18.0,none,postPairDistanceIncrease,30,0.0024973125131774214,0.0018614188897811278,0.003203759957080242
11.0,18.0,none,postPairDistanceDeviation,30,0.0025408989429599902,0.0019269696238725133,0.0032309061973874844
11.0,18.0,none,meanPredictionError,30,nan,nan,nan
11.0,18.0,none,p90PredictionError,30,nan,nan,nan
11.0,18.0,none,recoveryTime,30,1.82,1.2,3.06
11.0,30.0,hold,eventGOLoss,30,0.003533619756118087,0.0005836768338638743,0.006442064747762896
11.0,30.0,hold,eventGODeviation,30,0.007583241668793589,0.005817428406544032,0.00952403504337026
11.0,30.0,hold,postGOLoss,30,0.0008292801221071725,-0.0043077226147142135,0.006201636826168703
11.0,30.0,hold,postGODeviation,30,0.012943636595892602,0.009678361334021267,0.016506093476925443
11.0,30.0,hold,eventPairDistanceIncrease,30,0.0003336586696179073,0.0002465500845827611,0.00043163090769435226
11.0,30.0,hold,eventPairDistanceDeviation,30,0.00033465190227740334,0.00024773480779662565,0.00043243237428272055
11.0,30.0,hold,postPairDistanceIncrease,30,0.002288250108115537,0.0016590239110696925,0.0030582034144568254
11.0,30.0,hold,postPairDistanceDeviation,30,0.002288250108115537,0.0016590239110696925,0.0030582034144568254
11.0,30.0,hold,meanPredictionError,30,0.17804228405387573,0.1561134160478973,0.20030980906242946
11.0,30.0,hold,p90PredictionError,30,0.3810783292153713,0.30735260587208174,0.462844305043202
11.0,30.0,hold,recoveryTime,30,1.2,1.2,1.2
11.0,30.0,kalman,eventGOLoss,30,-9.513767694836831e-05,-0.003712114187499651,0.003513965036924673
11.0,30.0,kalman,eventGODeviation,30,0.008593868940261599,0.006650622967974998,0.01064371285275801
11.0,30.0,kalman,postGOLoss,30,0.0020896023182594425,-0.00752114053827518,0.011727108296878385
11.0,30.0,kalman,postGODeviation,30,0.024104962247965257,0.01990961113801131,0.028322315724039475
11.0,30.0,kalman,eventPairDistanceIncrease,30,-3.643874274410176e-05,-8.915283913738369e-05,2.0088737859886107e-05
11.0,30.0,kalman,eventPairDistanceDeviation,30,0.0001326360932967736,0.0001009509300051528,0.00016473140800613457
11.0,30.0,kalman,postPairDistanceIncrease,30,-0.0005852440221059794,-0.0011974012104243716,-4.780752735998266e-05
11.0,30.0,kalman,postPairDistanceDeviation,30,0.0011437838017963084,0.0007380570354356229,0.001679474515386103
11.0,30.0,kalman,meanPredictionError,30,0.16447114425425408,0.14690673677289418,0.18293478264891258
11.0,30.0,kalman,p90PredictionError,30,0.28205055189536193,0.24101815988799513,0.3301868673890655
11.0,30.0,kalman,recoveryTime,30,1.57,1.22,2.17
11.0,30.0,kalman-gm,eventGOLoss,30,0.001793228773403028,-0.0009359634040601979,0.0045183458022002914
11.0,30.0,kalman-gm,eventGODeviation,30,0.0067907393047101266,0.005323645109448629,0.008449583378281724
11.0,30.0,kalman-gm,postGOLoss,30,-0.0017705249537344895,-0.00854341431351714,0.004702631966754533
11.0,30.0,kalman-gm,postGODeviation,30,0.014513195960506793,0.010355595416587494,0.019066590722969675
11.0,30.0,kalman-gm,eventPairDistanceIncrease,30,0.00021186152889967702,0.0001461710640618468,0.00028545247807144485
11.0,30.0,kalman-gm,eventPairDistanceDeviation,30,0.00021626129475724764,0.00015173589399297978,0.0002880794301656354
11.0,30.0,kalman-gm,postPairDistanceIncrease,30,0.001590635932105335,0.0011069101488415032,0.0022050896056880097
11.0,30.0,kalman-gm,postPairDistanceDeviation,30,0.0015906372558506321,0.0011069101488415032,0.002205092253178604
11.0,30.0,kalman-gm,meanPredictionError,30,0.15277952717806667,0.1332151846488293,0.17232882247338197
11.0,30.0,kalman-gm,p90PredictionError,30,0.2875262592225273,0.22915490865831162,0.34984812887280775
11.0,30.0,kalman-gm,recoveryTime,30,1.5799999999999998,1.2,2.3400000000000003
11.0,30.0,mean,eventGOLoss,30,0.0013222187550198108,-0.0015429826964048733,0.004093677639746492
11.0,30.0,mean,eventGODeviation,30,0.006684101536109968,0.0051864056316402035,0.008294723196376775
11.0,30.0,mean,postGOLoss,30,-0.0011996448245206739,-0.007974917928967085,0.005705200445568283
11.0,30.0,mean,postGODeviation,30,0.015182011271915046,0.011257692668601972,0.019706752900142215
11.0,30.0,mean,eventPairDistanceIncrease,30,5.53172299858249e-05,8.536629201138171e-06,0.00010667439234788023
11.0,30.0,mean,eventPairDistanceDeviation,30,0.00011139439456242479,7.839120209960829e-05,0.00014885239524652682
11.0,30.0,mean,postPairDistanceIncrease,30,0.00024727854988916824,-0.0001277802621145942,0.000706689266611131
11.0,30.0,mean,postPairDistanceDeviation,30,0.0008017954863840968,0.0005422314854235743,0.001165112333449779
11.0,30.0,mean,meanPredictionError,30,0.1648197139070415,0.1472199601151099,0.1832587229008164
11.0,30.0,mean,p90PredictionError,30,0.2837521932612019,0.24198220474600157,0.33238879780800834
11.0,30.0,mean,recoveryTime,30,1.28,1.2,1.44
11.0,30.0,none,eventGOLoss,30,-0.0002592826788296408,-0.007901744796134,0.007603804949093663
11.0,30.0,none,eventGODeviation,30,0.01813712669828775,0.013869125892931407,0.023050075625749195
11.0,30.0,none,postGOLoss,30,-0.014856395765777028,-0.02971590117598123,-0.0007531440687529388
11.0,30.0,none,postGODeviation,30,0.03508002151744049,0.02613062864262438,0.04467490681314685
11.0,30.0,none,eventPairDistanceIncrease,30,0.0011541652777832772,0.000878166178396474,0.0014492183266408868
11.0,30.0,none,eventPairDistanceDeviation,30,0.0011580394318593506,0.0008839418557870001,0.001451250485371628
11.0,30.0,none,postPairDistanceIncrease,30,0.0055701363735105435,0.004308841990916539,0.006937839427371975
11.0,30.0,none,postPairDistanceDeviation,30,0.005577977224426739,0.0043231110951681756,0.006940407263791657
11.0,30.0,none,meanPredictionError,30,nan,nan,nan
11.0,30.0,none,p90PredictionError,30,nan,nan,nan
11.0,30.0,none,recoveryTime,30,3.7111111111111112,1.9333333333333331,5.811111111111111
11.0,60.0,hold,eventGOLoss,30,0.004417266117744114,-0.0019840565549072505,0.011033735985531121
11.0,60.0,hold,eventGODeviation,30,0.01757425474170476,0.014241767495615485,0.021411565423381698
11.0,60.0,hold,postGOLoss,30,-0.013465738745845354,-0.02929425255346153,0.0022396354737421863
11.0,60.0,hold,postGODeviation,30,0.03691517702545476,0.02701992547460825,0.047573304442421485
11.0,60.0,hold,eventPairDistanceIncrease,30,0.002059990370288402,0.0015787618319105334,0.002598085935776756
11.0,60.0,hold,eventPairDistanceDeviation,30,0.00206048698661815,0.0015787758239520615,0.002598107208162207
11.0,60.0,hold,postPairDistanceIncrease,30,0.009940610473835538,0.007680611658486565,0.012433882165386252
11.0,60.0,hold,postPairDistanceDeviation,30,0.009940610473835538,0.007680611658486565,0.012433882165386252
11.0,60.0,hold,meanPredictionError,30,0.3383347843033143,0.29958128707691467,0.3799181044931575
11.0,60.0,hold,p90PredictionError,30,0.9918185135121055,0.793124967285864,1.2032560888717627
11.0,60.0,hold,recoveryTime,30,3.576923076923077,1.4538461538461538,6.207692307692308
11.0,60.0,kalman,eventGOLoss,30,-0.0038174794441652926,-0.012872808758838554,0.0048317047123358475
11.0,60.0,kalman,eventGODeviation,30,0.02235811488943993,0.017942937301812772,0.027129892465832396
11.0,60.0,kalman,postGOLoss,30,-0.019569647795190916,-0.041576490062866574,0.0008004806946433994
11.0,60.0,kalman,postGODeviation,30,0.05032719189876009,0.03753000088624292,0.06468203517226093
11.0,60.0,kalman,eventPairDistanceIncrease,30,0.0004474913876592447,0.00012365714071784056,0.0007978194795993973
11.0,60.0,kalman,eventPairDistanceDeviation,30,0.0008802574324202973,0.0006702075566974717,0.001122689566011734
11.0,60.0,kalman,postPairDistanceIncrease,30,0.004766853349456423,0.0026910762585244867,0.0069218467714249445
11.0,60.0,kalman,postPairDistanceDeviation,30,0.0059769273800992185,0.004363892341608552,0.007793115014323836
11.0,60.0,kalman,meanPredictionError,30,0.16447114425425408,0.14690673677289418,0.18293478264891258
11.0,60.0,kalman,p90PredictionError,30,0.28205055189536193,0.24101815988799513,0.3301868673890655
11.0,60.0,kalman,recoveryTime,30,4.944,2.568,7.956
11.0,60.0,kalman-gm,eventGOLoss,30,0.0009264070408333215,-0.006466922619840319,0.008044231758963611
11.0,60.0,kalman-gm,eventGODeviation,30,0.018064851487055413,0.014359348756269348,0.022253292027171908
11.0,60.0,kalman-gm,postGOLoss,30,-0.022009716798418923,-0.04164670553726002,-0.0028384613189241137
11.0,60.0,kalman-gm,postGODeviation,30,0.04679524434089474,0.034672609766113624,0.05992319302949352
11.0,60.0,kalman-gm,eventPairDistanceIncrease,30,0.001502519356883257,0.0011179794434042756,0.0019484574648600376
11.0,60.0,kalman-gm,eventPairDistanceDeviation,30,0.0015047196611485615,0.0011208564182782865,0.0019503576473961861
11.0,60.0,kalman-gm,postPairDistanceIncrease,30,0.007415700820651945,0.005655740494749396,0.009458760278909106
11.0,60.0,kalman-gm,postPairDistanceDeviation,30,0.007424812005656666,0.0056666150104730285,0.009465497846470121
11.0,60.0,kalman-gm,meanPredictionError,30,0.3065100517165348,0.2704745168566054,0.3437939225088577
11.0,60.0,kalman-gm,p90PredictionError,30,0.9509970623150911,0.7508177384312525,1.1633870021776098
11.0,60.0,kalman-gm,recoveryTime,30,5.126086956521739,2.256521739130435,8.660869565217393
11.0,60.0,mean,eventGOLoss,30,-0.0018766059841477864,-0.009009047034968356,0.005041369402478538
11.0,60.0,mean,eventGODeviation,30,0.017911404920981658,0.014405953463231645,0.02198044934132015
11.0,60.0,mean,postGOLoss,30,-0.023513740130035522,-0.04281085095067605,-0.005559899817353603
11.0,60.0,mean,postGODeviation,30,0.04694597712538752,0.035407559534536795,0.06017977143600709
11.0,60.0,mean,eventPairDistanceIncrease,30,0.0008895635196733369,0.0005751241752956217,0.0012521429390390845
11.0,60.0,mean,eventPairDistanceDeviation,30,0.0009885473742261982,0.0007049751538984687,0.0013272842123494184
11.0,60.0,mean,postPairDistanceIncrease,30,0.006609010245729169,0.004712128635578841,0.008778907825824338
11.0,60.0,mean,postPairDistanceDeviation,30,0.006813322134153091,0.004982692998534493,0.008912611475373967
11.0,60.0,mean,meanPredictionError,30,0.1648197139070415,0.1472199601151099,0.1832587229008164
11.0,60.0,mean,p90PredictionError,30,0.2837521932612019,0.24198220474600157,0.33238879780800834
11.0,60.0,mean,recoveryTime,30,6.496153846153846,2.9538461538461536,10.453846153846154
11.0,60.0,none,eventGOLoss,30,-0.005206886667374483,-0.018943441916710376,0.008355752116152082
11.0,60.0,none,eventGODeviation,30,0.03372601009346179,0.02679300093144801,0.04148991134765
11.0,60.0,none,postGOLoss,30,-0.03245439470568494,-0.06293055529475208,-0.001634999773654957
11.0,60.0,none,postGODeviation,30,0.06886636155391154,0.04955267391718578,0.09077096097934323
11.0,60.0,none,eventPairDistanceIncrease,30,0.004491872848213029,0.003570890061766722,0.005428199469763256
11.0,60.0,none,eventPairDistanceDeviation,30,0.004493809925251066,0.0035756787047499894,0.00542870012183534
11.0,60.0,none,postPairDistanceIncrease,30,0.016612644067022862,0.013259808001651392,0.020203813761904277
11.0,60.0,none,postPairDistanceDeviation,30,0.016612644067022862,0.013259808001651392,0.020203813761904277
11.0,60.0,none,meanPredictionError,30,nan,nan,nan
11.0,60.0,none,p90PredictionError,30,nan,nan,nan
11.0,60.0,none,recoveryTime,30,5.608695652173913,2.634782608695652,9.0
13.0,3.0,hold,eventGOLoss,30,0.0001252426558183898,-8.953549751597907e-05,0.0003484393399005773
13.0,3.0,hold,eventGODeviation,30,0.00048505274011881766,0.0003318118506570174,0.0006582998628093664
13.0,3.0,hold,postGOLoss,30,0.00031522755253760026,-5.591302458538311e-05,0.0007317895086554458
13.0,3.0,hold,postGODeviation,30,0.0008349239633649019,0.0005453591944673879,0.001177338019147509
13.0,3.0,hold,eventPairDistanceIncrease,30,7.915587826693349e-07,3.2648426769722296e-07,1.3783219954218352e-06
13.0,3.0,hold,eventPairDistanceDeviation,30,9.512915037149701e-07,5.265349181930726e-07,1.511248415206982e-06
13.0,3.0,hold,postPairDistanceIncrease,30,2.400024286232093e-05,1.1522240222362175e-05,3.886621298523529e-05
13.0,3.0,hold,postPairDistanceDeviation,30,3.108412110482191e-05,2.03919322906286e-05,4.428015122679657e-05
13.0,3.0,hold,meanPredictionError,30,0.024524393544901945,0.021087935870729557,0.028351271487380217
13.0,3.0,hold,p90PredictionError,30,0.03644126177256683,0.0320861885601133,0.04131328173148437
13.0,3.0,hold,recoveryTime,30,1.2,1.2,1.2
13.0,3.0,kalman,eventGOLoss,30,8.981849346060221e-05,-6.913535571475905e-05,0.00028142184647419365
13.0,3.0,kalman,eventGODeviation,30,0.00035909633294766937,0.00023591474863898828,0.0005140431607260841
13.0,3.0,kalman,postGOLoss,30,9.120638536759323e-05,-0.0003732238759476656,0.0005499406647930181
13.0,3.0,kalman,postGODeviation,30,0.0009090766970972258,0.0005523417090398541,0.0012935254846053582
13.0,3.0,kalman,eventPairDistanceIncrease,30,3.001822111226942e-07,-2.10928332471984e-07,9.035457920641513e-07
13.0,3.0,kalman,eventPairDistanceDeviation,30,8.850520459293316e-07,4.760458395910071e-07,1.409149593819917e-06
13.0,3.0,kalman,postPairDistanceIncrease,30,1.8170580748257823e-05,4.515500262665841e-06,3.450870014354865e-05
13.0,3.0,kalman,postPairDistanceDeviation,30,2.705982689930557e-05,1.489066430444955e-05,4.1896564120082814e-05
13.0,3.0,kalman,meanPredictionError,30,0.02412307978251401,0.01969589038506979,0.029522474755523904
13.0,3.0,kalman,p90PredictionError,30,0.02588906119208339,0.025133727909255405,0.02673018485711077
13.0,3.0,kalman,recoveryTime,30,1.2,1.2,1.2
13.0,3.0,kalman-gm,eventGOLoss,30,3.6426688764739395e-05,-0.00015058968439556487,0.00023539381378443654
13.0,3.0,kalman-gm,eventGODeviation,30,0.00035661596849779445,0.00021332727056253752,0.0005306905291983645
13.0,3.0,kalman-gm,postGOLoss,30,0.00012752975955328288,-0.0002053999300141833,0.0004811609899557052
13.0,3.0,kalman-gm,postGODeviation,30,0.0006194597314285719,0.0003307539364476091,0.0009613760458791088
13.0,3.0,kalman-gm,eventPairDistanceIncrease,30,3.874718033938333e-07,-4.003362274254676e-08,9.371884395179918e-07
13.0,3.0,kalman-gm,eventPairDistanceDeviation,30,7.791270461941775e-07,4.4144338087433636e-07,1.262577457306577e-06
13.0,3.0,kalman-gm,postPairDistanceIncrease,30,1.0695323779416394e-05,-1.9344449865531117e-06,2.4363727796447553e-05
13.0,3.0,kalman-gm,postPairDistanceDeviation,30,2.3282266654927423e-05,1.3663005741430448e-05,3.4634901639070975e-05
13.0,3.0,kalman-gm,meanPredictionError,30,0.02128946934915873,0.01686986824015087,0.02722497819686022
13.0,3.0,kalman-gm,p90PredictionError,30,0.01830214203819897,0.016491700874164072,0.0203498075464227
13.0,3.0,kalman-gm,recoveryTime,30,1.2,1.2,1.2
13.0,3.0,mean,eventGOLoss,30,9.240747686967397e-05,-6.537483720233178e-05,0.0002831579219130742
13.0,3.0,mean,eventGODeviation,30,0.0003578436509674951,0.00023606770307613295,0.0005106639767952913
13.0,3.0,mean,postGOLoss,30,8.942757333857243e-05,-0.00037445503183385423,0.0005463932924676629
13.0,3.0,mean,postGODeviation,30,0.0009065735074809352,0.0005504234757225181,0.0012915211632904477
13.0,3.0,mean,eventPairDistanceIncrease,30,3.078763817671956e-07,-2.0686043617897518e-07,9.162983926394591e-07
13.0,3.0,mean,eventPairDistanceDeviation,30,8.941464541363986e-07,4.822628879499103e-07,1.4237859442796372e-06
13.0,3.0,mean,postPairDistanceIncrease,30,1.8398735414800013e-05,4.864843359198363e-06,3.464345400731198e-05
13.0,3.0,mean,postPairDistanceDeviation,30,2.70639251592023e-05,1.4903505491025556e-05,4.184272483918164e-05
13.0,3.0,mean,meanPredictionError,30,0.02412308297969943,0.019695881515911597,0.029522459773085156
13.0,3.0,mean,p90PredictionError,30,0.025889048252199284,0.02513369373645398,0.02673016349306925
13.0,3.0,mean,recoveryTime,30,1.2,1.2,1.2
13.0,3.0,none,eventGOLoss,30,0.00018762944380712874,-0.0010508808695252826,0.0013369200819307514
13.0,3.0,none,eventGODeviation,30,0.0027818535361567895,0.002101884729827488,0.0035446910256863333
13.0,3.0,none,postGOLoss,30,-0.00013504701683366173,-0.0030559550931555397,0.0029657411125672897
13.0,3.0,none,postGODeviation,30,0.007176921010504709,0.005553367644148872,0.00914334697340506
13.0,3.0,none,eventPairDistanceIncrease,30,9.582557846755101e-06,5.330483133862323e-06,1.4071069712220103e-05
13.0,3.0,none,eventPairDistanceDeviation,30,1.1418414384094241e-05,7.909908743229202e-06,1.5425796685515355e-05
13.0,3.0,none,postPairDistanceIncrease,30,8.46204632670592e-05,-3.949076427886336e-05,0.00019992293008371125
13.0,3.0,none,postPairDistanceDeviation,30,0.00024766955841668816,0.00016986136791041713,0.000336720001591624
13.0,3.0,none,meanPredictionError,30,nan,nan,nan
13.0,3.0,none,p90PredictionError,30,nan,nan,nan
13.0,3.0,none,recoveryTime,30,1.2,1.2,1.2
13.0,6.0,hold,eventGOLoss,30,0.000534970179967309,3.988694684963393e-05,0.0010153830574903848
13.0,6.0,hold,eventGODeviation,30,0.0012624388344540805,0.0009492408898909093,0.001590459875113446
13.0,6.0,hold,postGOLoss,30,0.0004140416455936626,-0.0001427787383426876,0.0010514898698228976
13.0,6.0,hold,postGODeviation,30,0.001503320026590658,0.0011116462113052107,0.001957511595134498
13.0,6.0,hold,eventPairDistanceIncrease,30,4.554478450945889e-06,2.4937760431084145e-06,7.007774913750187e-06
13.0,6.0,hold,eventPairDistanceDeviation,30,4.973314678024898e-06,3.0857380521914285e-06,7.320917768173085e-06
13.0,6.0,hold,postPairDistanceIncrease,30,8.009262206096318e-05,4.9995477152639616e-05,0.00011494751790180903
13.0,6.0,hold,postPairDistanceDeviation,30,8.506929363584603e-05,5.6676585722364705e-05,0.0001189119266409353
13.0,6.0,hold,meanPredictionError,30,0.04082608541204046,0.034876820090935845,0.047172495588090654
13.0,6.0,hold,p90PredictionError,30,0.065137409789478,0.05538474071421564,0.07576504727438357
13.0,6.0,hold,recoveryTime,30,1.2,1.2,1.2
13.0,6.0,kalman,eventGOLoss,30,0.00023289883306285282,-0.00010930396082439468,0.0005902314315298356
13.0,6.0,kalman,eventGODeviation,30,0.0008852803736845241,0.0006720417029978302,0.0011266592232863268
13.0,6.0,kalman,postGOLoss,30,0.00047953530269662103,-0.0007531389514794921,0.0021447653243319965
13.0,6.0,kalman,postGODeviation,30,0.002340419466041689,0.0013854119430113784,0.003762566096454876
13.0,6.0,kalman,eventPairDistanceIncrease,30,1.1667739096896122e-06,-4.507890464673879e-07,3.103114422050672e-06
13.0,6.0,kalman,eventPairDistanceDeviation,30,3.331610566085823e-06,2.0882770701484917e-06,4.888346571550072e-06
13.0,6.0,kalman,postPairDistanceIncrease,30,1.160643646557155e-05,-1.4610160603499833e-05,3.999295480305632e-05
13.0,6.0,kalman,postPairDistanceDeviation,30,5.8384867809600746e-05,4.076948554252059e-05,7.795463987581301e-05
13.0,6.0,kalman,meanPredictionError,30,0.03792982536065306,0.03142404029239477,0.04609943854497102
13.0,6.0,kalman,p90PredictionError,30,0.044159472406482984,0.0422800799432626,0.0462815558578989
13.0,6.0,kalman,recoveryTime,30,1.2,1.2,1.2
13.0,6.0,kalman-gm,eventGOLoss,30,0.0001923338678756677,-0.0001745366598336604,0.0005725323772446418
13.0,6.0,kalman-gm,eventGODeviation,30,0.0008388943828540903,0.0005805184051811722,0.0011283197371238496
13.0,6.0,kalman-gm,postGOLoss,30,0.0006086228589952351,-0.0005303740935939042,0.002185063354047181
13.0,6.0,kalman-gm,postGODeviation,30,0.0019732148727202308,0.0010047844954862595,0.0034070880851978323
13.0,6.0,kalman-gm,eventPairDistanceIncrease,30,2.063714954486858e-06,4.117859045654298e-07,4.053580499289234e-06
13.0,6.0,kalman-gm,eventPairDistanceDeviation,30,3.4493345737220813e-06,2.169136202412718e-06,5.1581812538344084e-06
13.0,6.0,kalman-gm,postPairDistanceIncrease,30,3.846952583668564e-05,1.5316744582380456e-05,6.487197332483095e-05
13.0,6.0,kalman-gm,postPairDistanceDeviation,30,5.1651063065910354e-05,3.24325857792797e-05,7.523160899595005e-05
13.0,6.0,kalman-gm,meanPredictionError,30,0.03445971779406575,0.027191018316897478,0.04394183250200661
13.0,6.0,kalman-gm,p90PredictionError,30,0.03253093532891215,0.028043490360401713,0.03749367401322408
13.0,6.0,kalman-gm,recoveryTime,30,1.2,1.2,1.2
13.0,6.0,mean,eventGOLoss,30,0.00023935624029212694,-9.470169635788661e-05,0.0005920610277048276
13.0,6.0,mean,eventGODeviation,30,0.0008741788362675988,0.000664184209729067,0.001109460708185111
13.0,6.0,mean,postGOLoss,30,0.0004834091701326567,-0.0007545859780911359,0.0021297798668946993
13.0,6.0,mean,postGODeviation,30,0.0022624755712181716,0.0013024277983505735,0.0036969501031383833
13.0,6.0,mean,eventPairDistanceIncrease,30,1.277860203303303e-06,-3.1393055444678775e-07,3.137223424627067e-06
13.0,6.0,mean,eventPairDistanceDeviation,30,3.310593692522672e-06,2.09229672801313e-06,4.791986384904301e-06
13.0,6.0,mean,postPairDistanceIncrease,30,1.9476312221413296e-05,-6.646314232151687e-06,4.764703647286841e-05
13.0,6.0,mean,postPairDistanceDeviation,30,5.6137438940351115e-05,3.735063045783572e-05,7.6297484896162e-05
13.0,6.0,mean,meanPredictionError,30,0.037930379445003645,0.03142455402039064,0.046100376390658115
13.0,6.0,mean,p90PredictionError,30,0.04416288689264579,0.04228125754448167,0.04628656887692555
13.0,6.0,mean,recoveryTime,30,1.2,1.2,1.2
13.0,6.0,none,eventGOLoss,30,0.0002244145938479818,-0.0018799845986453522,0.002219320871674732
13.0,6.0,none,eventGODeviation,30,0.004697217113889168,0.0035389238787634225,0.006038809774561941
13.0,6.0,none,postGOLoss,30,-0.0017795823733955738,-0.00576663069126499,0.0025904435288938315
13.0,6.0,none,postGODeviation,30,0.010493106862194021,0.00827151939935278,0.012936957283377515
13.0,6.0,none,eventPairDistanceIncrease,30,3.925999817569524e-05,2.4715788735846776e-05,5.4629156804156256e-05
13.0,6.0,none,eventPairDistanceDeviation,30,4.3101349193210696e-05,3.057547193339273e-05,5.752746166122898e-05
13.0,6.0,none,postPairDistanceIncrease,30,0.0004039941915642597,0.00020030605105349656,0.0006119018755772576
13.0,6.0,none,postPairDistanceDeviation,30,0.0005456088578023231,0.00039896601510131804,0.0007063894003307616
13.0,6.0,none,meanPredictionError,30,nan,nan,nan
13.0,6.0,none,p90PredictionError,30,nan,nan,nan
13.0,6.0,none,recoveryTime,30,1.2,1.2,1.2
13.0,10.2,hold,eventGOLoss,30,0.0009223379400232869,-0.000110872216134473,0.001953073306247146
13.0,10.2,hold,eventGODeviation,30,0.00253140716120065,0.0019419483737531445,0.003201134075186988
13.0,10.2,hold,postGOLoss,30,0.00130922832794959,0.00020708860485949544,0.0025200967842701504
13.0,10.2,hold,postGODeviation,30,0.003115951877954796,0.0023608041175271852,0.003947183790373672
13.0,10.2,hold,eventPairDistanceIncrease,30,2.0138251227881623e-05,1.263023241417284e-05,2.874276486852321e-05
13.0,10.2,hold,eventPairDistanceDeviation,30,2.086186452915315e-05,1.3681900091545222e-05,2.9338611601627523e-05
13.0,10.2,hold,postPairDistanceIncrease,30,0.00023798116569034042,0.00015690803885813018,0.0003320611932204817
13.0,10.2,hold,postPairDistanceDeviation,30,0.00024669357436737303,0.00016873108000358303,0.00033828592334383777
13.0,10.2,hold,meanPredictionError,30,0.06481998131592266,0.055866410510418595,0.07407449821110455
13.0,10.2,hold,p90PredictionError,30,0.11019840151679318,0.09230182169220875,0.12952828110479078
13.0,10.2,hold,recoveryTime,30,1.2,1.2,1.2
13.0,10.2,kalman,eventGOLoss,30,0.0002835106536888874,-0.00045561680807104795,0.0009998458960995237
13.0,10.2,kalman,eventGODeviation,30,0.0017443547799521053,0.0013250639026329907,0.00221408909323269
13.0,10.2,kalman,postGOLoss,30,0.0005523263002339951,-0.002583299647218678,0.0038073489686446895
13.0,10.2,kalman,postGODeviation,30,0.005116739171612635,0.002939909152231053,0.007914160795242733
13.0,10.2,kalman,eventPairDistanceIncrease,30,2.1910762326249492e-06,-2.6472116201089357e-06,7.644851586536224e-06
13.0,10.2,kalman,eventPairDistanceDeviation,30,1.060607593361224e-05,7.24909359663903e-06,1.455850421184577e-05
13.0,10.2,kalman,postPairDistanceIncrease,30,-3.6489502229885266e-05,-0.00010546241866330894,3.3704374828625455e-05
13.0,10.2,kalman,postPairDistanceDeviation,30,0.0001503166572039568,0.0001053781192541601,0.00020125468451266304
13.0,10.2,kalman,meanPredictionError,30,0.058465248442646674,0.05016652917710561,0.0686720640103761
13.0,10.2,kalman,p90PredictionError,30,0.07317100926153601,0.06892969977607814,0.0779868486157303
13.0,10.2,kalman,recoveryTime,30,1.2,1.2,1.2
13.0,10.2,kalman-gm,eventGOLoss,30,0.00036512676095701074,-0.0003036603843712841,0.0010668433141390312
13.0,10.2,kalman-gm,eventGODeviation,30,0.0016397987430444817,0.0012371338773204891,0.0020889135964860385
13.0,10.2,kalman-gm,postGOLoss,30,0.0012292847691290298,-0.0004906100094215631,0.003405220871005576
13.0,10.2,kalman-gm,postGODeviation,30,0.0035420104507987034,0.0022719619629927436,0.005410929202994205
13.0,10.2,kalman-gm,eventPairDistanceIncrease,30,9.144226361647909e-06,4.1153275721844515e-06,1.5054973159133271e-05
13.0,10.2,kalman-gm,eventPairDistanceDeviation,30,1.1876441936727984e-05,7.766190808433481e-06,1.715657116369001e-05
13.0,10.2,kalman-gm,postPairDistanceIncrease,30,0.00012872842793326984,6.852307973649159e-05,0.00019723300498277274
13.0,10.2,kalman-gm,postPairDistanceDeviation,30,0.00014446027902485713,8.917394409980584e-05,0.00020910939534629725
13.0,10.2,kalman-gm,meanPredictionError,30,0.053579316851093135,0.04366989272458897,0.06570167549570242
13.0,10.2,kalman-gm,p90PredictionError,30,0.05930678591555675,0.04965737460851509,0.06982479304789099
13.0,10.2,kalman-gm,recoveryTime,30,1.2,1.2,1.2
13.0,10.2,mean,eventGOLoss,30,0.00040913779075550926,-0.00026855539307386346,0.001090983797777227
13.0,10.2,mean,eventGODeviation,30,0.001682072625168909,0.0013044392374089685,0.002103607729677315
13.0,10.2,mean,postGOLoss,30,0.0014447869658153513,-0.0003731643419182613,0.0037378777605668284
13.0,10.2,mean,postGODeviation,30,0.0036090648679992176,0.0022353064440281184,0.005555789588803783
13.0,10.2,mean,eventPairDistanceIncrease,30,3.845930792970442e-06,-9.381975951222522e-07,9.149371842236108e-06
13.0,10.2,mean,eventPairDistanceDeviation,30,1.0559132964248063e-05,7.218678553365406e-06,1.4461498608173674e-05
13.0,10.2,mean,postPairDistanceIncrease,30,3.9950877626304375e-05,-1.4384622900531934e-05,0.00010133644053708653
13.0,10.2,mean,postPairDistanceDeviation,30,0.00011740662752325846,7.656919638458804e-05,0.00016582094080016621
13.0,10.2,mean,meanPredictionError,30,0.058474851198808825,0.05017039697352679,0.06868424076126609
13.0,10.2,mean,p90PredictionError,30,0.07318341204371051,0.06893700329573865,0.0779950167985414
13.0,10.2,mean,recoveryTime,30,1.2,1.2,1.2
13.0,10.2,none,eventGOLoss,30,9.05234981482672e-05,-0.003102157316919217,0.003264551962780625
13.0,10.2,none,eventGODeviation,30,0.007280869809948642,0.005470175933645801,0.009333639711841977
13.0,10.2,none,postGOLoss,30,-0.00379640431872578,-0.009578437596719464,0.002161111451294355
13.0,10.2,none,postGODeviation,30,0.015045518367759417,0.01185698464098799,0.018635101038831627
13.0,10.2,none,eventPairDistanceIncrease,30,0.00012776042962351272,8.8982708275462e-05,0.00016978657873691592
13.0,10.2,none,eventPairDistanceDeviation,30,0.00013318542295796872,9.738855803458397e-05,0.00017390920429598443
13.0,10.2,none,postPairDistanceIncrease,30,0.0010466336375364543,0.0007175577023806831,0.0014086449913800123
13.0,10.2,none,postPairDistanceDeviation,30,0.0011198025254587672,0.0008236544326180815,0.0014570490026375503
13.0,10.2,none,meanPredictionError,30,nan,nan,nan
13.0,10.2,none,p90PredictionError,30,nan,nan,nan
13.0,10.2,none,recoveryTime,30,1.2,1.2,1.2
13.0,18.0,hold,eventGOLoss,30,0.0026067940102346685,0.0007985193383120421,0.0044209636099485
13.0,18.0,hold,eventGODeviation,30,0.004920548229644365,0.003889924467639691,0.006031425195903748
13.0,18.0,hold,postGOLoss,30,0.0032857509478961583,8.57765689968619e-06,0.006585947175148045
13.0,18.0,hold,postGODeviation,30,0.007941844893186643,0.0057581189169066465,0.010242630834067476
13.0,18.0,hold,eventPairDistanceIncrease,30,9.533000393822209e-05,6.711985668704866e-05,0.00012821354947312595
13.0,18.0,hold,eventPairDistanceDeviation,30,9.586047451946637e-05,6.763377957258168e-05,0.00012843535752012935
13.0,18.0,hold,postPairDistanceIncrease,30,0.000869046903550848,0.0006019265326298107,0.0011886643522171464
13.0,18.0,hold,postPairDistanceDeviation,30,0.0008770956926454558,0.0006114799428185234,0.0011941756432142037
13.0,18.0,hold,meanPredictionError,30,0.11096896661994074,0.09659781451277903,0.12533171291013492
13.0,18.0,hold,p90PredictionError,30,0.20520626997881608,0.16979402803517113,0.24453177314926586
13.0,18.0,hold,recoveryTime,30,1.2,1.2,1.2
13.0,18.0,kalman,eventGOLoss,30,0.0007937478088442805,-0.0009893765010071268,0.0025817898451426786
13.0,18.0,kalman,eventGODeviation,30,0.00435246664390168,0.0034504954207406403,0.005319156473986873
13.0,18.0,kalman,postGOLoss,30,0.0011164670480278754,-0.0051497332328058875,0.007292336560099333
13.0,18.0,kalman,postGODeviation,30,0.013591807605173844,0.009993892107121082,0.01770315011094035
13.0,18.0,kalman,eventPairDistanceIncrease,30,-3.778167816819501e-06,-2.0559164239848136e-05,1.4588933300320204e-05
13.0,18.0,kalman,eventPairDistanceDeviation,30,4.11198822728315e-05,3.089720519680409e-05,5.1939218457934595e-05
13.0,18.0,kalman,postPairDistanceIncrease,30,-0.0003442478043454674,-0.0006122432057932488,-0.00012467800439020722
13.0,18.0,kalman,postPairDistanceDeviation,30,0.0005230532063809791,0.000355408783333064,0.0007587213604931998
13.0,18.0,kalman,meanPredictionError,30,0.10007822482359682,0.08851733358296131,0.11305802253977985
13.0,18.0,kalman,p90PredictionError,30,0.13932947529854706,0.1264983989871366,0.15404581053083222
13.0,18.0,kalman,recoveryTime,30,1.2,1.2,1.2
13.0,18.0,kalman-gm,eventGOLoss,30,0.001591480947050599,0.0002519577903017113,0.0029545316212555074
13.0,18.0,kalman-gm,eventGODeviation,30,0.003541808292382132,0.002769463247491257,0.004412839785197042
13.0,18.0,kalman-gm,postGOLoss,30,0.0024306775319030654,-0.0018601030691400727,0.006917637419825733
13.0,18.0,kalman-gm,postGODeviation,30,0.009205366216767952,0.006385869517404627,0.012362274830121108
13.0,18.0,kalman-gm,eventPairDistanceIncrease,30,4.9094764556468796e-05,3.0303969087078716e-05,7.058116331325083e-05
13.0,18.0,kalman-gm,eventPairDistanceDeviation,30,5.3552777776237144e-05,3.644577150556566e-05,7.387013457068787e-05
13.0,18.0,kalman-gm,postPairDistanceIncrease,30,0.0005776439996628375,0.0003499183277406753,0.000852354431328572
13.0,18.0,kalman-gm,postPairDistanceDeviation,30,0.0005896452943303465,0.00036440633794845666,0.0008608445950990928
13.0,18.0,kalman-gm,meanPredictionError,30,0.09168043898931674,0.07886428751609444,0.10577039338956676
13.0,18.0,kalman-gm,p90PredictionError,30,0.13064706172091398,0.10633769146339124,0.15675134022481452
13.0,18.0,kalman-gm,recoveryTime,30,1.2,1.2,1.2
13.0,18.0,mean,eventGOLoss,30,0.0013716047880247802,-0.00013498051498052086,0.0028443939386935046
13.0,18.0,mean,eventGODeviation,30,0.0037787093336669807,0.002974611470450158,0.00463307412379269
13.0,18.0,mean,postGOLoss,30,0.0020379237596898953,-0.0023318298832901646,0.006729731232173487
13.0,18.0,mean,postGODeviation,30,0.009305434940481609,0.006285040520263537,0.012714190480164565
13.0,18.0,mean,eventPairDistanceIncrease,30,1.4625342819303181e-05,-1.8491315393852877e-06,3.28697632464647e-05
13.0,18.0,mean,eventPairDistanceDeviation,30,3.7082181151851944e-05,2.5215027818356307e-05,5.019299008004919e-05
13.0,18.0,mean,postPairDistanceIncrease,30,0.00012150416543739465,-3.0140626929323684e-05,0.0002890164064858323
13.0,18.0,mean,postPairDistanceDeviation,30,0.00034560798507752915,0.00024052446859877926,0.00046737659568622206
13.0,18.0,mean,meanPredictionError,30,0.10008007451539437,0.08847535166198275,0.11300161842029133
13.0,18.0,mean,p90PredictionError,30,0.13942029502598466,0.1265061578827546,0.15430482876817916
13.0,18.0,mean,recoveryTime,30,1.2,1.2,1.2
13.0,18.0,none,eventGOLoss,30,0.0005054150169697965,-0.00467869096737202,0.005696330359076916
13.0,18.0,none,eventGODeviation,30,0.011901761317992764,0.00896028115995466,0.015240884432311499
13.0,18.0,none,postGOLoss,30,-0.005768199228176437,-0.01559286745040857,0.004004634170401232
13.0,18.0,none,postGODeviation,30,0.024077513404649156,0.018517307401045062,0.030249267923880937
13.0,18.0,none,eventPairDistanceIncrease,30,0.00044037653915188294,0.0003243035197879916,0.0005679722505445002
13.0,18.0,none,eventPairDistanceDeviation,30,0.0004450361925180797,0.00033167947935197536,0.000570848957561829
13.0,18.0,none,postPairDistanceIncrease,30,0.0027635424207453846,0.0020786786246873635,0.003526655804830203
13.0,18.0,none,postPairDistanceDeviation,30,0.0027971541004717646,0.0021339226140333722,0.0035523514086580796
13.0,18.0,none,meanPredictionError,30,nan,nan,nan
13.0,18.0,none,p90PredictionError,30,nan,nan,nan
13.0,18.0,none,recoveryTime,30,1.8299999999999998,1.2,3.0900000000000003
13.0,30.0,hold,eventGOLoss,30,0.005162986711852423,0.0019403087462857454,0.008434422956321849
13.0,30.0,hold,eventGODeviation,30,0.009142431197459947,0.007265725869472942,0.011227645324217106
13.0,30.0,hold,postGOLoss,30,0.0021683796310615904,-0.004817885991087916,0.009889279125659305
13.0,30.0,hold,postGODeviation,30,0.01577635425269024,0.010983079253981521,0.021751213599451945
13.0,30.0,hold,eventPairDistanceIncrease,30,0.00038521927819255505,0.00028563371809217116,0.0004979523568550878
13.0,30.0,hold,eventPairDistanceDeviation,30,0.0003855375605413019,0.00028590951889050515,0.0004983473404357484
13.0,30.0,hold,postPairDistanceIncrease,30,0.0026317738606867576,0.0019252858484643388,0.0034805562650352616
13.0,30.0,hold,postPairDistanceDeviation,30,0.0026317738606867576,0.0019252858484643388,0.0034805562650352616
13.0,30.0,hold,meanPredictionError,30,0.17948615962217318,0.15709036198831056,0.20255203077019457
13.0,30.0,hold,p90PredictionError,30,0.38526341425924254,0.3087000432096803,0.4681603261795337
13.0,30.0,hold,recoveryTime,30,1.52,1.2,2.08
13.0,30.0,kalman,eventGOLoss,30,0.0010057592447632194,-0.003157993613652307,0.0050959091770197175
13.0,30.0,kalman,eventGODeviation,30,0.010157040810515371,0.008222224272232726,0.012153453042116001
13.0,30.0,kalman,postGOLoss,30,0.006785764727909957,-0.004759975670521872,0.01837483464507215
13.0,30.0,kalman,postGODeviation,30,0.02770794527706024,0.021502597345240244,0.033851427389172885
13.0,30.0,kalman,eventPairDistanceIncrease,30,-4.6609572202384555e-05,-0.00010803536696272677,2.0179664847199444e-05
13.0,30.0,kalman,eventPairDistanceDeviation,30,0.00015942893873307885,0.00012417963398018403,0.00019690582151831677
13.0,30.0,kalman,postPairDistanceIncrease,30,-0.0008257881876374462,-0.0015116777399591494,-0.00021795839932038443
13.0,30.0,kalman,postPairDistanceDeviation,30,0.001408749950204325,0.0009728148903630334,0.0019907118435494213
13.0,30.0,kalman,meanPredictionError,30,0.16473445304830583,0.1472758816377722,0.18305302988319527
13.0,30.0,kalman,p90PredictionError,30,0.2826613276734674,0.24064864616070844,0.33089466379336374
13.0,30.0,kalman,recoveryTime,30,2.18,1.2,3.8800000000000003
13.0,30.0,kalman-gm,eventGOLoss,30,0.0033405926739815206,0.0003300713842724011,0.006337573617100081
13.0,30.0,kalman-gm,eventGODeviation,30,0.0078084416808404805,0.006145480159143739,0.00972763605157442
13.0,30.0,kalman-gm,postGOLoss,30,0.0003132195405375396,-0.007362421538260169,0.007884609992737315
13.0,30.0,kalman-gm,postGODeviation,30,0.016891775486072787,0.012388844870280906,0.022001633750233715
13.0,30.0,kalman-gm,eventPairDistanceIncrease,30,0.0002423851567799721,0.00016664126711656523,0.0003252403886551545
13.0,30.0,kalman-gm,eventPairDistanceDeviation,30,0.0002476833932636136,0.00017406866254154746,0.00032864413681857194
13.0,30.0,kalman-gm,postPairDistanceIncrease,30,0.00189076106195733,0.0013083763167806037,0.0026459859870857747
13.0,30.0,kalman-gm,postPairDistanceDeviation,30,0.00189076106195733,0.0013083763167806037,0.0026459859870857747
13.0,30.0,kalman-gm,meanPredictionError,30,0.1531158092575935,0.13378363832703416,0.17290119294779568
13.0,30.0,kalman-gm,p90PredictionError,30,0.28865558848696327,0.22904542916931936,0.352292356630165
13.0,30.0,kalman-gm,recoveryTime,30,1.2,1.2,1.2
13.0,30.0,mean,eventGOLoss,30,0.00267239151444066,-0.000523198562515025,0.0058078105614709314
13.0,30.0,mean,eventGODeviation,30,0.007603882899860909,0.0057976557456249495,0.00956249295605816
13.0,30.0,mean,postGOLoss,30,0.00228857039296439,-0.004396094124983442,0.009481037506601694
13.0,30.0,mean,postGODeviation,30,0.015737242748177185,0.011833385519099321,0.01993274418413176
13.0,30.0,mean,eventPairDistanceIncrease,30,5.6840038348324046e-05,3.1083879047753413e-06,0.00011481561164421403
13.0,30.0,mean,eventPairDistanceDeviation,30,0.00012636388949205518,8.852647759719611e-05,0.00017097325636553662
13.0,30.0,mean,postPairDistanceIncrease,30,0.00018721816868217016,-0.000269188659357483,0.0007002567678562224
13.0,30.0,mean,postPairDistanceDeviation,30,0.0009815523454213234,0.0006802663069034831,0.0013643571204828948
13.0,30.0,mean,meanPredictionError,30,0.16514607954041055,0.1476969857323243,0.18350182742193896
13.0,30.0,mean,p90PredictionError,30,0.28437420973724425,0.24134954336225956,0.3339168530270055
13.0,30.0,mean,recoveryTime,30,1.45,1.2,1.95
13.0,30.0,none,eventGOLoss,30,0.00041481962093949267,-0.0075868941446128445,0.008639126288294156
13.0,30.0,none,eventGODeviation,30,0.01846345060459294,0.013849076019071531,0.02380538602721022
13.0,30.0,none,postGOLoss,30,-0.013804614264599327,-0.029003921314581745,0.0009623539078527775
13.0,30.0,none,postGODeviation,30,0.03765068764097389,0.02911125135443442,0.046725511716263074
13.0,30.0,none,eventPairDistanceIncrease,30,0.001287922519595239,0.0009877442569993595,0.001625684730527127
13.0,30.0,none,eventPairDistanceDeviation,30,0.0012907183116149573,0.0009920662211754091,0.0016268255184882672
13.0,30.0,none,postPairDistanceIncrease,30,0.006299358383537203,0.004956435479175136,0.007740432008500994
13.0,30.0,none,postPairDistanceDeviation,30,0.006299864452015039,0.004957447616130806,0.007741444145456665
13.0,30.0,none,meanPredictionError,30,nan,nan,nan
13.0,30.0,none,p90PredictionError,30,nan,nan,nan
13.0,30.0,none,recoveryTime,30,4.177777777777778,2.2222222222222223,6.455555555555556
13.0,60.0,hold,eventGOLoss,30,0.00788771587458636,0.0011397109272912988,0.014951869274846518
13.0,60.0,hold,eventGODeviation,30,0.019192960944619194,0.015539770210250103,0.023274287279025065
13.0,60.0,hold,postGOLoss,30,-0.01369734488027968,-0.031190126840231164,0.004109226385315668
13.0,60.0,hold,postGODeviation,30,0.04239400051841426,0.03218948732613071,0.053113049277217814
13.0,60.0,hold,eventPairDistanceIncrease,30,0.0023919528065465398,0.0018425718080496045,0.0030188421696078728
13.0,60.0,hold,eventPairDistanceDeviation,30,0.0023921119477209127,0.0018426711301181551,0.003019165972968246
13.0,60.0,hold,postPairDistanceIncrease,30,0.011749176799472757,0.009096943237840315,0.014662157260894693
13.0,60.0,hold,postPairDistanceDeviation,30,0.011749176799472757,0.009096943237840315,0.014662157260894693
13.0,60.0,hold,meanPredictionError,30,0.33876011890443425,0.299928151158713,0.38100539478044076
13.0,60.0,hold,p90PredictionError,30,0.9828029127139691,0.7882026399642208,1.1930203160513166
13.0,60.0,hold,recoveryTime,30,3.1750000000000003,1.3624999999999998,5.7625
13.0,60.0,kalman,eventGOLoss,30,-0.0017335488518088206,-0.01089823188810407,0.007071293554937329
13.0,60.0,kalman,eventGODeviation,30,0.023206683869014835,0.019176676515617323,0.027458558248620108
13.0,60.0,kalman,postGOLoss,30,-0.017998100878574612,-0.03998429553305625,0.003644556506360157
13.0,60.0,kalman,postGODeviation,30,0.055016901562307645,0.043481457090753475,0.06734053603002785
13.0,60.0,kalman,eventPairDistanceIncrease,30,0.0004344089236321168,6.239493420436904e-05,0.0008265663543489613
13.0,60.0,kalman,eventPairDistanceDeviation,30,0.0009645630425252972,0.0007174669006018672,0.0012397767163429356
13.0,60.0,kalman,postPairDistanceIncrease,30,0.005140884310009903,0.0029143360837586203,0.0074891368856493095
13.0,60.0,kalman,postPairDistanceDeviation,30,0.006425115830416535,0.004697585900847628,0.008355090351094614
13.0,60.0,kalman,meanPredictionError,30,0.16473445304830583,0.1472758816377722,0.18305302988319527
13.0,60.0,kalman,p90PredictionError,30,0.2826613276734674,0.24064864616070844,0.33089466379336374
13.0,60.0,kalman,recoveryTime,30,5.413043478260869,3.0,8.178260869565218
13.0,60.0,kalman-gm,eventGOLoss,30,0.005383161601559874,-0.0027664708209702996,0.013329084842008815
13.0,60.0,kalman-gm,eventGODeviation,30,0.020334508566591764,0.0163639868725809,0.02488419876788112
13.0,60.0,kalman-gm,postGOLoss,30,-0.013422357975467722,-0.03484769459220097,0.007030027647337867
13.0,60.0,kalman-gm,postGODeviation,30,0.04778563405428251,0.035592950084985815,0.061208620643075515
13.0,60.0,kalman-gm,eventPairDistanceIncrease,30,0.0017807860202891386,0.0013197036064374966,0.0023236884970127903
13.0,60.0,kalman-gm,eventPairDistanceDeviation,30,0.0017834351385309587,0.0013232158116381948,0.0023261098334685618
13.0,60.0,kalman-gm,postPairDistanceIncrease,30,0.008891043075003314,0.006719729622007011,0.011325776984092564
13.0,60.0,kalman-gm,postPairDistanceDeviation,30,0.008903778860759324,0.00673437935459257,0.011348942906676906
13.0,60.0,kalman-gm,meanPredictionError,30,0.3061546690638401,0.2702504397849541,0.34363173293565646
13.0,60.0,kalman-gm,p90PredictionError,30,0.9218387913069997,0.7291141161073296,1.1363926924837844
13.0,60.0,kalman-gm,recoveryTime,30,4.95,2.225,8.0375
13.0,60.0,mean,eventGOLoss,30,0.0007377164746664413,-0.006798271517537279,0.008102768222640203
13.0,60.0,mean,eventGODeviation,30,0.019685119616197046,0.01657701635754037,0.02305721050793106
13.0,60.0,mean,postGOLoss,30,-0.02012922585617586,-0.04049147373654187,-0.0010389014738651338
13.0,60.0,mean,postGODeviation,30,0.04957727936198174,0.038651540187930745,0.06197745614272514
13.0,60.0,mean,eventPairDistanceIncrease,30,0.0009400195009332359,0.0005828692978672372,0.0013441716224124743
13.0,60.0,mean,eventPairDistanceDeviation,30,0.0010749912032663321,0.0007637079929496367,0.0014398087666212605
13.0,60.0,mean,postPairDistanceIncrease,30,0.007182890025055079,0.005138170939823812,0.009423630551042266
13.0,60.0,mean,postPairDistanceDeviation,30,0.007433694583595179,0.005489206383878486,0.00958310051638701
13.0,60.0,mean,meanPredictionError,30,0.16514607954041055,0.1476969857323243,0.18350182742193896
13.0,60.0,mean,p90PredictionError,30,0.28437420973724425,0.24134954336225956,0.3339168530270055
13.0,60.0,mean,recoveryTime,30,6.6499999999999995,3.5500000000000003,10.05
13.0,60.0,none,eventGOLoss,30,-0.004253152114138506,-0.01825305056119978,0.010096508586158126
13.0,60.0,none,eventGODeviation,30,0.03470607303476144,0.027362495358815627,0.042925670425109815
13.0,60.0,none,postGOLoss,30,-0.038907807784932934,-0.07039025129772791,-0.008127237341742354
13.0,60.0,none,postGODeviation,30,0.07200747227811148,0.051381438895939234,0.0956010070925111
13.0,60.0,none,eventPairDistanceIncrease,30,0.00512345890222497,0.0041342246735118155,0.006174417938523985
13.0,60.0,none,eventPairDistanceDeviation,30,0.005124856798234828,0.004137772298858535,0.0061744668574554695
13.0,60.0,none,postPairDistanceIncrease,30,0.018994704172162626,0.015569642572888863,0.022636416509669483
13.0,60.0,none,postPairDistanceDeviation,30,0.018994704172162626,0.015569642572888863,0.022636416509669483
13.0,60.0,none,meanPredictionError,30,nan,nan,nan
13.0,60.0,none,p90PredictionError,30,nan,nan,nan
13.0,60.0,none,recoveryTime,30,4.928571428571429,2.3142857142857145,7.9714285714285715
