run_id,seed,checkpoint_id,event_checkpoint_id,reference_id,branch_steps,mask_rule,duration_steps,mode
S001-fresh,1,S001-step6000,S001-step6200,S001-fresh,600,not_applicable,0,fresh
S001-random-d10-drop,1,S001-step6000,S001-step6200,S001-fresh,600,random,10,drop
S001-random-d10-drop-normalized,1,S001-step6000,S001-step6200,S001-fresh,600,random,10,drop-normalized
S001-random-d10-hold,1,S001-step6000,S001-step6200,S001-fresh,600,random,10,hold
S001-random-d34-drop,1,S001-step6000,S001-step6200,S001-fresh,600,random,34,drop
S001-random-d34-drop-normalized,1,S001-step6000,S001-step6200,S001-fresh,600,random,34,drop-normalized
S001-random-d34-hold,1,S001-step6000,S001-step6200,S001-fresh,600,random,34,hold
S001-random-d100-drop,1,S001-step6000,S001-step6200,S001-fresh,600,random,100,drop
S001-random-d100-drop-normalized,1,S001-step6000,S001-step6200,S001-fresh,600,random,100,drop-normalized
S001-random-d100-hold,1,S001-step6000,S001-step6200,S001-fresh,600,random,100,hold
S001-max_hidden_R1-d10-drop,1,S001-step6000,S001-step6200,S001-fresh,600,max_hidden_R1,10,drop
S001-max_hidden_R1-d10-drop-normalized,1,S001-step6000,S001-step6200,S001-fresh,600,max_hidden_R1,10,drop-normalized
S001-max_hidden_R1-d10-hold,1,S001-step6000,S001-step6200,S001-fresh,600,max_hidden_R1,10,hold
S001-max_hidden_R1-d34-drop,1,S001-step6000,S001-step6200,S001-fresh,600,max_hidden_R1,34,drop
S001-max_hidden_R1-d34-drop-normalized,1,S001-step6000,S001-step6200,S001-fresh,600,max_hidden_R1,34,drop-normalized
S001-max_hidden_R1-d34-hold,1,S001-step6000,S001-step6200,S001-fresh,600,max_hidden_R1,34,hold
S001-max_hidden_R1-d100-drop,1,S001-step6000,S001-step6200,S001-fresh,600,max_hidden_R1,100,drop
S001-max_hidden_R1-d100-drop-normalized,1,S001-step6000,S001-step6200,S001-fresh,600,max_hidden_R1,100,drop-normalized
S001-max_hidden_R1-d100-hold,1,S001-step6000,S001-step6200,S001-fresh,600,max_hidden_R1,100,hold
S001-min_hidden_R1-d10-drop,1,S001-step6000,S001-step6200,S001-fresh,600,min_hidden_R1,10,drop
S001-min_hidden_R1-d10-drop-normalized,1,S001-step6000,S001-step6200,S001-fresh,600,min_hidden_R1,10,drop-normalized
S001-min_hidden_R1-d10-hold,1,S001-step6000,S001-step6200,S001-fresh,600,min_hidden_R1,10,hold
S001-min_hidden_R1-d34-drop,1,S001-step6000,S001-step6200,S001-fresh,600,min_hidden_R1,34,drop
S001-min_hidden_R1-d34-drop-normalized,1,S001-step6000,S001-step6200,S001-fresh,600,min_hidden_R1,34,drop-normalized
S001-min_hidden_R1-d34-hold,1,S001-step6000,S001-step6200,S001-fresh,600,min_hidden_R1,34,hold
S001-min_hidden_R1-d100-drop,1,S001-step6000,S001-step6200,S001-fresh,600,min_hidden_R1,100,drop
S001-min_hidden_R1-d100-drop-normalized,1,S001-step6000,S001-step6200,S001-fresh,600,min_hidden_R1,100,drop-normalized
S001-min_hidden_R1-d100-hold,1,S001-step6000,S001-step6200,S001-fresh,600,min_hidden_R1,100,hold
S002-fresh,2,S002-step6000,S002-step6200,S002-fresh,600,not_applicable,0,fresh
S002-random-d10-drop,2,S002-step6000,S002-step6200,S002-fresh,600,random,10,drop
S002-random-d10-drop-normalized,2,S002-step6000,S002-step6200,S002-fresh,600,random,10,drop-normalized
S002-random-d10-hold,2,S002-step6000,S002-step6200,S002-fresh,600,random,10,hold
S002-random-d34-drop,2,S002-step6000,S002-step6200,S002-fresh,600,random,34,drop
S002-random-d34-drop-normalized,2,S002-step6000,S002-step6200,S002-fresh,600,random,34,drop-normalized
S002-random-d34-hold,2,S002-step6000,S002-step6200,S002-fresh,600,random,34,hold
S002-random-d100-drop,2,S002-step6000,S002-step6200,S002-fresh,600,random,100,drop
S002-random-d100-drop-normalized,2,S002-step6000,S002-step6200,S002-fresh,600,random,100,drop-normalized
S002-random-d100-hold,2,S002-step6000,S002-step6200,S002-fresh,600,random,100,hold
S002-max_hidden_R1-d10-drop,2,S002-step6000,S002-step6200,S002-fresh,600,max_hidden_R1,10,drop
S002-max_hidden_R1-d10-drop-normalized,2,S002-step6000,S002-step6200,S002-fresh,600,max_hidden_R1,10,drop-normalized
S002-max_hidden_R1-d10-hold,2,S002-step6000,S002-step6200,S002-fresh,600,max_hidden_R1,10,hold
S002-max_hidden_R1-d34-drop,2,S002-step6000,S002-step6200,S002-fresh,600,max_hidden_R1,34,drop
S002-max_hidden_R1-d34-drop-normalized,2,S002-step6000,S002-step6200,S002-fresh,600,max_hidden_R1,34,drop-normalized
S002-max_hidden_R1-d34-hold,2,S002-step6000,S002-step6200,S002-fresh,600,max_hidden_R1,34,hold
S002-max_hidden_R1-d100-drop,2,S002-step6000,S002-step6200,S002-fresh,600,max_hidden_R1,100,drop
S002-max_hidden_R1-d100-drop-normalized,2,S002-step6000,S002-step6200,S002-fresh,600,max_hidden_R1,100,drop-normalized
S002-max_hidden_R1-d100-hold,2,S002-step6000,S002-step6200,S002-fresh,600,max_hidden_R1,100,hold
S002-min_hidden_R1-d10-drop,2,S002-step6000,S002-step6200,S002-fresh,600,min_hidden_R1,10,drop
S002-min_hidden_R1-d10-drop-normalized,2,S002-step6000,S002-step6200,S002-fresh,600,min_hidden_R1,10,drop-normalized
S002-min_hidden_R1-d10-hold,2,S002-step6000,S002-step6200,S002-fresh,600,min_hidden_R1,10,hold
S002-min_hidden_R1-d34-drop,2,S002-step6000,S002-step6200,S002-fresh,600,min_hidden_R1,34,drop
S002-min_hidden_R1-d34-drop-normalized,2,S002-step6000,S002-step6200,S002-fresh,600,min_hidden_R1,34,drop-normalized
S002-min_hidden_R1-d34-hold,2,S002-step6000,S002-step6200,S002-fresh,600,min_hidden_R1,34,hold
S002-min_hidden_R1-d100-drop,2,S002-step6000,S002-step6200,S002-fresh,600,min_hidden_R1,100,drop
S002-min_hidden_R1-d100-drop-normalized,2,S002-step6000,S002-step6200,S002-fresh,600,min_hidden_R1,100,drop-normalized
S002-min_hidden_R1-d100-hold,2,S002-step6000,S002-step6200,S002-fresh,600,min_hidden_R1,100,hold
S003-fresh,3,S003-step6000,S003-step6200,S003-fresh,600,not_applicable,0,fresh
S003-random-d10-drop,3,S003-step6000,S003-step6200,S003-fresh,600,random,10,drop
S003-random-d10-drop-normalized,3,S003-step6000,S003-step6200,S003-fresh,600,random,10,drop-normalized
S003-random-d10-hold,3,S003-step6000,S003-step6200,S003-fresh,600,random,10,hold
S003-random-d34-drop,3,S003-step6000,S003-step6200,S003-fresh,600,random,34,drop
S003-random-d34-drop-normalized,3,S003-step6000,S003-step6200,S003-fresh,600,random,34,drop-normalized
S003-random-d34-hold,3,S003-step6000,S003-step6200,S003-fresh,600,random,34,hold
S003-random-d100-drop,3,S003-step6000,S003-step6200,S003-fresh,600,random,100,drop
S003-random-d100-drop-normalized,3,S003-step6000,S003-step6200,S003-fresh,600,random,100,drop-normalized
S003-random-d100-hold,3,S003-step6000,S003-step6200,S003-fresh,600,random,100,hold
S003-max_hidden_R1-d10-drop,3,S003-step6000,S003-step6200,S003-fresh,600,max_hidden_R1,10,drop
S003-max_hidden_R1-d10-drop-normalized,3,S003-step6000,S003-step6200,S003-fresh,600,max_hidden_R1,10,drop-normalized
S003-max_hidden_R1-d10-hold,3,S003-step6000,S003-step6200,S003-fresh,600,max_hidden_R1,10,hold
S003-max_hidden_R1-d34-drop,3,S003-step6000,S003-step6200,S003-fresh,600,max_hidden_R1,34,drop
S003-max_hidden_R1-d34-drop-normalized,3,S003-step6000,S003-step6200,S003-fresh,600,max_hidden_R1,34,drop-normalized
S003-max_hidden_R1-d34-hold,3,S003-step6000,S003-step6200,S003-fresh,600,max_hidden_R1,34,hold
S003-max_hidden_R1-d100-drop,3,S003-step6000,S003-step6200,S003-fresh,600,max_hidden_R1,100,drop
S003-max_hidden_R1-d100-drop-normalized,3,S003-step6000,S003-step6200,S003-fresh,600,max_hidden_R1,100,drop-normalized
S003-max_hidden_R1-d100-hold,3,S003-step6000,S003-step6200,S003-fresh,600,max_hidden_R1,100,hold
S003-min_hidden_R1-d10-drop,3,S003-step6000,S003-step6200,S003-fresh,600,min_hidden_R1,10,drop
S003-min_hidden_R1-d10-drop-normalized,3,S003-step6000,S003-step6200,S003-fresh,600,min_hidden_R1,10,drop-normalized
S003-min_hidden_R1-d10-hold,3,S003-step6000,S003-step6200,S003-fresh,600,min_hidden_R1,10,hold
S003-min_hidden_R1-d34-drop,3,S003-step6000,S003-step6200,S003-fresh,600,min_hidden_R1,34,drop
S003-min_hidden_R1-d34-drop-normalized,3,S003-step6000,S003-step6200,S003-fresh,600,min_hidden_R1,34,drop-normalized
S003-min_hidden_R1-d34-hold,3,S003-step6000,S003-step6200,S003-fresh,600,min_hidden_R1,34,hold
S003-min_hidden_R1-d100-drop,3,S003-step6000,S003-step6200,S003-fresh,600,min_hidden_R1,100,drop
S003-min_hidden_R1-d100-drop-normalized,3,S003-step6000,S003-step6200,S003-fresh,600,min_hidden_R1,100,drop-normalized
S003-min_hidden_R1-d100-hold,3,S003-step6000,S003-step6200,S003-fresh,600,min_hidden_R1,100,hold
S004-fresh,4,S004-step6000,S004-step6200,S004-fresh,600,not_applicable,0,fresh
S004-random-d10-drop,4,S004-step6000,S004-step6200,S004-fresh,600,random,10,drop
S004-random-d10-drop-normalized,4,S004-step6000,S004-step6200,S004-fresh,600,random,10,drop-normalized
S004-random-d10-hold,4,S004-step6000,S004-step6200,S004-fresh,600,random,10,hold
S004-random-d34-drop,4,S004-step6000,S004-step6200,S004-fresh,600,random,34,drop
S004-random-d34-drop-normalized,4,S004-step6000,S004-step6200,S004-fresh,600,random,34,drop-normalized
S004-random-d34-hold,4,S004-step6000,S004-step6200,S004-fresh,600,random,34,hold
S004-random-d100-drop,4,S004-step6000,S004-step6200,S004-fresh,600,random,100,drop
S004-random-d100-drop-normalized,4,S004-step6000,S004-step6200,S004-fresh,600,random,100,drop-normalized
S004-random-d100-hold,4,S004-step6000,S004-step6200,S004-fresh,600,random,100,hold
S004-max_hidden_R1-d10-drop,4,S004-step6000,S004-step6200,S004-fresh,600,max_hidden_R1,10,drop
S004-max_hidden_R1-d10-drop-normalized,4,S004-step6000,S004-step6200,S004-fresh,600,max_hidden_R1,10,drop-normalized
S004-max_hidden_R1-d10-hold,4,S004-step6000,S004-step6200,S004-fresh,600,max_hidden_R1,10,hold
S004-max_hidden_R1-d34-drop,4,S004-step6000,S004-step6200,S004-fresh,600,max_hidden_R1,34,drop
S004-max_hidden_R1-d34-drop-normalized,4,S004-step6000,S004-step6200,S004-fresh,600,max_hidden_R1,34,drop-normalized
S004-max_hidden_R1-d34-hold,4,S004-step6000,S004-step6200,S004-fresh,600,max_hidden_R1,34,hold
S004-max_hidden_R1-d100-drop,4,S004-step6000,S004-step6200,S004-fresh,600,max_hidden_R1,100,drop
S004-max_hidden_R1-d100-drop-normalized,4,S004-step6000,S004-step6200,S004-fresh,600,max_hidden_R1,100,drop-normalized
S004-max_hidden_R1-d100-hold,4,S004-step6000,S004-step6200,S004-fresh,600,max_hidden_R1,100,hold
S004-min_hidden_R1-d10-drop,4,S004-step6000,S004-step6200,S004-fresh,600,min_hidden_R1,10,drop
S004-min_hidden_R1-d10-drop-normalized,4,S004-step6000,S004-step6200,S004-fresh,600,min_hidden_R1,10,drop-normalized
S004-min_hidden_R1-d10-hold,4,S004-step6000,S004-step6200,S004-fresh,600,min_hidden_R1,10,hold
S004-min_hidden_R1-d34-drop,4,S004-step6000,S004-step6200,S004-fresh,600,min_hidden_R1,34,drop
S004-min_hidden_R1-d34-drop-normalized,4,S004-step6000,S004-step6200,S004-fresh,600,min_hidden_R1,34,drop-normalized
S004-min_hidden_R1-d34-hold,4,S004-step6000,S004-step6200,S004-fresh,600,min_hidden_R1,34,hold
S004-min_hidden_R1-d100-drop,4,S004-step6000,S004-step6200,S004-fresh,600,min_hidden_R1,100,drop
S004-min_hidden_R1-d100-drop-normalized,4,S004-step6000,S004-step6200,S004-fresh,600,min_hidden_R1,100,drop-normalized
S004-min_hidden_R1-d100-hold,4,S004-step6000,S004-step6200,S004-fresh,600,min_hidden_R1,100,hold
S005-fresh,5,S005-step6000,S005-step6200,S005-fresh,600,not_applicable,0,fresh
S005-random-d10-drop,5,S005-step6000,S005-step6200,S005-fresh,600,random,10,drop
S005-random-d10-drop-normalized,5,S005-step6000,S005-step6200,S005-fresh,600,random,10,drop-normalized
S005-random-d10-hold,5,S005-step6000,S005-step6200,S005-fresh,600,random,10,hold
S005-random-d34-drop,5,S005-step6000,S005-step6200,S005-fresh,600,random,34,drop
S005-random-d34-drop-normalized,5,S005-step6000,S005-step6200,S005-fresh,600,random,34,drop-normalized
S005-random-d34-hold,5,S005-step6000,S005-step6200,S005-fresh,600,random,34,hold
S005-random-d100-drop,5,S005-step6000,S005-step6200,S005-fresh,600,random,100,drop
S005-random-d100-drop-normalized,5,S005-step6000,S005-step6200,S005-fresh,600,random,100,drop-normalized
S005-random-d100-hold,5,S005-step6000,S005-step6200,S005-fresh,600,random,100,hold
S005-max_hidden_R1-d10-drop,5,S005-step6000,S005-step6200,S005-fresh,600,max_hidden_R1,10,drop
S005-max_hidden_R1-d10-drop-normalized,5,S005-step6000,S005-step6200,S005-fresh,600,max_hidden_R1,10,drop-normalized
S005-max_hidden_R1-d10-hold,5,S005-step6000,S005-step6200,S005-fresh,600,max_hidden_R1,10,hold
S005-max_hidden_R1-d34-drop,5,S005-step6000,S005-step6200,S005-fresh,600,max_hidden_R1,34,drop
S005-max_hidden_R1-d34-drop-normalized,5,S005-step6000,S005-step6200,S005-fresh,600,max_hidden_R1,34,drop-normalized
S005-max_hidden_R1-d34-hold,5,S005-step6000,S005-step6200,S005-fresh,600,max_hidden_R1,34,hold
S005-max_hidden_R1-d100-drop,5,S005-step6000,S005-step6200,S005-fresh,600,max_hidden_R1,100,drop
S005-max_hidden_R1-d100-drop-normalized,5,S005-step6000,S005-step6200,S005-fresh,600,max_hidden_R1,100,drop-normalized
S005-max_hidden_R1-d100-hold,5,S005-step6000,S005-step6200,S005-fresh,600,max_hidden_R1,100,hold
S005-min_hidden_R1-d10-drop,5,S005-step6000,S005-step6200,S005-fresh,600,min_hidden_R1,10,drop
S005-min_hidden_R1-d10-drop-normalized,5,S005-step6000,S005-step6200,S005-fresh,600,min_hidden_R1,10,drop-normalized
S005-min_hidden_R1-d10-hold,5,S005-step6000,S005-step6200,S005-fresh,600,min_hidden_R1,10,hold
S005-min_hidden_R1-d34-drop,5,S005-step6000,S005-step6200,S005-fresh,600,min_hidden_R1,34,drop
S005-min_hidden_R1-d34-drop-normalized,5,S005-step6000,S005-step6200,S005-fresh,600,min_hidden_R1,34,drop-normalized
S005-min_hidden_R1-d34-hold,5,S005-step6000,S005-step6200,S005-fresh,600,min_hidden_R1,34,hold
S005-min_hidden_R1-d100-drop,5,S005-step6000,S005-step6200,S005-fresh,600,min_hidden_R1,100,drop
S005-min_hidden_R1-d100-drop-normalized,5,S005-step6000,S005-step6200,S005-fresh,600,min_hidden_R1,100,drop-normalized
S005-min_hidden_R1-d100-hold,5,S005-step6000,S005-step6200,S005-fresh,600,min_hidden_R1,100,hold
S006-fresh,6,S006-step6000,S006-step6200,S006-fresh,600,not_applicable,0,fresh
S006-random-d10-drop,6,S006-step6000,S006-step6200,S006-fresh,600,random,10,drop
S006-random-d10-drop-normalized,6,S006-step6000,S006-step6200,S006-fresh,600,random,10,drop-normalized
S006-random-d10-hold,6,S006-step6000,S006-step6200,S006-fresh,600,random,10,hold
S006-random-d34-drop,6,S006-step6000,S006-step6200,S006-fresh,600,random,34,drop
S006-random-d34-drop-normalized,6,S006-step6000,S006-step6200,S006-fresh,600,random,34,drop-normalized
S006-random-d34-hold,6,S006-step6000,S006-step6200,S006-fresh,600,random,34,hold
S006-random-d100-drop,6,S006-step6000,S006-step6200,S006-fresh,600,random,100,drop
S006-random-d100-drop-normalized,6,S006-step6000,S006-step6200,S006-fresh,600,random,100,drop-normalized
S006-random-d100-hold,6,S006-step6000,S006-step6200,S006-fresh,600,random,100,hold
S006-max_hidden_R1-d10-drop,6,S006-step6000,S006-step6200,S006-fresh,600,max_hidden_R1,10,drop
S006-max_hidden_R1-d10-drop-normalized,6,S006-step6000,S006-step6200,S006-fresh,600,max_hidden_R1,10,drop-normalized
S006-max_hidden_R1-d10-hold,6,S006-step6000,S006-step6200,S006-fresh,600,max_hidden_R1,10,hold
S006-max_hidden_R1-d34-drop,6,S006-step6000,S006-step6200,S006-fresh,600,max_hidden_R1,34,drop
S006-max_hidden_R1-d34-drop-normalized,6,S006-step6000,S006-step6200,S006-fresh,600,max_hidden_R1,34,drop-normalized
S006-max_hidden_R1-d34-hold,6,S006-step6000,S006-step6200,S006-fresh,600,max_hidden_R1,34,hold
S006-max_hidden_R1-d100-drop,6,S006-step6000,S006-step6200,S006-fresh,600,max_hidden_R1,100,drop
S006-max_hidden_R1-d100-drop-normalized,6,S006-step6000,S006-step6200,S006-fresh,600,max_hidden_R1,100,drop-normalized
S006-max_hidden_R1-d100-hold,6,S006-step6000,S006-step6200,S006-fresh,600,max_hidden_R1,100,hold
S006-min_hidden_R1-d10-drop,6,S006-step6000,S006-step6200,S006-fresh,600,min_hidden_R1,10,drop
S006-min_hidden_R1-d10-drop-normalized,6,S006-step6000,S006-step6200,S006-fresh,600,min_hidden_R1,10,drop-normalized
S006-min_hidden_R1-d10-hold,6,S006-step6000,S006-step6200,S006-fresh,600,min_hidden_R1,10,hold
S006-min_hidden_R1-d34-drop,6,S006-step6000,S006-step6200,S006-fresh,600,min_hidden_R1,34,drop
S006-min_hidden_R1-d34-drop-normalized,6,S006-step6000,S006-step6200,S006-fresh,600,min_hidden_R1,34,drop-normalized
S006-min_hidden_R1-d34-hold,6,S006-step6000,S006-step6200,S006-fresh,600,min_hidden_R1,34,hold
S006-min_hidden_R1-d100-drop,6,S006-step6000,S006-step6200,S006-fresh,600,min_hidden_R1,100,drop
S006-min_hidden_R1-d100-drop-normalized,6,S006-step6000,S006-step6200,S006-fresh,600,min_hidden_R1,100,drop-normalized
S006-min_hidden_R1-d100-hold,6,S006-step6000,S006-step6200,S006-fresh,600,min_hidden_R1,100,hold
S007-fresh,7,S007-step6000,S007-step6200,S007-fresh,600,not_applicable,0,fresh
S007-random-d10-drop,7,S007-step6000,S007-step6200,S007-fresh,600,random,10,drop
S007-random-d10-drop-normalized,7,S007-step6000,S007-step6200,S007-fresh,600,random,10,drop-normalized
S007-random-d10-hold,7,S007-step6000,S007-step6200,S007-fresh,600,random,10,hold
S007-random-d34-drop,7,S007-step6000,S007-step6200,S007-fresh,600,random,34,drop
S007-random-d34-drop-normalized,7,S007-step6000,S007-step6200,S007-fresh,600,random,34,drop-normalized
S007-random-d34-hold,7,S007-step6000,S007-step6200,S007-fresh,600,random,34,hold
S007-random-d100-drop,7,S007-step6000,S007-step6200,S007-fresh,600,random,100,drop
S007-random-d100-drop-normalized,7,S007-step6000,S007-step6200,S007-fresh,600,random,100,drop-normalized
S007-random-d100-hold,7,S007-step6000,S007-step6200,S007-fresh,600,random,100,hold
S007-max_hidden_R1-d10-drop,7,S007-step6000,S007-step6200,S007-fresh,600,max_hidden_R1,10,drop
S007-max_hidden_R1-d10-drop-normalized,7,S007-step6000,S007-step6200,S007-fresh,600,max_hidden_R1,10,drop-normalized
S007-max_hidden_R1-d10-hold,7,S007-step6000,S007-step6200,S007-fresh,600,max_hidden_R1,10,hold
S007-max_hidden_R1-d34-drop,7,S007-step6000,S007-step6200,S007-fresh,600,max_hidden_R1,34,drop
S007-max_hidden_R1-d34-drop-normalized,7,S007-step6000,S007-step6200,S007-fresh,600,max_hidden_R1,34,drop-normalized
S007-max_hidden_R1-d34-hold,7,S007-step6000,S007-step6200,S007-fresh,600,max_hidden_R1,34,hold
S007-max_hidden_R1-d100-drop,7,S007-step6000,S007-step6200,S007-fresh,600,max_hidden_R1,100,drop
S007-max_hidden_R1-d100-drop-normalized,7,S007-step6000,S007-step6200,S007-fresh,600,max_hidden_R1,100,drop-normalized
S007-max_hidden_R1-d100-hold,7,S007-step6000,S007-step6200,S007-fresh,600,max_hidden_R1,100,hold
S007-min_hidden_R1-d10-drop,7,S007-step6000,S007-step6200,S007-fresh,600,min_hidden_R1,10,drop
S007-min_hidden_R1-d10-drop-normalized,7,S007-step6000,S007-step6200,S007-fresh,600,min_hidden_R1,10,drop-normalized
S007-min_hidden_R1-d10-hold,7,S007-step6000,S007-step6200,S007-fresh,600,min_hidden_R1,10,hold
S007-min_hidden_R1-d34-drop,7,S007-step6000,S007-step6200,S007-fresh,600,min_hidden_R1,34,drop
S007-min_hidden_R1-d34-drop-normalized,7,S007-step6000,S007-step6200,S007-fresh,600,min_hidden_R1,34,drop-normalized
S007-min_hidden_R1-d34-hold,7,S007-step6000,S007-step6200,S007-fresh,600,min_hidden_R1,34,hold
S007-min_hidden_R1-d100-drop,7,S007-step6000,S007-step6200,S007-fresh,600,min_hidden_R1,100,drop
S007-min_hidden_R1-d100-drop-normalized,7,S007-step6000,S007-step6200,S007-fresh,600,min_hidden_R1,100,drop-normalized
S007-min_hidden_R1-d100-hold,7,S007-step6000,S007-step6200,S007-fresh,600,min_hidden_R1,100,hold
S008-fresh,8,S008-step6000,S008-step6200,S008-fresh,600,not_applicable,0,fresh
S008-random-d10-drop,8,S008-step6000,S008-step6200,S008-fresh,600,random,10,drop
S008-random-d10-drop-normalized,8,S008-step6000,S008-step6200,S008-fresh,600,random,10,drop-normalized
S008-random-d10-hold,8,S008-step6000,S008-step6200,S008-fresh,600,random,10,hold
S008-random-d34-drop,8,S008-step6000,S008-step6200,S008-fresh,600,random,34,drop
S008-random-d34-drop-normalized,8,S008-step6000,S008-step6200,S008-fresh,600,random,34,drop-normalized
S008-random-d34-hold,8,S008-step6000,S008-step6200,S008-fresh,600,random,34,hold
S008-random-d100-drop,8,S008-step6000,S008-step6200,S008-fresh,600,random,100,drop
S008-random-d100-drop-normalized,8,S008-step6000,S008-step6200,S008-fresh,600,random,100,drop-normalized
S008-random-d100-hold,8,S008-step6000,S008-step6200,S008-fresh,600,random,100,hold
S008-max_hidden_R1-d10-drop,8,S008-step6000,S008-step6200,S008-fresh,600,max_hidden_R1,10,drop
S008-max_hidden_R1-d10-drop-normalized,8,S008-step6000,S008-step6200,S008-fresh,600,max_hidden_R1,10,drop-normalized
S008-max_hidden_R1-d10-hold,8,S008-step6000,S008-step6200,S008-fresh,600,max_hidden_R1,10,hold
S008-max_hidden_R1-d34-drop,8,S008-step6000,S008-step6200,S008-fresh,600,max_hidden_R1,34,drop
S008-max_hidden_R1-d34-drop-normalized,8,S008-step6000,S008-step6200,S008-fresh,600,max_hidden_R1,34,drop-normalized
S008-max_hidden_R1-d34-hold,8,S008-step6000,S008-step6200,S008-fresh,600,max_hidden_R1,34,hold
S008-max_hidden_R1-d100-drop,8,S008-step6000,S008-step6200,S008-fresh,600,max_hidden_R1,100,drop
S008-max_hidden_R1-d100-drop-normalized,8,S008-step6000,S008-step6200,S008-fresh,600,max_hidden_R1,100,drop-normalized
S008-max_hidden_R1-d100-hold,8,S008-step6000,S008-step6200,S008-fresh,600,max_hidden_R1,100,hold
S008-min_hidden_R1-d10-drop,8,S008-step6000,S008-step6200,S008-fresh,600,min_hidden_R1,10,drop
S008-min_hidden_R1-d10-drop-normalized,8,S008-step6000,S008-step6200,S008-fresh,600,min_hidden_R1,10,drop-normalized
S008-min_hidden_R1-d10-hold,8,S008-step6000,S008-step6200,S008-fresh,600,min_hidden_R1,10,hold
S008-min_hidden_R1-d34-drop,8,S008-step6000,S008-step6200,S008-fresh,600,min_hidden_R1,34,drop
S008-min_hidden_R1-d34-drop-normalized,8,S008-step6000,S008-step6200,S008-fresh,600,min_hidden_R1,34,drop-normalized
S008-min_hidden_R1-d34-hold,8,S008-step6000,S008-step6200,S008-fresh,600,min_hidden_R1,34,hold
S008-min_hidden_R1-d100-drop,8,S008-step6000,S008-step6200,S008-fresh,600,min_hidden_R1,100,drop
S008-min_hidden_R1-d100-drop-normalized,8,S008-step6000,S008-step6200,S008-fresh,600,min_hidden_R1,100,drop-normalized
S008-min_hidden_R1-d100-hold,8,S008-step6000,S008-step6200,S008-fresh,600,min_hidden_R1,100,hold
S009-fresh,9,S009-step6000,S009-step6200,S009-fresh,600,not_applicable,0,fresh
S009-random-d10-drop,9,S009-step6000,S009-step6200,S009-fresh,600,random,10,drop
S009-random-d10-drop-normalized,9,S009-step6000,S009-step6200,S009-fresh,600,random,10,drop-normalized
S009-random-d10-hold,9,S009-step6000,S009-step6200,S009-fresh,600,random,10,hold
S009-random-d34-drop,9,S009-step6000,S009-step6200,S009-fresh,600,random,34,drop
S009-random-d34-drop-normalized,9,S009-step6000,S009-step6200,S009-fresh,600,random,34,drop-normalized
S009-random-d34-hold,9,S009-step6000,S009-step6200,S009-fresh,600,random,34,hold
S009-random-d100-drop,9,S009-step6000,S009-step6200,S009-fresh,600,random,100,drop
S009-random-d100-drop-normalized,9,S009-step6000,S009-step6200,S009-fresh,600,random,100,drop-normalized
S009-random-d100-hold,9,S009-step6000,S009-step6200,S009-fresh,600,random,100,hold
S009-max_hidden_R1-d10-drop,9,S009-step6000,S009-step6200,S009-fresh,600,max_hidden_R1,10,drop
S009-max_hidden_R1-d10-drop-normalized,9,S009-step6000,S009-step6200,S009-fresh,600,max_hidden_R1,10,drop-normalized
S009-max_hidden_R1-d10-hold,9,S009-step6000,S009-step6200,S009-fresh,600,max_hidden_R1,10,hold
S009-max_hidden_R1-d34-drop,9,S009-step6000,S009-step6200,S009-fresh,600,max_hidden_R1,34,drop
S009-max_hidden_R1-d34-drop-normalized,9,S009-step6000,S009-step6200,S009-fresh,600,max_hidden_R1,34,drop-normalized
S009-max_hidden_R1-d34-hold,9,S009-step6000,S009-step6200,S009-fresh,600,max_hidden_R1,34,hold
S009-max_hidden_R1-d100-drop,9,S009-step6000,S009-step6200,S009-fresh,600,max_hidden_R1,100,drop
S009-max_hidden_R1-d100-drop-normalized,9,S009-step6000,S009-step6200,S009-fresh,600,max_hidden_R1,100,drop-normalized
S009-max_hidden_R1-d100-hold,9,S009-step6000,S009-step6200,S009-fresh,600,max_hidden_R1,100,hold
S009-min_hidden_R1-d10-drop,9,S009-step6000,S009-step6200,S009-fresh,600,min_hidden_R1,10,drop
S009-min_hidden_R1-d10-drop-normalized,9,S009-step6000,S009-step6200,S009-fresh,600,min_hidden_R1,10,drop-normalized
S009-min_hidden_R1-d10-hold,9,S009-step6000,S009-step6200,S009-fresh,600,min_hidden_R1,10,hold
S009-min_hidden_R1-d34-drop,9,S009-step6000,S009-step6200,S009-fresh,600,min_hidden_R1,34,drop
S009-min_hidden_R1-d34-drop-normalized,9,S009-step6000,S009-step6200,S009-fresh,600,min_hidden_R1,34,drop-normalized
S009-min_hidden_R1-d34-hold,9,S009-step6000,S009-step6200,S009-fresh,600,min_hidden_R1,34,hold
S009-min_hidden_R1-d100-drop,9,S009-step6000,S009-step6200,S009-fresh,600,min_hidden_R1,100,drop
S009-min_hidden_R1-d100-drop-normalized,9,S009-step6000,S009-step6200,S009-fresh,600,min_hidden_R1,100,drop-normalized
S009-min_hidden_R1-d100-hold,9,S009-step6000,S009-step6200,S009-fresh,600,min_hidden_R1,100,hold
S010-fresh,10,S010-step6000,S010-step6200,S010-fresh,600,not_applicable,0,fresh
S010-random-d10-drop,10,S010-step6000,S010-step6200,S010-fresh,600,random,10,drop
S010-random-d10-drop-normalized,10,S010-step6000,S010-step6200,S010-fresh,600,random,10,drop-normalized
S010-random-d10-hold,10,S010-step6000,S010-step6200,S010-fresh,600,random,10,hold
S010-random-d34-drop,10,S010-step6000,S010-step6200,S010-fresh,600,random,34,drop
S010-random-d34-drop-normalized,10,S010-step6000,S010-step6200,S010-fresh,600,random,34,drop-normalized
S010-random-d34-hold,10,S010-step6000,S010-step6200,S010-fresh,600,random,34,hold
S010-random-d100-drop,10,S010-step6000,S010-step6200,S010-fresh,600,random,100,drop
S010-random-d100-drop-normalized,10,S010-step6000,S010-step6200,S010-fresh,600,random,100,drop-normalized
S010-random-d100-hold,10,S010-step6000,S010-step6200,S010-fresh,600,random,100,hold
S010-max_hidden_R1-d10-drop,10,S010-step6000,S010-step6200,S010-fresh,600,max_hidden_R1,10,drop
S010-max_hidden_R1-d10-drop-normalized,10,S010-step6000,S010-step6200,S010-fresh,600,max_hidden_R1,10,drop-normalized
S010-max_hidden_R1-d10-hold,10,S010-step6000,S010-step6200,S010-fresh,600,max_hidden_R1,10,hold
S010-max_hidden_R1-d34-drop,10,S010-step6000,S010-step6200,S010-fresh,600,max_hidden_R1,34,drop
S010-max_hidden_R1-d34-drop-normalized,10,S010-step6000,S010-step6200,S010-fresh,600,max_hidden_R1,34,drop-normalized
S010-max_hidden_R1-d34-hold,10,S010-step6000,S010-step6200,S010-fresh,600,max_hidden_R1,34,hold
S010-max_hidden_R1-d100-drop,10,S010-step6000,S010-step6200,S010-fresh,600,max_hidden_R1,100,drop
S010-max_hidden_R1-d100-drop-normalized,10,S010-step6000,S010-step6200,S010-fresh,600,max_hidden_R1,100,drop-normalized
S010-max_hidden_R1-d100-hold,10,S010-step6000,S010-step6200,S010-fresh,600,max_hidden_R1,100,hold
S010-min_hidden_R1-d10-drop,10,S010-step6000,S010-step6200,S010-fresh,600,min_hidden_R1,10,drop
S010-min_hidden_R1-d10-drop-normalized,10,S010-step6000,S010-step6200,S010-fresh,600,min_hidden_R1,10,drop-normalized
S010-min_hidden_R1-d10-hold,10,S010-step6000,S010-step6200,S010-fresh,600,min_hidden_R1,10,hold
S010-min_hidden_R1-d34-drop,10,S010-step6000,S010-step6200,S010-fresh,600,min_hidden_R1,34,drop
S010-min_hidden_R1-d34-drop-normalized,10,S010-step6000,S010-step6200,S010-fresh,600,min_hidden_R1,34,drop-normalized
S010-min_hidden_R1-d34-hold,10,S010-step6000,S010-step6200,S010-fresh,600,min_hidden_R1,34,hold
S010-min_hidden_R1-d100-drop,10,S010-step6000,S010-step6200,S010-fresh,600,min_hidden_R1,100,drop
S010-min_hidden_R1-d100-drop-normalized,10,S010-step6000,S010-step6200,S010-fresh,600,min_hidden_R1,100,drop-normalized
S010-min_hidden_R1-d100-hold,10,S010-step6000,S010-step6200,S010-fresh,600,min_hidden_R1,100,hold
S011-fresh,11,S011-step6000,S011-step6200,S011-fresh,600,not_applicable,0,fresh
S011-random-d10-drop,11,S011-step6000,S011-step6200,S011-fresh,600,random,10,drop
S011-random-d10-drop-normalized,11,S011-step6000,S011-step6200,S011-fresh,600,random,10,drop-normalized
S011-random-d10-hold,11,S011-step6000,S011-step6200,S011-fresh,600,random,10,hold
S011-random-d34-drop,11,S011-step6000,S011-step6200,S011-fresh,600,random,34,drop
S011-random-d34-drop-normalized,11,S011-step6000,S011-step6200,S011-fresh,600,random,34,drop-normalized
S011-random-d34-hold,11,S011-step6000,S011-step6200,S011-fresh,600,random,34,hold
S011-random-d100-drop,11,S011-step6000,S011-step6200,S011-fresh,600,random,100,drop
S011-random-d100-drop-normalized,11,S011-step6000,S011-step6200,S011-fresh,600,random,100,drop-normalized
S011-random-d100-hold,11,S011-step6000,S011-step6200,S011-fresh,600,random,100,hold
S011-max_hidden_R1-d10-drop,11,S011-step6000,S011-step6200,S011-fresh,600,max_hidden_R1,10,drop
S011-max_hidden_R1-d10-drop-normalized,11,S011-step6000,S011-step6200,S011-fresh,600,max_hidden_R1,10,drop-normalized
S011-max_hidden_R1-d10-hold,11,S011-step6000,S011-step6200,S011-fresh,600,max_hidden_R1,10,hold
S011-max_hidden_R1-d34-drop,11,S011-step6000,S011-step6200,S011-fresh,600,max_hidden_R1,34,drop
S011-max_hidden_R1-d34-drop-normalized,11,S011-step6000,S011-step6200,S011-fresh,600,max_hidden_R1,34,drop-normalized
S011-max_hidden_R1-d34-hold,11,S011-step6000,S011-step6200,S011-fresh,600,max_hidden_R1,34,hold
S011-max_hidden_R1-d100-drop,11,S011-step6000,S011-step6200,S011-fresh,600,max_hidden_R1,100,drop
S011-max_hidden_R1-d100-drop-normalized,11,S011-step6000,S011-step6200,S011-fresh,600,max_hidden_R1,100,drop-normalized
S011-max_hidden_R1-d100-hold,11,S011-step6000,S011-step6200,S011-fresh,600,max_hidden_R1,100,hold
S011-min_hidden_R1-d10-drop,11,S011-step6000,S011-step6200,S011-fresh,600,min_hidden_R1,10,drop
S011-min_hidden_R1-d10-drop-normalized,11,S011-step6000,S011-step6200,S011-fresh,600,min_hidden_R1,10,drop-normalized
S011-min_hidden_R1-d10-hold,11,S011-step6000,S011-step6200,S011-fresh,600,min_hidden_R1,10,hold
S011-min_hidden_R1-d34-drop,11,S011-step6000,S011-step6200,S011-fresh,600,min_hidden_R1,34,drop
S011-min_hidden_R1-d34-drop-normalized,11,S011-step6000,S011-step6200,S011-fresh,600,min_hidden_R1,34,drop-normalized
S011-min_hidden_R1-d34-hold,11,S011-step6000,S011-step6200,S011-fresh,600,min_hidden_R1,34,hold
S011-min_hidden_R1-d100-drop,11,S011-step6000,S011-step6200,S011-fresh,600,min_hidden_R1,100,drop
S011-min_hidden_R1-d100-drop-normalized,11,S011-step6000,S011-step6200,S011-fresh,600,min_hidden_R1,100,drop-normalized
S011-min_hidden_R1-d100-hold,11,S011-step6000,S011-step6200,S011-fresh,600,min_hidden_R1,100,hold
S012-fresh,12,S012-step6000,S012-step6200,S012-fresh,600,not_applicable,0,fresh
S012-random-d10-drop,12,S012-step6000,S012-step6200,S012-fresh,600,random,10,drop
S012-random-d10-drop-normalized,12,S012-step6000,S012-step6200,S012-fresh,600,random,10,drop-normalized
S012-random-d10-hold,12,S012-step6000,S012-step6200,S012-fresh,600,random,10,hold
S012-random-d34-drop,12,S012-step6000,S012-step6200,S012-fresh,600,random,34,drop
S012-random-d34-drop-normalized,12,S012-step6000,S012-step6200,S012-fresh,600,random,34,drop-normalized
S012-random-d34-hold,12,S012-step6000,S012-step6200,S012-fresh,600,random,34,hold
S012-random-d100-drop,12,S012-step6000,S012-step6200,S012-fresh,600,random,100,drop
S012-random-d100-drop-normalized,12,S012-step6000,S012-step6200,S012-fresh,600,random,100,drop-normalized
S012-random-d100-hold,12,S012-step6000,S012-step6200,S012-fresh,600,random,100,hold
S012-max_hidden_R1-d10-drop,12,S012-step6000,S012-step6200,S012-fresh,600,max_hidden_R1,10,drop
S012-max_hidden_R1-d10-drop-normalized,12,S012-step6000,S012-step6200,S012-fresh,600,max_hidden_R1,10,drop-normalized
S012-max_hidden_R1-d10-hold,12,S012-step6000,S012-step6200,S012-fresh,600,max_hidden_R1,10,hold
S012-max_hidden_R1-d34-drop,12,S012-step6000,S012-step6200,S012-fresh,600,max_hidden_R1,34,drop
S012-max_hidden_R1-d34-drop-normalized,12,S012-step6000,S012-step6200,S012-fresh,600,max_hidden_R1,34,drop-normalized
S012-max_hidden_R1-d34-hold,12,S012-step6000,S012-step6200,S012-fresh,600,max_hidden_R1,34,hold
S012-max_hidden_R1-d100-drop,12,S012-step6000,S012-step6200,S012-fresh,600,max_hidden_R1,100,drop
S012-max_hidden_R1-d100-drop-normalized,12,S012-step6000,S012-step6200,S012-fresh,600,max_hidden_R1,100,drop-normalized
S012-max_hidden_R1-d100-hold,12,S012-step6000,S012-step6200,S012-fresh,600,max_hidden_R1,100,hold
S012-min_hidden_R1-d10-drop,12,S012-step6000,S012-step6200,S012-fresh,600,min_hidden_R1,10,drop
S012-min_hidden_R1-d10-drop-normalized,12,S012-step6000,S012-step6200,S012-fresh,600,min_hidden_R1,10,drop-normalized
S012-min_hidden_R1-d10-hold,12,S012-step6000,S012-step6200,S012-fresh,600,min_hidden_R1,10,hold
S012-min_hidden_R1-d34-drop,12,S012-step6000,S012-step6200,S012-fresh,600,min_hidden_R1,34,drop
S012-min_hidden_R1-d34-drop-normalized,12,S012-step6000,S012-step6200,S012-fresh,600,min_hidden_R1,34,drop-normalized
S012-min_hidden_R1-d34-hold,12,S012-step6000,S012-step6200,S012-fresh,600,min_hidden_R1,34,hold
S012-min_hidden_R1-d100-drop,12,S012-step6000,S012-step6200,S012-fresh,600,min_hidden_R1,100,drop
S012-min_hidden_R1-d100-drop-normalized,12,S012-step6000,S012-step6200,S012-fresh,600,min_hidden_R1,100,drop-normalized
S012-min_hidden_R1-d100-hold,12,S012-step6000,S012-step6200,S012-fresh,600,min_hidden_R1,100,hold
S013-fresh,13,S013-step6000,S013-step6200,S013-fresh,600,not_applicable,0,fresh
S013-random-d10-drop,13,S013-step6000,S013-step6200,S013-fresh,600,random,10,drop
S013-random-d10-drop-normalized,13,S013-step6000,S013-step6200,S013-fresh,600,random,10,drop-normalized
S013-random-d10-hold,13,S013-step6000,S013-step6200,S013-fresh,600,random,10,hold
S013-random-d34-drop,13,S013-step6000,S013-step6200,S013-fresh,600,random,34,drop
S013-random-d34-drop-normalized,13,S013-step6000,S013-step6200,S013-fresh,600,random,34,drop-normalized
S013-random-d34-hold,13,S013-step6000,S013-step6200,S013-fresh,600,random,34,hold
S013-random-d100-drop,13,S013-step6000,S013-step6200,S013-fresh,600,random,100,drop
S013-random-d100-drop-normalized,13,S013-step6000,S013-step6200,S013-fresh,600,random,100,drop-normalized
S013-random-d100-hold,13,S013-step6000,S013-step6200,S013-fresh,600,random,100,hold
S013-max_hidden_R1-d10-drop,13,S013-step6000,S013-step6200,S013-fresh,600,max_hidden_R1,10,drop
S013-max_hidden_R1-d10-drop-normalized,13,S013-step6000,S013-step6200,S013-fresh,600,max_hidden_R1,10,drop-normalized
S013-max_hidden_R1-d10-hold,13,S013-step6000,S013-step6200,S013-fresh,600,max_hidden_R1,10,hold
S013-max_hidden_R1-d34-drop,13,S013-step6000,S013-step6200,S013-fresh,600,max_hidden_R1,34,drop
S013-max_hidden_R1-d34-drop-normalized,13,S013-step6000,S013-step6200,S013-fresh,600,max_hidden_R1,34,drop-normalized
S013-max_hidden_R1-d34-hold,13,S013-step6000,S013-step6200,S013-fresh,600,max_hidden_R1,34,hold
S013-max_hidden_R1-d100-drop,13,S013-step6000,S013-step6200,S013-fresh,600,max_hidden_R1,100,drop
S013-max_hidden_R1-d100-drop-normalized,13,S013-step6000,S013-step6200,S013-fresh,600,max_hidden_R1,100,drop-normalized
S013-max_hidden_R1-d100-hold,13,S013-step6000,S013-step6200,S013-fresh,600,max_hidden_R1,100,hold
S013-min_hidden_R1-d10-drop,13,S013-step6000,S013-step6200,S013-fresh,600,min_hidden_R1,10,drop
S013-min_hidden_R1-d10-drop-normalized,13,S013-step6000,S013-step6200,S013-fresh,600,min_hidden_R1,10,drop-normalized
S013-min_hidden_R1-d10-hold,13,S013-step6000,S013-step6200,S013-fresh,600,min_hidden_R1,10,hold
S013-min_hidden_R1-d34-drop,13,S013-step6000,S013-step6200,S013-fresh,600,min_hidden_R1,34,drop
S013-min_hidden_R1-d34-drop-normalized,13,S013-step6000,S013-step6200,S013-fresh,600,min_hidden_R1,34,drop-normalized
S013-min_hidden_R1-d34-hold,13,S013-step6000,S013-step6200,S013-fresh,600,min_hidden_R1,34,hold
S013-min_hidden_R1-d100-drop,13,S013-step6000,S013-step6200,S013-fresh,600,min_hidden_R1,100,drop
S013-min_hidden_R1-d100-drop-normalized,13,S013-step6000,S013-step6200,S013-fresh,600,min_hidden_R1,100,drop-normalized
S013-min_hidden_R1-d100-hold,13,S013-step6000,S013-step6200,S013-fresh,600,min_hidden_R1,100,hold
S014-fresh,14,S014-step6000,S014-step6200,S014-fresh,600,not_applicable,0,fresh
S014-random-d10-drop,14,S014-step6000,S014-step6200,S014-fresh,600,random,10,drop
S014-random-d10-drop-normalized,14,S014-step6000,S014-step6200,S014-fresh,600,random,10,drop-normalized
S014-random-d10-hold,14,S014-step6000,S014-step6200,S014-fresh,600,random,10,hold
S014-random-d34-drop,14,S014-step6000,S014-step6200,S014-fresh,600,random,34,drop
S014-random-d34-drop-normalized,14,S014-step6000,S014-step6200,S014-fresh,600,random,34,drop-normalized
S014-random-d34-hold,14,S014-step6000,S014-step6200,S014-fresh,600,random,34,hold
S014-random-d100-drop,14,S014-step6000,S014-step6200,S014-fresh,600,random,100,drop
S014-random-d100-drop-normalized,14,S014-step6000,S014-step6200,S014-fresh,600,random,100,drop-normalized
S014-random-d100-hold,14,S014-step6000,S014-step6200,S014-fresh,600,random,100,hold
S014-max_hidden_R1-d10-drop,14,S014-step6000,S014-step6200,S014-fresh,600,max_hidden_R1,10,drop
S014-max_hidden_R1-d10-drop-normalized,14,S014-step6000,S014-step6200,S014-fresh,600,max_hidden_R1,10,drop-normalized
S014-max_hidden_R1-d10-hold,14,S014-step6000,S014-step6200,S014-fresh,600,max_hidden_R1,10,hold
S014-max_hidden_R1-d34-drop,14,S014-step6000,S014-step6200,S014-fresh,600,max_hidden_R1,34,drop
S014-max_hidden_R1-d34-drop-normalized,14,S014-step6000,S014-step6200,S014-fresh,600,max_hidden_R1,34,drop-normalized
S014-max_hidden_R1-d34-hold,14,S014-step6000,S014-step6200,S014-fresh,600,max_hidden_R1,34,hold
S014-max_hidden_R1-d100-drop,14,S014-step6000,S014-step6200,S014-fresh,600,max_hidden_R1,100,drop
S014-max_hidden_R1-d100-drop-normalized,14,S014-step6000,S014-step6200,S014-fresh,600,max_hidden_R1,100,drop-normalized
S014-max_hidden_R1-d100-hold,14,S014-step6000,S014-step6200,S014-fresh,600,max_hidden_R1,100,hold
S014-min_hidden_R1-d10-drop,14,S014-step6000,S014-step6200,S014-fresh,600,min_hidden_R1,10,drop
S014-min_hidden_R1-d10-drop-normalized,14,S014-step6000,S014-step6200,S014-fresh,600,min_hidden_R1,10,drop-normalized
S014-min_hidden_R1-d10-hold,14,S014-step6000,S014-step6200,S014-fresh,600,min_hidden_R1,10,hold
S014-min_hidden_R1-d34-drop,14,S014-step6000,S014-step6200,S014-fresh,600,min_hidden_R1,34,drop
S014-min_hidden_R1-d34-drop-normalized,14,S014-step6000,S014-step6200,S014-fresh,600,min_hidden_R1,34,drop-normalized
S014-min_hidden_R1-d34-hold,14,S014-step6000,S014-step6200,S014-fresh,600,min_hidden_R1,34,hold
S014-min_hidden_R1-d100-drop,14,S014-step6000,S014-step6200,S014-fresh,600,min_hidden_R1,100,drop
S014-min_hidden_R1-d100-drop-normalized,14,S014-step6000,S014-step6200,S014-fresh,600,min_hidden_R1,100,drop-normalized
S014-min_hidden_R1-d100-hold,14,S014-step6000,S014-step6200,S014-fresh,600,min_hidden_R1,100,hold
S015-fresh,15,S015-step6000,S015-step6200,S015-fresh,600,not_applicable,0,fresh
S015-random-d10-drop,15,S015-step6000,S015-step6200,S015-fresh,600,random,10,drop
S015-random-d10-drop-normalized,15,S015-step6000,S015-step6200,S015-fresh,600,random,10,drop-normalized
S015-random-d10-hold,15,S015-step6000,S015-step6200,S015-fresh,600,random,10,hold
S015-random-d34-drop,15,S015-step6000,S015-step6200,S015-fresh,600,random,34,drop
S015-random-d34-drop-normalized,15,S015-step6000,S015-step6200,S015-fresh,600,random,34,drop-normalized
S015-random-d34-hold,15,S015-step6000,S015-step6200,S015-fresh,600,random,34,hold
S015-random-d100-drop,15,S015-step6000,S015-step6200,S015-fresh,600,random,100,drop
S015-random-d100-drop-normalized,15,S015-step6000,S015-step6200,S015-fresh,600,random,100,drop-normalized
S015-random-d100-hold,15,S015-step6000,S015-step6200,S015-fresh,600,random,100,hold
S015-max_hidden_R1-d10-drop,15,S015-step6000,S015-step6200,S015-fresh,600,max_hidden_R1,10,drop
S015-max_hidden_R1-d10-drop-normalized,15,S015-step6000,S015-step6200,S015-fresh,600,max_hidden_R1,10,drop-normalized
S015-max_hidden_R1-d10-hold,15,S015-step6000,S015-step6200,S015-fresh,600,max_hidden_R1,10,hold
S015-max_hidden_R1-d34-drop,15,S015-step6000,S015-step6200,S015-fresh,600,max_hidden_R1,34,drop
S015-max_hidden_R1-d34-drop-normalized,15,S015-step6000,S015-step6200,S015-fresh,600,max_hidden_R1,34,drop-normalized
S015-max_hidden_R1-d34-hold,15,S015-step6000,S015-step6200,S015-fresh,600,max_hidden_R1,34,hold
S015-max_hidden_R1-d100-drop,15,S015-step6000,S015-step6200,S015-fresh,600,max_hidden_R1,100,drop
S015-max_hidden_R1-d100-drop-normalized,15,S015-step6000,S015-step6200,S015-fresh,600,max_hidden_R1,100,drop-normalized
S015-max_hidden_R1-d100-hold,15,S015-step6000,S015-step6200,S015-fresh,600,max_hidden_R1,100,hold
S015-min_hidden_R1-d10-drop,15,S015-step6000,S015-step6200,S015-fresh,600,min_hidden_R1,10,drop
S015-min_hidden_R1-d10-drop-normalized,15,S015-step6000,S015-step6200,S015-fresh,600,min_hidden_R1,10,drop-normalized
S015-min_hidden_R1-d10-hold,15,S015-step6000,S015-step6200,S015-fresh,600,min_hidden_R1,10,hold
S015-min_hidden_R1-d34-drop,15,S015-step6000,S015-step6200,S015-fresh,600,min_hidden_R1,34,drop
S015-min_hidden_R1-d34-drop-normalized,15,S015-step6000,S015-step6200,S015-fresh,600,min_hidden_R1,34,drop-normalized
S015-min_hidden_R1-d34-hold,15,S015-step6000,S015-step6200,S015-fresh,600,min_hidden_R1,34,hold
S015-min_hidden_R1-d100-drop,15,S015-step6000,S015-step6200,S015-fresh,600,min_hidden_R1,100,drop
S015-min_hidden_R1-d100-drop-normalized,15,S015-step6000,S015-step6200,S015-fresh,600,min_hidden_R1,100,drop-normalized
S015-min_hidden_R1-d100-hold,15,S015-step6000,S015-step6200,S015-fresh,600,min_hidden_R1,100,hold
S016-fresh,16,S016-step6000,S016-step6200,S016-fresh,600,not_applicable,0,fresh
S016-random-d10-drop,16,S016-step6000,S016-step6200,S016-fresh,600,random,10,drop
S016-random-d10-drop-normalized,16,S016-step6000,S016-step6200,S016-fresh,600,random,10,drop-normalized
S016-random-d10-hold,16,S016-step6000,S016-step6200,S016-fresh,600,random,10,hold
S016-random-d34-drop,16,S016-step6000,S016-step6200,S016-fresh,600,random,34,drop
S016-random-d34-drop-normalized,16,S016-step6000,S016-step6200,S016-fresh,600,random,34,drop-normalized
S016-random-d34-hold,16,S016-step6000,S016-step6200,S016-fresh,600,random,34,hold
S016-random-d100-drop,16,S016-step6000,S016-step6200,S016-fresh,600,random,100,drop
S016-random-d100-drop-normalized,16,S016-step6000,S016-step6200,S016-fresh,600,random,100,drop-normalized
S016-random-d100-hold,16,S016-step6000,S016-step6200,S016-fresh,600,random,100,hold
S016-max_hidden_R1-d10-drop,16,S016-step6000,S016-step6200,S016-fresh,600,max_hidden_R1,10,drop
S016-max_hidden_R1-d10-drop-normalized,16,S016-step6000,S016-step6200,S016-fresh,600,max_hidden_R1,10,drop-normalized
S016-max_hidden_R1-d10-hold,16,S016-step6000,S016-step6200,S016-fresh,600,max_hidden_R1,10,hold
S016-max_hidden_R1-d34-drop,16,S016-step6000,S016-step6200,S016-fresh,600,max_hidden_R1,34,drop
S016-max_hidden_R1-d34-drop-normalized,16,S016-step6000,S016-step6200,S016-fresh,600,max_hidden_R1,34,drop-normalized
S016-max_hidden_R1-d34-hold,16,S016-step6000,S016-step6200,S016-fresh,600,max_hidden_R1,34,hold
S016-max_hidden_R1-d100-drop,16,S016-step6000,S016-step6200,S016-fresh,600,max_hidden_R1,100,drop
S016-max_hidden_R1-d100-drop-normalized,16,S016-step6000,S016-step6200,S016-fresh,600,max_hidden_R1,100,drop-normalized
S016-max_hidden_R1-d100-hold,16,S016-step6000,S016-step6200,S016-fresh,600,max_hidden_R1,100,hold
S016-min_hidden_R1-d10-drop,16,S016-step6000,S016-step6200,S016-fresh,600,min_hidden_R1,10,drop
S016-min_hidden_R1-d10-drop-normalized,16,S016-step6000,S016-step6200,S016-fresh,600,min_hidden_R1,10,drop-normalized
S016-min_hidden_R1-d10-hold,16,S016-step6000,S016-step6200,S016-fresh,600,min_hidden_R1,10,hold
S016-min_hidden_R1-d34-drop,16,S016-step6000,S016-step6200,S016-fresh,600,min_hidden_R1,34,drop
S016-min_hidden_R1-d34-drop-normalized,16,S016-step6000,S016-step6200,S016-fresh,600,min_hidden_R1,34,drop-normalized
S016-min_hidden_R1-d34-hold,16,S016-step6000,S016-step6200,S016-fresh,600,min_hidden_R1,34,hold
S016-min_hidden_R1-d100-drop,16,S016-step6000,S016-step6200,S016-fresh,600,min_hidden_R1,100,drop
S016-min_hidden_R1-d100-drop-normalized,16,S016-step6000,S016-step6200,S016-fresh,600,min_hidden_R1,100,drop-normalized
S016-min_hidden_R1-d100-hold,16,S016-step6000,S016-step6200,S016-fresh,600,min_hidden_R1,100,hold
S017-fresh,17,S017-step6000,S017-step6200,S017-fresh,600,not_applicable,0,fresh
S017-random-d10-drop,17,S017-step6000,S017-step6200,S017-fresh,600,random,10,drop
S017-random-d10-drop-normalized,17,S017-step6000,S017-step6200,S017-fresh,600,random,10,drop-normalized
S017-random-d10-hold,17,S017-step6000,S017-step6200,S017-fresh,600,random,10,hold
S017-random-d34-drop,17,S017-step6000,S017-step6200,S017-fresh,600,random,34,drop
S017-random-d34-drop-normalized,17,S017-step6000,S017-step6200,S017-fresh,600,random,34,drop-normalized
S017-random-d34-hold,17,S017-step6000,S017-step6200,S017-fresh,600,random,34,hold
S017-random-d100-drop,17,S017-step6000,S017-step6200,S017-fresh,600,random,100,drop
S017-random-d100-drop-normalized,17,S017-step6000,S017-step6200,S017-fresh,600,random,100,drop-normalized
S017-random-d100-hold,17,S017-step6000,S017-step6200,S017-fresh,600,random,100,hold
S017-max_hidden_R1-d10-drop,17,S017-step6000,S017-step6200,S017-fresh,600,max_hidden_R1,10,drop
S017-max_hidden_R1-d10-drop-normalized,17,S017-step6000,S017-step6200,S017-fresh,600,max_hidden_R1,10,drop-normalized
S017-max_hidden_R1-d10-hold,17,S017-step6000,S017-step6200,S017-fresh,600,max_hidden_R1,10,hold
S017-max_hidden_R1-d34-drop,17,S017-step6000,S017-step6200,S017-fresh,600,max_hidden_R1,34,drop
S017-max_hidden_R1-d34-drop-normalized,17,S017-step6000,S017-step6200,S017-fresh,600,max_hidden_R1,34,drop-normalized
S017-max_hidden_R1-d34-hold,17,S017-step6000,S017-step6200,S017-fresh,600,max_hidden_R1,34,hold
S017-max_hidden_R1-d100-drop,17,S017-step6000,S017-step6200,S017-fresh,600,max_hidden_R1,100,drop
S017-max_hidden_R1-d100-drop-normalized,17,S017-step6000,S017-step6200,S017-fresh,600,max_hidden_R1,100,drop-normalized
S017-max_hidden_R1-d100-hold,17,S017-step6000,S017-step6200,S017-fresh,600,max_hidden_R1,100,hold
S017-min_hidden_R1-d10-drop,17,S017-step6000,S017-step6200,S017-fresh,600,min_hidden_R1,10,drop
S017-min_hidden_R1-d10-drop-normalized,17,S017-step6000,S017-step6200,S017-fresh,600,min_hidden_R1,10,drop-normalized
S017-min_hidden_R1-d10-hold,17,S017-step6000,S017-step6200,S017-fresh,600,min_hidden_R1,10,hold
S017-min_hidden_R1-d34-drop,17,S017-step6000,S017-step6200,S017-fresh,600,min_hidden_R1,34,drop
S017-min_hidden_R1-d34-drop-normalized,17,S017-step6000,S017-step6200,S017-fresh,600,min_hidden_R1,34,drop-normalized
S017-min_hidden_R1-d34-hold,17,S017-step6000,S017-step6200,S017-fresh,600,min_hidden_R1,34,hold
S017-min_hidden_R1-d100-drop,17,S017-step6000,S017-step6200,S017-fresh,600,min_hidden_R1,100,drop
S017-min_hidden_R1-d100-drop-normalized,17,S017-step6000,S017-step6200,S017-fresh,600,min_hidden_R1,100,drop-normalized
S017-min_hidden_R1-d100-hold,17,S017-step6000,S017-step6200,S017-fresh,600,min_hidden_R1,100,hold
S018-fresh,18,S018-step6000,S018-step6200,S018-fresh,600,not_applicable,0,fresh
S018-random-d10-drop,18,S018-step6000,S018-step6200,S018-fresh,600,random,10,drop
S018-random-d10-drop-normalized,18,S018-step6000,S018-step6200,S018-fresh,600,random,10,drop-normalized
S018-random-d10-hold,18,S018-step6000,S018-step6200,S018-fresh,600,random,10,hold
S018-random-d34-drop,18,S018-step6000,S018-step6200,S018-fresh,600,random,34,drop
S018-random-d34-drop-normalized,18,S018-step6000,S018-step6200,S018-fresh,600,random,34,drop-normalized
S018-random-d34-hold,18,S018-step6000,S018-step6200,S018-fresh,600,random,34,hold
S018-random-d100-drop,18,S018-step6000,S018-step6200,S018-fresh,600,random,100,drop
S018-random-d100-drop-normalized,18,S018-step6000,S018-step6200,S018-fresh,600,random,100,drop-normalized
S018-random-d100-hold,18,S018-step6000,S018-step6200,S018-fresh,600,random,100,hold
S018-max_hidden_R1-d10-drop,18,S018-step6000,S018-step6200,S018-fresh,600,max_hidden_R1,10,drop
S018-max_hidden_R1-d10-drop-normalized,18,S018-step6000,S018-step6200,S018-fresh,600,max_hidden_R1,10,drop-normalized
S018-max_hidden_R1-d10-hold,18,S018-step6000,S018-step6200,S018-fresh,600,max_hidden_R1,10,hold
S018-max_hidden_R1-d34-drop,18,S018-step6000,S018-step6200,S018-fresh,600,max_hidden_R1,34,drop
S018-max_hidden_R1-d34-drop-normalized,18,S018-step6000,S018-step6200,S018-fresh,600,max_hidden_R1,34,drop-normalized
S018-max_hidden_R1-d34-hold,18,S018-step6000,S018-step6200,S018-fresh,600,max_hidden_R1,34,hold
S018-max_hidden_R1-d100-drop,18,S018-step6000,S018-step6200,S018-fresh,600,max_hidden_R1,100,drop
S018-max_hidden_R1-d100-drop-normalized,18,S018-step6000,S018-step6200,S018-fresh,600,max_hidden_R1,100,drop-normalized
S018-max_hidden_R1-d100-hold,18,S018-step6000,S018-step6200,S018-fresh,600,max_hidden_R1,100,hold
S018-min_hidden_R1-d10-drop,18,S018-step6000,S018-step6200,S018-fresh,600,min_hidden_R1,10,drop
S018-min_hidden_R1-d10-drop-normalized,18,S018-step6000,S018-step6200,S018-fresh,600,min_hidden_R1,10,drop-normalized
S018-min_hidden_R1-d10-hold,18,S018-step6000,S018-step6200,S018-fresh,600,min_hidden_R1,10,hold
S018-min_hidden_R1-d34-drop,18,S018-step6000,S018-step6200,S018-fresh,600,min_hidden_R1,34,drop
S018-min_hidden_R1-d34-drop-normalized,18,S018-step6000,S018-step6200,S018-fresh,600,min_hidden_R1,34,drop-normalized
S018-min_hidden_R1-d34-hold,18,S018-step6000,S018-step6200,S018-fresh,600,min_hidden_R1,34,hold
S018-min_hidden_R1-d100-drop,18,S018-step6000,S018-step6200,S018-fresh,600,min_hidden_R1,100,drop
S018-min_hidden_R1-d100-drop-normalized,18,S018-step6000,S018-step6200,S018-fresh,600,min_hidden_R1,100,drop-normalized
S018-min_hidden_R1-d100-hold,18,S018-step6000,S018-step6200,S018-fresh,600,min_hidden_R1,100,hold
S019-fresh,19,S019-step6000,S019-step6200,S019-fresh,600,not_applicable,0,fresh
S019-random-d10-drop,19,S019-step6000,S019-step6200,S019-fresh,600,random,10,drop
S019-random-d10-drop-normalized,19,S019-step6000,S019-step6200,S019-fresh,600,random,10,drop-normalized
S019-random-d10-hold,19,S019-step6000,S019-step6200,S019-fresh,600,random,10,hold
S019-random-d34-drop,19,S019-step6000,S019-step6200,S019-fresh,600,random,34,drop
S019-random-d34-drop-normalized,19,S019-step6000,S019-step6200,S019-fresh,600,random,34,drop-normalized
S019-random-d34-hold,19,S019-step6000,S019-step6200,S019-fresh,600,random,34,hold
S019-random-d100-drop,19,S019-step6000,S019-step6200,S019-fresh,600,random,100,drop
S019-random-d100-drop-normalized,19,S019-step6000,S019-step6200,S019-fresh,600,random,100,drop-normalized
S019-random-d100-hold,19,S019-step6000,S019-step6200,S019-fresh,600,random,100,hold
S019-max_hidden_R1-d10-drop,19,S019-step6000,S019-step6200,S019-fresh,600,max_hidden_R1,10,drop
S019-max_hidden_R1-d10-drop-normalized,19,S019-step6000,S019-step6200,S019-fresh,600,max_hidden_R1,10,drop-normalized
S019-max_hidden_R1-d10-hold,19,S019-step6000,S019-step6200,S019-fresh,600,max_hidden_R1,10,hold
S019-max_hidden_R1-d34-drop,19,S019-step6000,S019-step6200,S019-fresh,600,max_hidden_R1,34,drop
S019-max_hidden_R1-d34-drop-normalized,19,S019-step6000,S019-step6200,S019-fresh,600,max_hidden_R1,34,drop-normalized
S019-max_hidden_R1-d34-hold,19,S019-step6000,S019-step6200,S019-fresh,600,max_hidden_R1,34,hold
S019-max_hidden_R1-d100-drop,19,S019-step6000,S019-step6200,S019-fresh,600,max_hidden_R1,100,drop
S019-max_hidden_R1-d100-drop-normalized,19,S019-step6000,S019-step6200,S019-fresh,600,max_hidden_R1,100,drop-normalized
S019-max_hidden_R1-d100-hold,19,S019-step6000,S019-step6200,S019-fresh,600,max_hidden_R1,100,hold
S019-min_hidden_R1-d10-drop,19,S019-step6000,S019-step6200,S019-fresh,600,min_hidden_R1,10,drop
S019-min_hidden_R1-d10-drop-normalized,19,S019-step6000,S019-step6200,S019-fresh,600,min_hidden_R1,10,drop-normalized
S019-min_hidden_R1-d10-hold,19,S019-step6000,S019-step6200,S019-fresh,600,min_hidden_R1,10,hold
S019-min_hidden_R1-d34-drop,19,S019-step6000,S019-step6200,S019-fresh,600,min_hidden_R1,34,drop
S019-min_hidden_R1-d34-drop-normalized,19,S019-step6000,S019-step6200,S019-fresh,600,min_hidden_R1,34,drop-normalized
S019-min_hidden_R1-d34-hold,19,S019-step6000,S019-step6200,S019-fresh,600,min_hidden_R1,34,hold
S019-min_hidden_R1-d100-drop,19,S019-step6000,S019-step6200,S019-fresh,600,min_hidden_R1,100,drop
S019-min_hidden_R1-d100-drop-normalized,19,S019-step6000,S019-step6200,S019-fresh,600,min_hidden_R1,100,drop-normalized
S019-min_hidden_R1-d100-hold,19,S019-step6000,S019-step6200,S019-fresh,600,min_hidden_R1,100,hold
S020-fresh,20,S020-step6000,S020-step6200,S020-fresh,600,not_applicable,0,fresh
S020-random-d10-drop,20,S020-step6000,S020-step6200,S020-fresh,600,random,10,drop
S020-random-d10-drop-normalized,20,S020-step6000,S020-step6200,S020-fresh,600,random,10,drop-normalized
S020-random-d10-hold,20,S020-step6000,S020-step6200,S020-fresh,600,random,10,hold
S020-random-d34-drop,20,S020-step6000,S020-step6200,S020-fresh,600,random,34,drop
S020-random-d34-drop-normalized,20,S020-step6000,S020-step6200,S020-fresh,600,random,34,drop-normalized
S020-random-d34-hold,20,S020-step6000,S020-step6200,S020-fresh,600,random,34,hold
S020-random-d100-drop,20,S020-step6000,S020-step6200,S020-fresh,600,random,100,drop
S020-random-d100-drop-normalized,20,S020-step6000,S020-step6200,S020-fresh,600,random,100,drop-normalized
S020-random-d100-hold,20,S020-step6000,S020-step6200,S020-fresh,600,random,100,hold
S020-max_hidden_R1-d10-drop,20,S020-step6000,S020-step6200,S020-fresh,600,max_hidden_R1,10,drop
S020-max_hidden_R1-d10-drop-normalized,20,S020-step6000,S020-step6200,S020-fresh,600,max_hidden_R1,10,drop-normalized
S020-max_hidden_R1-d10-hold,20,S020-step6000,S020-step6200,S020-fresh,600,max_hidden_R1,10,hold
S020-max_hidden_R1-d34-drop,20,S020-step6000,S020-step6200,S020-fresh,600,max_hidden_R1,34,drop
S020-max_hidden_R1-d34-drop-normalized,20,S020-step6000,S020-step6200,S020-fresh,600,max_hidden_R1,34,drop-normalized
S020-max_hidden_R1-d34-hold,20,S020-step6000,S020-step6200,S020-fresh,600,max_hidden_R1,34,hold
S020-max_hidden_R1-d100-drop,20,S020-step6000,S020-step6200,S020-fresh,600,max_hidden_R1,100,drop
S020-max_hidden_R1-d100-drop-normalized,20,S020-step6000,S020-step6200,S020-fresh,600,max_hidden_R1,100,drop-normalized
S020-max_hidden_R1-d100-hold,20,S020-step6000,S020-step6200,S020-fresh,600,max_hidden_R1,100,hold
S020-min_hidden_R1-d10-drop,20,S020-step6000,S020-step6200,S020-fresh,600,min_hidden_R1,10,drop
S020-min_hidden_R1-d10-drop-normalized,20,S020-step6000,S020-step6200,S020-fresh,600,min_hidden_R1,10,drop-normalized
S020-min_hidden_R1-d10-hold,20,S020-step6000,S020-step6200,S020-fresh,600,min_hidden_R1,10,hold
S020-min_hidden_R1-d34-drop,20,S020-step6000,S020-step6200,S020-fresh,600,min_hidden_R1,34,drop
S020-min_hidden_R1-d34-drop-normalized,20,S020-step6000,S020-step6200,S020-fresh,600,min_hidden_R1,34,drop-normalized
S020-min_hidden_R1-d34-hold,20,S020-step6000,S020-step6200,S020-fresh,600,min_hidden_R1,34,hold
S020-min_hidden_R1-d100-drop,20,S020-step6000,S020-step6200,S020-fresh,600,min_hidden_R1,100,drop
S020-min_hidden_R1-d100-drop-normalized,20,S020-step6000,S020-step6200,S020-fresh,600,min_hidden_R1,100,drop-normalized
S020-min_hidden_R1-d100-hold,20,S020-step6000,S020-step6200,S020-fresh,600,min_hidden_R1,100,hold
