canonical_config_id,canonical_run_id,canonical_strength,canonical_policy,source_csv_line,experiment,strengthMode,selectionPolicy,k,seed,meanGO,meanLO,meanPairDistanceNorm,meanNearestDistanceNorm,meanInputAmplitude,meanActiveNeighbors,meanAngularCoverage,meanInputConcentration,meanFieldPeak,meanBumpConcentration,meanSpeed,meanInputMass,socialUnionLccFraction,socialAlgebraicConnectivity
C09,C09-S001,original,random,2,E1_strength_policy,original,random,2,1,0.176206907100663,0.399444398894435,0.373282494147369,0.107521644310524,0.0239999999999997,2,0.245963771781647,0.643970834230315,0.0143918386924707,0.63672450418195,1.59181126045487,0.0240636314364574,1,2.05416401377612
C09,C09-S002,original,random,3,E1_strength_policy,original,random,2,2,0.154634522770195,0.335533897911295,0.377349849868457,0.117127012055677,0.0239999999999997,2,0.246053550616929,0.64429152040139,0.0143845439837092,0.63672450418195,1.59181126045487,0.0240636314364574,1,2.05407462529554
C09,C09-S003,original,random,4,E1_strength_policy,original,random,2,3,0.0738954996517835,0.342481997210847,0.382334227123994,0.108690896299928,0.0239999999999997,2,0.250649426819021,0.63140394041075,0.0144242259092799,0.63672450418195,1.59181126045487,0.0240636314364574,1,2.05814491907966
C09,C09-S004,original,random,5,E1_strength_policy,original,random,2,4,0.227750043545399,0.308653384677367,0.387188864657761,0.114403256327981,0.0239999999999997,2,0.252795793823125,0.629886584500609,0.0142543870470945,0.63672450418195,1.59181126045487,0.0240636314364574,1,2.05889968636866
C09,C09-S005,original,random,6,E1_strength_policy,original,random,2,5,0.0863663987977576,0.255943516058741,0.386012348412451,0.11446781440976,0.0239999999999997,2,0.253023447930617,0.631128289586038,0.0141898409807569,0.63672450418195,1.59181126045487,0.0240636314364574,1,2.06038030465825
C09,C09-S006,original,random,7,E1_strength_policy,original,random,2,6,0.342726704891468,0.406955728196851,0.388043469536085,0.107821055331008,0.0239999999999997,2,0.25500166713666,0.626283064159467,0.0141793726986477,0.63672450418195,1.59181126045487,0.0240636314364574,1,2.05739996638201
C09,C09-S007,original,random,8,E1_strength_policy,original,random,2,7,0.18230907859422,0.381014752153926,0.389712311263177,0.109656234863157,0.0239999999999997,2,0.255232648632807,0.625190362381318,0.0141831619399079,0.63672450418195,1.59181126045487,0.0240636314364574,1,2.05302167011133
C09,C09-S008,original,random,9,E1_strength_policy,original,random,2,8,0.357136497876744,0.410205026551462,0.388409534697463,0.114119559654524,0.0239999999999997,2,0.25312248977174,0.627937924829525,0.0143135105539425,0.63672450418195,1.59181126045487,0.0240636314364574,1,2.05626844962887
C09,C09-S009,original,random,10,E1_strength_policy,original,random,2,9,0.325852347503295,0.371581576743536,0.3903207484415,0.120820954944856,0.0239999999999997,2,0.254303641983476,0.628790019640323,0.0141409907326942,0.63672450418195,1.59181126045487,0.0240636314364574,1,2.05896695842917
C09,C09-S010,original,random,11,E1_strength_policy,original,random,2,10,0.10818949083882,0.276338577944349,0.39104473598548,0.110386767677595,0.0239999999999997,2,0.255519831235196,0.62342077968671,0.0142276497623359,0.63672450418195,1.59181126045487,0.0240636314364574,1,2.05158279052001
C09,C09-S011,original,random,12,E1_strength_policy,original,random,2,11,0.0641187153125815,0.322720067873353,0.380564510448395,0.116208700645748,0.0239999999999997,2,0.245734900156478,0.645851673374186,0.0143496391184003,0.63672450418195,1.59181126045487,0.0240636314364574,1,2.0669612387134
C09,C09-S012,original,random,13,E1_strength_policy,original,random,2,12,0.313127388950676,0.408100618633567,0.383690585367621,0.107157437555101,0.0239999999999997,2,0.251173854465927,0.632001637196917,0.0143466210276358,0.63672450418195,1.59181126045487,0.0240636314364574,1,2.05565398046566
C09,C09-S013,original,random,14,E1_strength_policy,original,random,2,13,0.302836987461336,0.423472000080625,0.372402239120647,0.113253135771282,0.0239999999999997,2,0.245708481229967,0.643330185329138,0.0144716851702674,0.63672450418195,1.59181126045487,0.0240636314364574,1,2.0562640028621
C09,C09-S014,original,random,15,E1_strength_policy,original,random,2,14,0.354290504705014,0.457588666235889,0.38206341363667,0.115193923136094,0.0239999999999997,2,0.248705433632756,0.639267545538878,0.0143177155069239,0.63672450418195,1.59181126045487,0.0240636314364574,1,2.05856087310144
C09,C09-S015,original,random,16,E1_strength_policy,original,random,2,15,0.13561077281534,0.293034433768462,0.38512025876869,0.110030389921138,0.0239999999999997,2,0.250886492904864,0.634272474346273,0.0142924571161512,0.63672450418195,1.59181126045487,0.0240636314364574,1,2.06085586698204
C09,C09-S016,original,random,17,E1_strength_policy,original,random,2,16,0.141033477842492,0.243979267900836,0.387070043190672,0.120790030624919,0.0239999999999997,2,0.251905576011146,0.631671383338645,0.0142866834596189,0.63672450418195,1.59181126045487,0.0240636314364574,1,2.05565522899968
C09,C09-S017,original,random,18,E1_strength_policy,original,random,2,17,0.0442638991909192,0.293029136053348,0.37404003489019,0.104682308218837,0.0239999999999997,2,0.246393665040596,0.639983629364706,0.0145281360524475,0.636693607656223,1.59180934955851,0.0240636314364574,1,2.06221108559674
C09,C09-S018,original,random,19,E1_strength_policy,original,random,2,18,0.378957656843255,0.471039255464557,0.38324538784435,0.119252334935725,0.0239999999999997,2,0.251241902308376,0.634386087817885,0.0142437240070488,0.63672450418195,1.59181126045487,0.0240636314364574,1,2.06050938325437
C09,C09-S019,original,random,20,E1_strength_policy,original,random,2,19,0.362986860946741,0.433916728744152,0.389023951755922,0.110289949636387,0.0239999999999997,2,0.254604506352351,0.627369107686199,0.0141471442383627,0.63672450418195,1.59181126045487,0.0240636314364574,1,2.06159734247407
C09,C09-S020,original,random,21,E1_strength_policy,original,random,2,20,0.268921479812604,0.447401610255788,0.362331981259931,0.108232151806068,0.0239999999999997,2,0.23983313626675,0.654419091703707,0.0146370909768025,0.63672450418195,1.59181126045487,0.0240636314364574,1,2.05808919939537
C11,C11-S001,original,random,22,E1_strength_policy,original,random,8,1,0.125968716901675,0.308791275230243,0.389340341557785,0.104328069310043,0.0959999999999989,8,0.667954394884586,0.291594840485324,0.0349540093891327,0.624092174397892,1.5910319352017,0.0962545257458296,1,8.32733680266958
C11,C11-S002,original,random,23,E1_strength_policy,original,random,8,2,0.204312714402156,0.359682821751998,0.371849335720969,0.113987969207992,0.0959999999999989,8,0.643600992503015,0.349118949808215,0.0362098078416728,0.624816630885176,1.59107073528176,0.0962545257458296,1,8.34592178258638
C11,C11-S003,original,random,24,E1_strength_policy,original,random,8,3,0.320560631654404,0.42521252930279,0.379689378785377,0.115421558863839,0.0959999999999989,8,0.659548813872183,0.328148397633107,0.0349270735954122,0.624283013864971,1.59104351948876,0.0962545257458296,1,8.34160939229565
C11,C11-S004,original,random,25,E1_strength_policy,original,random,8,4,0.126851814350443,0.343952672577659,0.373124262871211,0.111886074922507,0.0959999999999989,8,0.643485202360134,0.349987037052777,0.037294457082729,0.624274982364288,1.5910324542404,0.0962545257458296,1,8.32626856885309
C11,C11-S005,original,random,26,E1_strength_policy,original,random,8,5,0.102995186151804,0.269830130087464,0.387769599405797,0.110752522889107,0.0959999999999989,8,0.669438155607271,0.297186094316368,0.034373481292806,0.624013352018744,1.59102652480131,0.0962545257458296,1,8.34979274310112
C11,C11-S006,original,random,27,E1_strength_policy,original,random,8,6,0.269775789663496,0.414288706702338,0.383336739392664,0.109098679027424,0.0959999999999989,8,0.664147988707351,0.31344090960418,0.0348960967045531,0.623934672244299,1.59101983751304,0.0962545257458296,1,8.34491350831212
C11,C11-S007,original,random,28,E1_strength_policy,original,random,8,7,0.510189085276302,0.592097721234348,0.376867242338254,0.100894062364252,0.0959999999999989,8,0.649446971980927,0.331822202886298,0.0357694838254294,0.623972174401537,1.59101417250432,0.0962545257458296,1,8.33476771118704
C11,C11-S008,original,random,29,E1_strength_policy,original,random,8,8,0.305986537310171,0.418448217340629,0.380295204254774,0.110642772552804,0.0959999999999989,8,0.656064231972537,0.33017389637592,0.0353779219825835,0.624110292616797,1.59102848588391,0.0962545257458296,1,8.35659107054857
C11,C11-S009,original,random,30,E1_strength_policy,original,random,8,9,0.247247635547933,0.420542835382703,0.376796302634966,0.123086905876355,0.0959999999999989,8,0.657877088011275,0.3282336243597,0.0353553691093418,0.624067366133078,1.59103148359811,0.0962545257458296,1,8.35597047427054
C11,C11-S010,original,random,31,E1_strength_policy,original,random,8,10,0.193582834901351,0.497176006398274,0.370550014494967,0.0961595422142138,0.0959999999999989,8,0.637957312785268,0.335164569770029,0.0389068770043289,0.623890031839131,1.59098739795374,0.0962545257458296,1,8.3378005678989
C11,C11-S011,original,random,32,E1_strength_policy,original,random,8,11,0.148782619379825,0.384755319625071,0.371487412812138,0.102553346966839,0.0959999999999989,8,0.634485833012729,0.356551281809058,0.0375023409063102,0.624431084185209,1.59103952411424,0.0962545257458296,1,8.34784701564584
C11,C11-S012,original,random,33,E1_strength_policy,original,random,8,12,0.361568527441947,0.493037035742954,0.369804819665606,0.0906977454683053,0.0959999999999989,8,0.636230604141964,0.332989973133735,0.0372914135349247,0.624519170864589,1.59104944286753,0.0962545257458296,1,8.35231384707652
C11,C11-S013,original,random,34,E1_strength_policy,original,random,8,13,0.263815286018889,0.437273417586853,0.382372085716202,0.0984100776148722,0.0959999999999989,8,0.650475667467564,0.321083335075753,0.0366066169374576,0.624172001782024,1.59102017289889,0.0962545257458296,1,8.33901350427307
C11,C11-S014,original,random,35,E1_strength_policy,original,random,8,14,0.366074489207115,0.444843627827029,0.382172205999567,0.114530537977343,0.0959999999999989,8,0.664814791840483,0.313685656148357,0.0348686037210097,0.624127932729489,1.59103512716203,0.0962545257458296,1,8.33775236906543
C11,C11-S015,original,random,36,E1_strength_policy,original,random,8,15,0.399226314326722,0.452535573030745,0.387868218764062,0.109068873891446,0.0959999999999989,8,0.668613867184905,0.296946168710947,0.0344620317906164,0.623975777926268,1.59102222647415,0.0962545257458296,1,8.3394364200812
C11,C11-S016,original,random,37,E1_strength_policy,original,random,8,16,0.231435758067876,0.324276686932111,0.376708137699409,0.103078627383752,0.0959999999999989,8,0.651989653101817,0.329655028847877,0.0368201600773097,0.62414400170877,1.59102629668659,0.0962545257458296,1,8.35695311756178
C11,C11-S017,original,random,38,E1_strength_policy,original,random,8,17,0.241656349176064,0.415970230172258,0.382300313767685,0.107738497226659,0.0959999999999989,8,0.662091706520397,0.303022701158451,0.0363327678882181,0.623978785034507,1.59101060615801,0.0962545257458296,1,8.34608381983887
C11,C11-S018,original,random,39,E1_strength_policy,original,random,8,18,0.127019200298313,0.356062966617616,0.361467279509697,0.0927958617872954,0.0959999999999989,8,0.615225029418035,0.405381383252917,0.0389221806215734,0.624744585044527,1.59106102898248,0.0962545257458296,1,8.34172429369221
C11,C11-S019,original,random,40,E1_strength_policy,original,random,8,19,0.375798824052095,0.573329229211217,0.322245528467687,0.0859648602746952,0.0959999999999989,8,0.576040596458886,0.445121161003289,0.0437438292569269,0.627475180224491,1.59121469950891,0.0962545257458296,1,8.3352101336062
C11,C11-S020,original,random,41,E1_strength_policy,original,random,8,20,0.22498156734066,0.425065536117689,0.364194346791136,0.0995476877452475,0.0959999999999989,8,0.620630777463401,0.37583783004233,0.0374548399308979,0.62477038096036,1.5910716552303,0.0962545257458296,1,8.35418755809189
C08,C08-S001,full-equivalent,all,42,E1_strength_policy,original,random,19,1,0.933463900899572,0.965732663621542,0.131716984646436,0.0246660395363286,0.227999999999998,19,0.658610101296331,0.53970325008106,0.127256170092961,0.610672267328074,1.58742995789946,0.228604498646348,1,20
C08,C08-S002,full-equivalent,all,43,E1_strength_policy,original,random,19,2,0.709093441203662,0.850247115235087,0.0954618592649789,0.0188910082557754,0.227999999999998,19,0.572646434477059,0.591960502367255,0.124995377389754,0.622141974082187,1.59025906312666,0.228604498646348,1,20
C08,C08-S003,full-equivalent,all,44,E1_strength_policy,original,random,19,3,0.391547027797869,0.519152945392271,0.247639865638399,0.0482256724024645,0.227999999999998,19,0.595478500849405,0.430694754522244,0.114352994154144,0.621484154866755,1.58979199744256,0.228604498646348,1,20
C08,C08-S004,full-equivalent,all,45,E1_strength_policy,original,random,19,4,0.786364776423859,0.862915286038723,0.130889987661821,0.0558546673595371,0.227999999999998,19,0.674040411498414,0.55865480319632,0.125619741308253,0.616221283150379,1.5889066557112,0.228604498646348,1,20
C08,C08-S005,full-equivalent,all,46,E1_strength_policy,original,random,19,5,0.84995461135555,0.87238073641841,0.0398473636815996,0.0141328318161908,0.227999999999998,19,0.596440317878915,0.586785304800879,0.129791848859173,0.612417636059938,1.58799056315866,0.228604498646348,1,20
C08,C08-S006,full-equivalent,all,47,E1_strength_policy,original,random,19,6,0.439551079356964,0.758711365476328,0.184097940131664,0.0375059762744734,0.227999999999998,19,0.616726450593103,0.551380288176312,0.118360737092859,0.620847787026664,1.58998447522601,0.228604498646348,1,20
C08,C08-S007,full-equivalent,all,48,E1_strength_policy,original,random,19,7,0.965137624762187,0.97047613358547,0.115645328256287,0.0101084240678728,0.227999999999998,19,0.588067950630519,0.573956280262655,0.124533867302094,0.619104804999407,1.58933924825518,0.228604498646348,1,20
C08,C08-S008,full-equivalent,all,49,E1_strength_policy,original,random,19,8,0.705344090136368,0.83046639003244,0.12360618108879,0.0358472697516221,0.227999999999998,19,0.596946870313168,0.555495098815531,0.134752509169524,0.6165390477581,1.58892298820755,0.228604498646348,1,20
C08,C08-S009,full-equivalent,all,50,E1_strength_policy,original,random,19,9,0.648736574306008,0.80060697549236,0.202953527283802,0.0515796544153805,0.227999999999998,19,0.682953056327261,0.51600477291628,0.121935157364869,0.617807820672788,1.58943955987324,0.228604498646348,1,20
C08,C08-S010,full-equivalent,all,51,E1_strength_policy,original,random,19,10,0.621870502614793,0.751278508748756,0.138158665343924,0.028481272382769,0.227999999999998,19,0.581170663887183,0.561265569316388,0.127201464858128,0.620724742408029,1.59001626571832,0.228604498646348,1,20
C08,C08-S011,full-equivalent,all,52,E1_strength_policy,original,random,19,11,0.71633369088426,0.787795953196858,0.100241147277437,0.03166367718145,0.227999999999998,19,0.604582364174266,0.58952764239141,0.126021011696693,0.618408383724999,1.58958402611521,0.228604498646348,1,20
C08,C08-S012,full-equivalent,all,53,E1_strength_policy,original,random,19,12,0.581854464888472,0.714890741804981,0.260222966640549,0.0385668015755717,0.227999999999998,19,0.620734832197217,0.395254180487893,0.10948525631412,0.621671719354435,1.59005259244089,0.228604498646348,1,20
C08,C08-S013,full-equivalent,all,54,E1_strength_policy,original,random,19,13,0.858190509251482,0.926573768365337,0.0772997225942924,0.0332251552924055,0.227999999999998,19,0.644966380944116,0.575443112796248,0.126156848033849,0.613413764448476,1.58825725371172,0.228604498646348,1,20
C08,C08-S014,full-equivalent,all,55,E1_strength_policy,original,random,19,14,0.865280602056406,0.8836726720992,0.102802158394905,0.039237039689196,0.227999999999998,19,0.642026071136664,0.575998607336116,0.125425616544734,0.617039320719872,1.58905916939547,0.228604498646348,1,20
C08,C08-S015,full-equivalent,all,56,E1_strength_policy,original,random,19,15,0.764095938504514,0.826819652196412,0.199582052146362,0.0699667097124186,0.227999999999998,19,0.724644997904627,0.519941904710314,0.121415894475392,0.617941186156506,1.58953499332245,0.228604498646348,1,20
C08,C08-S016,full-equivalent,all,57,E1_strength_policy,original,random,19,16,0.848748080075831,0.915528199965543,0.138046627974484,0.0285054115883838,0.227999999999998,19,0.617127404772452,0.52110580506457,0.126966814579729,0.617381835159957,1.5893010126315,0.228604498646348,1,20
C08,C08-S017,full-equivalent,all,58,E1_strength_policy,original,random,19,17,0.529312637785349,0.688391756846736,0.217280344137144,0.0453466143955259,0.227999999999998,19,0.605412200448079,0.52051164983965,0.121603424576468,0.622874204269507,1.59036889036812,0.228604498646348,1,20
C08,C08-S018,full-equivalent,all,59,E1_strength_policy,original,random,19,18,0.873990024699512,0.928094061795433,0.109089709892476,0.0398909868799537,0.227999999999998,19,0.645190079266225,0.563424971560141,0.123714844437974,0.61623052625343,1.58885390912356,0.228604498646348,1,20
C08,C08-S019,full-equivalent,all,60,E1_strength_policy,original,random,19,19,0.888582818915581,0.941200052710103,0.0445507076745797,0.0158081903554298,0.227999999999998,19,0.583322505937437,0.587446222056204,0.126802978004843,0.613530051917012,1.58827639956109,0.228604498646348,1,20
C08,C08-S020,full-equivalent,all,61,E1_strength_policy,original,random,19,20,0.75772615202365,0.867714374711648,0.137013071961728,0.0397597848581986,0.227999999999998,19,0.6351303032431,0.56090588053969,0.124996941017113,0.618157551807949,1.5894697598204,0.228604498646348,1,20
C04,C04-S001,fixed-total,random,62,E1_strength_policy,fixed-total,random,2,1,0.580358276283565,0.720442871048187,0.229500010621638,0.0264697895979921,0.227999999999998,2,0.205129115389854,0.686846171294375,0.160067016564138,0.624909565179621,1.59044879184347,0.228604498646348,1,2.05416401377612
C04,C04-S002,fixed-total,random,63,E1_strength_policy,fixed-total,random,2,2,0.544705118395846,0.733309410925578,0.137093950775519,0.0396153438241952,0.227999999999998,2,0.171526022545309,0.763220663155147,0.16472343972148,0.62214934778623,1.59008200438546,0.228604498646348,1,2.05407462529554
C04,C04-S003,fixed-total,random,64,E1_strength_policy,fixed-total,random,2,3,0.47363841775194,0.662546108970811,0.168031715154093,0.01991749416148,0.227999999999998,2,0.186598056580469,0.70574288569743,0.170188496411553,0.625888781953601,1.59037974055966,0.228604498646348,1,2.05814491907966
C04,C04-S004,fixed-total,random,65,E1_strength_policy,fixed-total,random,2,4,0.384878058200571,0.526284813296587,0.13483937706402,0.0414288919742147,0.227999999999998,2,0.174379179550506,0.765962877528025,0.161249911236979,0.617931141930631,1.58925939084217,0.228604498646348,1,2.05889968636866
C04,C04-S005,fixed-total,random,66,E1_strength_policy,fixed-total,random,2,5,0.43538607740596,0.710767779632729,0.144761677617049,0.0261492851556855,0.227999999999998,2,0.176168566058921,0.746809651366935,0.166155645411505,0.620796530759534,1.58970590701756,0.228604498646348,1,2.06038030465825
C04,C04-S006,fixed-total,random,67,E1_strength_policy,fixed-total,random,2,6,0.404924328558771,0.485633426025987,0.239178622690701,0.0383775686958032,0.227999999999998,2,0.218122527462209,0.654356916957642,0.159504016912406,0.62399376982882,1.58996187559501,0.228604498646348,1,2.05739996638201
C04,C04-S007,fixed-total,random,68,E1_strength_policy,fixed-total,random,2,7,0.329634480977206,0.522050585946027,0.133126117779058,0.0331840090588086,0.227999999999998,2,0.176926076600837,0.757319561594815,0.1618657059155,0.619721503810071,1.58960062732886,0.228604498646348,1,2.05302167011133
C04,C04-S008,fixed-total,random,69,E1_strength_policy,fixed-total,random,2,8,0.556318416637734,0.699904824880582,0.158404348669267,0.022348283741881,0.227999999999998,2,0.182174221654978,0.711579148058833,0.171955943009325,0.623285287349924,1.58998709584525,0.228604498646348,1,2.05626844962887
C04,C04-S009,fixed-total,random,70,E1_strength_policy,fixed-total,random,2,9,0.361599015907026,0.539555005136855,0.157080537038214,0.0327801922428493,0.227999999999998,2,0.177710456605856,0.746664528907104,0.164883157512052,0.622786403798138,1.59005185225436,0.228604498646348,1,2.05896695842917
C04,C04-S010,fixed-total,random,71,E1_strength_policy,fixed-total,random,2,10,0.388400161806066,0.630592790955776,0.171766516459145,0.0404726547964512,0.227999999999998,2,0.18795818731223,0.735814942775082,0.159240384991809,0.620407841640536,1.58967851562801,0.228604498646348,1,2.05158279052001
C04,C04-S011,fixed-total,random,72,E1_strength_policy,fixed-total,random,2,11,0.299745732862748,0.552773695150984,0.171262730629286,0.0330591233935354,0.227999999999998,2,0.182625572698099,0.744122122872923,0.160895689039002,0.620026103264915,1.58956593465942,0.228604498646348,1,2.0669612387134
C04,C04-S012,fixed-total,random,73,E1_strength_policy,fixed-total,random,2,12,0.412961556130275,0.552891294581862,0.162221207898152,0.0400186343448653,0.227999999999998,2,0.178790462677533,0.751778614423712,0.161997717192549,0.620984518531968,1.58979502242743,0.228604498646348,1,2.05565398046566
C04,C04-S013,fixed-total,random,74,E1_strength_policy,fixed-total,random,2,13,0.342804282063244,0.558361916471112,0.195059660183252,0.0492260739584982,0.227999999999998,2,0.192301738577254,0.718632968118285,0.161166496963984,0.621271936344813,1.58970006734442,0.228604498646348,1,2.0562640028621
C04,C04-S014,fixed-total,random,75,E1_strength_policy,fixed-total,random,2,14,0.421962416721177,0.56193007754219,0.196213279943719,0.0409804158912761,0.227999999999998,2,0.174039564069558,0.745889368513037,0.168408817550577,0.621481669900838,1.58980733618437,0.228604498646348,1,2.05856087310144
C04,C04-S015,fixed-total,random,76,E1_strength_policy,fixed-total,random,2,15,0.990649977453636,0.991800918795879,0.106861980791579,0.00232999957285728,0.227999999999998,2,0.16663743455631,0.769404984975537,0.165858533817919,0.601040551156111,1.58441495592542,0.228604498646348,1,2.06085586698204
C04,C04-S016,fixed-total,random,77,E1_strength_policy,fixed-total,random,2,16,0.502573765941298,0.714883388991848,0.161735473323077,0.0380203177574692,0.227999999999998,2,0.178516273695911,0.729587877954935,0.169491169358046,0.625354206996374,1.59052314561094,0.228604498646348,1,2.05565522899968
C04,C04-S017,fixed-total,random,78,E1_strength_policy,fixed-total,random,2,17,0.289976249953878,0.509524303118866,0.11994773781566,0.0365576886259134,0.227999999999998,2,0.168160014548159,0.780087801949428,0.162099533886097,0.61813922640757,1.58928106904509,0.228604498646348,1,2.06221108559674
C04,C04-S018,fixed-total,random,79,E1_strength_policy,fixed-total,random,2,18,0.813306160781578,0.846030691412158,0.0295627016005614,0.00976158889605544,0.227999999999998,2,0.166306940026012,0.776732278730109,0.165029857307161,0.610760764860034,1.58743283632006,0.228604498646348,1,2.06050938325437
C04,C04-S019,fixed-total,random,80,E1_strength_policy,fixed-total,random,2,19,0.272111269766006,0.455593739242829,0.234333684171688,0.042136891011936,0.227999999999998,2,0.218323432860745,0.652471522318472,0.159484596085933,0.621716413722666,1.58958823644805,0.228604498646348,1,2.06159734247407
C04,C04-S020,fixed-total,random,81,E1_strength_policy,fixed-total,random,2,20,0.246459826377139,0.454659236949454,0.218058104392666,0.0607981010914148,0.227999999999998,2,0.183798611681041,0.749961456738361,0.157944859469946,0.619485519455739,1.58968540943439,0.228604498646348,1,2.05808919939537
C06,C06-S001,fixed-total,random,82,E1_strength_policy,fixed-total,random,8,1,0.779631931561625,0.820051713225759,0.0360351151421978,0.00860901862045436,0.227999999999998,8,0.426035349086756,0.619550319195723,0.143457985554702,0.612818436528856,1.5879107783577,0.228604498646348,1,8.32733680266958
C06,C06-S002,fixed-total,random,83,E1_strength_policy,fixed-total,random,8,2,0.475566983784897,0.693495820733199,0.159275371443329,0.0368235046397921,0.227999999999998,8,0.457440223391564,0.580270576272056,0.138139171081071,0.621709446302943,1.5900153935396,0.228604498646348,1,8.34592178258638
C06,C06-S003,fixed-total,random,84,E1_strength_policy,fixed-total,random,8,3,0.642818682458605,0.762729462118213,0.148004264554274,0.0375326858792946,0.227999999999998,8,0.460937686799238,0.580254536528876,0.140007266683693,0.618117739583301,1.58931472036478,0.228604498646348,1,8.34160939229565
C06,C06-S004,fixed-total,random,85,E1_strength_policy,fixed-total,random,8,4,0.36584674134955,0.705724064379446,0.187120315655096,0.033117524507326,0.227999999999998,8,0.461111059070683,0.573854984514714,0.133338079116721,0.622816167090907,1.59019746141354,0.228604498646348,1,8.32626856885309
C06,C06-S005,fixed-total,random,86,E1_strength_policy,fixed-total,random,8,5,0.847527065500032,0.936168137062585,0.0493547954131472,0.0207727254296254,0.227999999999998,8,0.45634954768888,0.611885298157082,0.136311578226018,0.609226208948959,1.58705768033226,0.228604498646348,1,8.34979274310112
C06,C06-S006,fixed-total,random,87,E1_strength_policy,fixed-total,random,8,6,0.787671772865857,0.819516737497135,0.229639618102976,0.0456728579098293,0.227999999999998,8,0.469617249254076,0.572192571051848,0.143251765367044,0.624925050429165,1.59062236210086,0.228604498646348,1,8.34491350831212
C06,C06-S007,fixed-total,random,88,E1_strength_policy,fixed-total,random,8,7,0.282658245054969,0.533014394882866,0.195575668806587,0.0418033297809205,0.227999999999998,8,0.484420674653845,0.556689238971867,0.12499499321777,0.618305234668614,1.58947018558725,0.228604498646348,1,8.33476771118704
C06,C06-S008,fixed-total,random,89,E1_strength_policy,fixed-total,random,8,8,0.451102242784756,0.673861555114425,0.224995443743138,0.0386513700880691,0.227999999999998,8,0.491419821845943,0.543698463610933,0.129212502039182,0.621904536246421,1.59010330227542,0.228604498646348,1,8.35659107054857
C06,C06-S009,fixed-total,random,90,E1_strength_policy,fixed-total,random,8,9,0.875587828834135,0.914906342730867,0.213997289737084,0.0438112817279444,0.227999999999998,8,0.489501498971628,0.522592851442347,0.134541930202691,0.621978757369746,1.59000671714661,0.228604498646348,1,8.35597047427054
C06,C06-S010,fixed-total,random,91,E1_strength_policy,fixed-total,random,8,10,0.780184536693076,0.827667322594473,0.217648735334435,0.033664579691379,0.227999999999998,8,0.496569777764434,0.439265082723695,0.137709080708281,0.618147122687342,1.58915268786043,0.228604498646348,1,8.3378005678989
C06,C06-S011,fixed-total,random,92,E1_strength_policy,fixed-total,random,8,11,0.751040826843456,0.847967443981289,0.141147700094245,0.0305534862135324,0.227999999999998,8,0.465835893647038,0.567674812942249,0.143554173088616,0.621523726157627,1.58986923101408,0.228604498646348,1,8.34784701564584
C06,C06-S012,fixed-total,random,93,E1_strength_policy,fixed-total,random,8,12,0.780089070708574,0.911477906469025,0.0761334700989059,0.0236060281806509,0.227999999999998,8,0.460868940781503,0.605510759312859,0.135578506102381,0.612832266770237,1.58789500376876,0.228604498646348,1,8.35231384707652
C06,C06-S013,fixed-total,random,94,E1_strength_policy,fixed-total,random,8,13,0.390217733164409,0.619543190092329,0.18529576253513,0.0412565279915469,0.227999999999998,8,0.472635548548371,0.573542850773095,0.135028304389779,0.620501553188177,1.58987244880139,0.228604498646348,1,8.33901350427307
C06,C06-S014,fixed-total,random,95,E1_strength_policy,fixed-total,random,8,14,0.944872097806608,0.961819137564887,0.0967670448032983,0.0116978236301856,0.227999999999998,8,0.45880107844896,0.608315240366102,0.13520518410471,0.613432499335123,1.58807560968911,0.228604498646348,1,8.33775236906543
C06,C06-S015,fixed-total,random,96,E1_strength_policy,fixed-total,random,8,15,0.594628263162693,0.784525927028803,0.142295692267483,0.0395798112477421,0.227999999999998,8,0.483687133669101,0.585071903999074,0.130147725976623,0.620148261086265,1.58980209471593,0.228604498646348,1,8.3394364200812
C06,C06-S016,fixed-total,random,97,E1_strength_policy,fixed-total,random,8,16,0.638534247117031,0.790770721336926,0.0835176102892709,0.0107239715262812,0.227999999999998,8,0.429850701592459,0.608350174930813,0.144610474218349,0.617397805798603,1.58902254291407,0.228604498646348,1,8.35695311756178
C06,C06-S017,fixed-total,random,98,E1_strength_policy,fixed-total,random,8,17,0.729253555261375,0.781368639329057,0.214121116690986,0.0361779846949371,0.227999999999998,8,0.489242362931146,0.499221675817254,0.134866172611718,0.623721242933233,1.59013930862751,0.228604498646348,1,8.34608381983887
C06,C06-S018,fixed-total,random,99,E1_strength_policy,fixed-total,random,8,18,0.340276669161119,0.57070370984553,0.228777495157558,0.0535000083396732,0.227999999999998,8,0.494008006216659,0.565900842915901,0.128435518653412,0.620041828001961,1.58987365577038,0.228604498646348,1,8.34172429369221
C06,C06-S019,fixed-total,random,100,E1_strength_policy,fixed-total,random,8,19,0.744765244671722,0.828646458790878,0.100938211223467,0.0188590952426262,0.227999999999998,8,0.455153708738706,0.605673941757986,0.132939045735036,0.618979919307579,1.5894901898646,0.228604498646348,1,8.3352101336062
C06,C06-S020,fixed-total,random,101,E1_strength_policy,fixed-total,random,8,20,0.628412674512286,0.732493312759691,0.178714707686836,0.0418908578837596,0.227999999999998,8,0.475112334794889,0.573625421550518,0.137963075754624,0.620781102446661,1.58995816440011,0.228604498646348,1,8.35418755809189
C10,C10-S001,original,random,142,E2_neighbor_count,original,random,4,1,0.170988434845764,0.293283279358134,0.386789266846045,0.114465866243888,0.0479999999999994,4,0.482804212904093,0.443897612633876,0.021965852592019,0.632341398796435,1.59154080322496,0.0481272628729148,1,4.14941176454874
C10,C10-S002,original,random,143,E2_neighbor_count,original,random,4,2,0.210599699906144,0.523396722455806,0.360468628863734,0.100858552749565,0.0479999999999994,4,0.452497392472971,0.490354853908139,0.0233969483064452,0.630653952393471,1.59143549740995,0.0481272628729148,1,4.14288494225726
C10,C10-S003,original,random,144,E2_neighbor_count,original,random,4,3,0.100080745394707,0.369670420270757,0.381635167640095,0.112114602482588,0.0479999999999994,4,0.480565836423948,0.444200692633193,0.0224884486421665,0.630600622480165,1.59143360751444,0.0481272628729148,1,4.15202122045883
C10,C10-S004,original,random,145,E2_neighbor_count,original,random,4,4,0.170632183587513,0.389582965668342,0.383690242505208,0.105257294345156,0.0479999999999994,4,0.481013801796823,0.443355948062429,0.0225541872667416,0.630367716418924,1.59141903432292,0.0481272628729148,1,4.14984994421856
C10,C10-S005,original,random,146,E2_neighbor_count,original,random,4,5,0.0520428151745475,0.299800391906897,0.379568587194009,0.103704799982556,0.0479999999999994,4,0.47660872354719,0.45089530422641,0.0227400378314031,0.631014907769667,1.59145833800409,0.0481272628729148,1,4.14865227975077
C10,C10-S006,original,random,147,E2_neighbor_count,original,random,4,6,0.295757245364989,0.374829061229297,0.388226648796543,0.113203651246868,0.0479999999999994,4,0.481956728216675,0.446229236618657,0.02198468781767,0.630792731068937,1.5914452127844,0.0481272628729148,1,4.13876603197727
C10,C10-S007,original,random,148,E2_neighbor_count,original,random,4,7,0.222166947362515,0.413558615190885,0.371407447358078,0.102666257433125,0.0479999999999994,4,0.465614756206157,0.467878974233981,0.0229844508676703,0.631448788207014,1.59148510346675,0.0481272628729148,1,4.1526008902013
C10,C10-S008,original,random,149,E2_neighbor_count,original,random,4,8,0.323358682296814,0.470715621843215,0.380988624569803,0.115454144014061,0.0479999999999994,4,0.478070535824359,0.450653081617564,0.0223568969520779,0.630642445465665,1.59143585664245,0.0481272628729148,1,4.15398207423206
C10,C10-S009,original,random,150,E2_neighbor_count,original,random,4,9,0.350182362907797,0.514975883858257,0.374500114398536,0.118567354111547,0.0479999999999994,4,0.464499760178363,0.474290730840896,0.0225197390992717,0.631599262452836,1.59149421253309,0.0481272628729148,1,4.15117296634715
C10,C10-S010,original,random,151,E2_neighbor_count,original,random,4,10,0.0700407398242996,0.291835660648246,0.388577463506307,0.104698988007731,0.0479999999999994,4,0.482924332536663,0.445096488615352,0.0218507830508702,0.632170923240737,1.59153010299692,0.0481272628729148,1,4.13628371248422
C10,C10-S011,original,random,152,E2_neighbor_count,original,random,4,11,0.22636971653117,0.363932522326231,0.389088592460866,0.112954648219037,0.0479999999999994,4,0.487578802464447,0.432661211825676,0.0222085131545116,0.631784063790325,1.59150667562576,0.0481272628729148,1,4.16076651580272
C10,C10-S012,original,random,153,E2_neighbor_count,original,random,4,12,0.391598881928473,0.515000164215389,0.364017209525053,0.100194282962831,0.0479999999999994,4,0.458842595316951,0.479173287358451,0.0234967295229385,0.630920432643578,1.5914525953877,0.0481272628729148,1,4.15381378343679
C10,C10-S013,original,random,154,E2_neighbor_count,original,random,4,13,0.279502580553443,0.448910814585949,0.375426612855407,0.102448506998005,0.0479999999999994,4,0.464449412806115,0.471143367286337,0.0230469530477353,0.63117325246714,1.59146830516538,0.0481272628729148,1,4.14559756632628
C10,C10-S014,original,random,155,E2_neighbor_count,original,random,4,14,0.534639270238896,0.609136224342576,0.380949646402763,0.10010993011472,0.0479999999999994,4,0.481226454614701,0.43998262417206,0.0227755578860669,0.632232519296435,1.5915340397662,0.0481272628729148,1,4.13655187590544
C10,C10-S015,original,random,156,E2_neighbor_count,original,random,4,15,0.22353975815729,0.373006785444435,0.37253998071744,0.10756636381864,0.0479999999999994,4,0.47165601618741,0.458521809692432,0.0228545348745615,0.631347376757228,1.5914797440723,0.0481272628729148,1,4.14414327039959
C10,C10-S016,original,random,157,E2_neighbor_count,original,random,4,16,0.116611934349154,0.329471882748088,0.380005812861629,0.116941503360364,0.0479999999999994,4,0.474791580351673,0.458585511201081,0.0221994624391753,0.632689249600627,1.59156164985096,0.0481272628729148,1,4.14776282561517
C10,C10-S017,original,random,158,E2_neighbor_count,original,random,4,17,0.0585136562166524,0.311059059801695,0.381374767834162,0.112902058493785,0.0479999999999994,4,0.476158454575263,0.453947214398811,0.0224378346169149,0.631573312139686,1.5914932363644,0.0481272628729148,1,4.15308981515603
C10,C10-S018,original,random,159,E2_neighbor_count,original,random,4,18,0.322622638683699,0.451809200147482,0.360670371860886,0.106056051723207,0.0479999999999994,4,0.457377165271076,0.481536319117033,0.0234402480363857,0.63142234788135,1.59148317938492,0.0481272628729148,1,4.14719804033142
C10,C10-S019,original,random,160,E2_neighbor_count,original,random,4,19,0.453370796581958,0.536300763597737,0.346638025537581,0.0966251146053812,0.0479999999999994,4,0.434053945288675,0.5156226196211,0.0249141490196325,0.632248681271084,1.59153434400677,0.0481272628729148,1,4.15355715039927
C10,C10-S020,original,random,161,E2_neighbor_count,original,random,4,20,0.257166073348956,0.381083367650813,0.375240146433727,0.106906149334936,0.0479999999999994,4,0.47371986852748,0.457090865289088,0.0225417502000975,0.631076576757396,1.59146269010128,0.0481272628729148,1,4.1477227663403
C12,C12-S001,original,random,182,E2_neighbor_count,original,random,12,1,0.72040126818787,0.829579402645875,0.199016647416329,0.0453953511982278,0.144,12,0.524048508758693,0.576082043621098,0.0799499856315214,0.627978580510814,1.59119663434297,0.144381788618745,1,12.5249896664053
C12,C12-S002,original,random,183,E2_neighbor_count,original,random,12,2,0.623889800816251,0.711854700872561,0.294932269359803,0.0638353113084809,0.144,12,0.624169569733473,0.463646414753777,0.0671058146061889,0.622989074987608,1.59075829779126,0.144381788618745,1,12.5542353320432
C12,C12-S003,original,random,184,E2_neighbor_count,original,random,12,3,0.309073303838776,0.471969772718299,0.245010999188562,0.0546394996094116,0.144,12,0.55334862461851,0.451722866765175,0.0743521540747508,0.628913339999583,1.59115862998737,0.144381788618745,1,12.5627215906136
C12,C12-S004,original,random,185,E2_neighbor_count,original,random,12,4,0.457834509158664,0.691496855440652,0.266792232086475,0.0498327085161194,0.144,12,0.573402852058192,0.429205720195856,0.0705153928610931,0.627743639340841,1.59104905854035,0.144381788618745,1,12.5638389436099
C12,C12-S005,original,random,186,E2_neighbor_count,original,random,12,5,0.186686068611308,0.333609498911985,0.273527656364493,0.0557350757895585,0.144,12,0.581433033017598,0.41581009714657,0.0656737327580276,0.624667431784735,1.59077817639393,0.144381788618745,1,12.5676622171935
C12,C12-S006,original,random,187,E2_neighbor_count,original,random,12,6,0.651017184582934,0.754808605903443,0.199689202149188,0.0385545406510598,0.144,12,0.526414039531064,0.572676301140245,0.079447129735294,0.629269067660223,1.59126202179389,0.144381788618745,1,12.5630930685686
C12,C12-S007,original,random,188,E2_neighbor_count,original,random,12,7,0.376998166066864,0.538932904974547,0.262344642996081,0.0555243537747558,0.144,12,0.586572464706593,0.455133282727184,0.0701600414682179,0.625695374326862,1.59097364847193,0.144381788618745,1,12.5621102544658
C12,C12-S008,original,random,189,E2_neighbor_count,original,random,12,8,0.339266386766915,0.404179663250465,0.27807086031,0.0560947337672709,0.144,12,0.566535076350547,0.384237635480665,0.0659061075323653,0.62605663191556,1.59082268931009,0.144381788618745,1,12.5586171726247
C12,C12-S009,original,random,190,E2_neighbor_count,original,random,12,9,0.450819820800793,0.588580972575299,0.259240453285526,0.0693531679054943,0.144,12,0.576155790482575,0.481239167443574,0.0697459486538182,0.624057146998063,1.59070016289379,0.144381788618745,1,12.5547597437521
C12,C12-S010,original,random,191,E2_neighbor_count,original,random,12,10,0.603819562718926,0.736384298443197,0.256879068190416,0.0437601901942822,0.144,12,0.599394799956581,0.505662862118882,0.0688524049782476,0.624860792630995,1.59093785285018,0.144381788618745,1,12.5571525118622
C12,C12-S011,original,random,192,E2_neighbor_count,original,random,12,11,0.589380059575026,0.670834565676714,0.257301316036127,0.0527608373957374,0.144,12,0.563244332481804,0.476219328361339,0.0747647364459762,0.628744939827599,1.59121856251047,0.144381788618745,1,12.5397969130109
C12,C12-S012,original,random,193,E2_neighbor_count,original,random,12,12,0.835018674697328,0.891028092165293,0.168615870875854,0.038409944416826,0.144,12,0.53856031349138,0.564692069511022,0.0816321518845989,0.629675271468393,1.59128097721111,0.144381788618745,1,12.5588721646417
C12,C12-S013,original,random,194,E2_neighbor_count,original,random,12,13,0.526889294275503,0.596222629510885,0.274580025872347,0.0545244217667392,0.144,12,0.562906657587329,0.378435554671538,0.0661879220920382,0.627581799594986,1.59092793766647,0.144381788618745,1,12.5582085761901
C12,C12-S014,original,random,195,E2_neighbor_count,original,random,12,14,0.47535703332117,0.591712464530955,0.234933712257476,0.0504460815907536,0.144,12,0.568448745930727,0.51206345975224,0.0723254032073567,0.626603120319477,1.59100672965272,0.144381788618745,1,12.5559360097523
C12,C12-S015,original,random,196,E2_neighbor_count,original,random,12,15,0.209893674676948,0.409871057548858,0.289404296932836,0.0765733531350562,0.144,12,0.607419817957451,0.447324884328481,0.0626398131832861,0.622608934821004,1.59061696819896,0.144381788618745,1,12.5636834073771
C12,C12-S016,original,random,197,E2_neighbor_count,original,random,12,16,0.438286084641649,0.632815787538874,0.238578609988519,0.0617240361020552,0.144,12,0.583680224316767,0.546586428970393,0.0706139053356191,0.624648562517187,1.59089050005297,0.144381788618745,1,12.5505222002051
C12,C12-S017,original,random,198,E2_neighbor_count,original,random,12,17,0.421800377273812,0.58951092132491,0.217069009643028,0.0327281349243082,0.144,12,0.540385359046037,0.555680924789604,0.0734754555251227,0.626701159560692,1.59103644533243,0.144381788618745,1,12.5551920201264
C12,C12-S018,original,random,199,E2_neighbor_count,original,random,12,18,0.766181397552316,0.842051817992132,0.12653765734429,0.0281916732439691,0.144,12,0.513528888406125,0.573487064222873,0.0863992820791105,0.625095002069362,1.59073517164615,0.144381788618745,1,12.5590047282823
C12,C12-S019,original,random,200,E2_neighbor_count,original,random,12,19,0.610645564995921,0.753835082396191,0.128717262476457,0.0344830283183511,0.144,12,0.537635831831403,0.589745155942201,0.079934442383369,0.622927951777183,1.59059906300719,0.144381788618745,1,12.5605573235033
C12,C12-S020,original,random,201,E2_neighbor_count,original,random,12,20,0.68533080891179,0.770409112369248,0.204129484250219,0.0396350493824105,0.144,12,0.573082258008034,0.505940911794644,0.0746127696033017,0.627198071453203,1.59108079421166,0.144381788618745,1,12.568733952892
C05,C05-S001,fixed-total,random,242,E2_neighbor_count,fixed-total,random,4,1,0.657076626783545,0.764626194329563,0.0896266834690071,0.0154762625071351,0.227999999999998,4,0.313203818322407,0.661398417045917,0.15397247389231,0.617125584409955,1.58896622916724,0.228604498646348,1,4.14941176454874
C05,C05-S002,fixed-total,random,243,E2_neighbor_count,fixed-total,random,4,2,0.993837701208168,0.995301594084808,0.0460334295905599,0.0229165239785839,0.227999999999998,4,0.314228614055709,0.665567679108562,0.151005836806667,0.599983664630178,1.58413392939724,0.228604498646348,1,4.14288494225726
C05,C05-S003,fixed-total,random,244,E2_neighbor_count,fixed-total,random,4,3,0.44617717534376,0.718080354835292,0.171965969897548,0.0406940041635112,0.227999999999998,4,0.339015091169143,0.64693142627909,0.140764224763546,0.62091299702439,1.58998704380733,0.228604498646348,1,4.15202122045883
C05,C05-S004,fixed-total,random,245,E2_neighbor_count,fixed-total,random,4,4,0.466789366255111,0.618368950265176,0.159426518242305,0.0396666809927767,0.227999999999998,4,0.341809409755699,0.637257622073126,0.142379447353539,0.618971670548986,1.58952945785673,0.228604498646348,1,4.14984994421856
C05,C05-S005,fixed-total,random,246,E2_neighbor_count,fixed-total,random,4,5,0.941453973295044,0.945568694406567,0.119448245553891,0.0187033438969856,0.227999999999998,4,0.313669555024364,0.674518737545854,0.14727648733563,0.618857663195518,1.58928448467387,0.228604498646348,1,4.14865227975077
C05,C05-S006,fixed-total,random,247,E2_neighbor_count,fixed-total,random,4,6,0.83706997241424,0.86149238089744,0.0774820117484766,0.0221181529740953,0.227999999999998,4,0.316926414457818,0.677062202381774,0.144834728190975,0.615234223904682,1.58858659173477,0.228604498646348,1,4.13876603197727
C05,C05-S007,fixed-total,random,248,E2_neighbor_count,fixed-total,random,4,7,0.772968248666136,0.85134940048739,0.057694148260164,0.0227329153004084,0.227999999999998,4,0.313640701090734,0.675255138987097,0.147992694356737,0.612247873322862,1.5878747877016,0.228604498646348,1,4.1526008902013
C05,C05-S008,fixed-total,random,249,E2_neighbor_count,fixed-total,random,4,8,0.516996604381595,0.799934974603532,0.147337871249623,0.0267842000743086,0.227999999999998,4,0.343341217628767,0.606390671572791,0.151924833879186,0.627224166803203,1.59070674205044,0.228604498646348,1,4.15398207423206
C05,C05-S009,fixed-total,random,250,E2_neighbor_count,fixed-total,random,4,9,0.244521968494314,0.490477822280203,0.171691210789711,0.0471890254662155,0.227999999999998,4,0.342342750556802,0.647140354933966,0.138014576609975,0.618709643287273,1.58956082149176,0.228604498646348,1,4.15117296634715
C05,C05-S010,fixed-total,random,251,E2_neighbor_count,fixed-total,random,4,10,0.35556375600292,0.604297240718156,0.141548383809246,0.0310758276905496,0.227999999999998,4,0.322790867335042,0.664319397925055,0.146038312273276,0.619811840064476,1.5896105469465,0.228604498646348,1,4.13628371248422
C05,C05-S011,fixed-total,random,252,E2_neighbor_count,fixed-total,random,4,11,0.554065350260016,0.762401130319472,0.179473658828853,0.0343741177186257,0.227999999999998,4,0.332389939248509,0.63215215570182,0.152020354229833,0.621864966455447,1.58983747841785,0.228604498646348,1,4.16076651580272
C05,C05-S012,fixed-total,random,253,E2_neighbor_count,fixed-total,random,4,12,0.301731008193831,0.550886273817651,0.233125630144116,0.0374117391365853,0.227999999999998,4,0.347703071370718,0.618563127033714,0.145130211412724,0.623244046605013,1.59021461249885,0.228604498646348,1,4.15381378343679
C05,C05-S013,fixed-total,random,254,E2_neighbor_count,fixed-total,random,4,13,0.71593934761359,0.760435485452454,0.0597017035131679,0.0133411030284611,0.227999999999998,4,0.307277380234783,0.658514125870462,0.160043383426373,0.61638937586569,1.58863015677269,0.228604498646348,1,4.14559756632628
C05,C05-S014,fixed-total,random,255,E2_neighbor_count,fixed-total,random,4,14,0.996188241648167,0.996793236348032,0.0339144088913826,0.0168941949035029,0.227999999999998,4,0.309981660309572,0.662884873399351,0.155826524372817,0.593108595390735,1.58173595014866,0.228604498646348,1,4.13655187590544
C05,C05-S015,fixed-total,random,256,E2_neighbor_count,fixed-total,random,4,15,0.821192047178252,0.88022860594052,0.0842106418788257,0.0153919073270244,0.227999999999998,4,0.319088834209019,0.669674610500043,0.146500978816065,0.611133628780775,1.58753815076638,0.228604498646348,1,4.14414327039959
C05,C05-S016,fixed-total,random,257,E2_neighbor_count,fixed-total,random,4,16,0.449966401883541,0.694036635408836,0.161495442560034,0.0359068334534696,0.227999999999998,4,0.330261540921041,0.640997780926734,0.149176287601119,0.623174516236612,1.59014988718612,0.228604498646348,1,4.14776282561517
C05,C05-S017,fixed-total,random,258,E2_neighbor_count,fixed-total,random,4,17,0.362337259138337,0.755741183620265,0.21840951830284,0.0437111498717779,0.227999999999998,4,0.351917077436548,0.618137165944142,0.142237058723639,0.620891590942046,1.58995765909691,0.228604498646348,1,4.15308981515603
C05,C05-S018,fixed-total,random,259,E2_neighbor_count,fixed-total,random,4,18,0.754537898657685,0.80922238846956,0.0906503774935109,0.0247843515995071,0.227999999999998,4,0.308644294994462,0.65665021423639,0.159910127465457,0.618734320667851,1.58909409968706,0.228604498646348,1,4.14719804033142
C05,C05-S019,fixed-total,random,260,E2_neighbor_count,fixed-total,random,4,19,0.689396159344152,0.781804775078032,0.156299279718545,0.0291848727874319,0.227999999999998,4,0.317294422913162,0.635840849045252,0.162575979683873,0.622846931497227,1.58994167421137,0.228604498646348,1,4.15355715039927
C05,C05-S020,fixed-total,random,261,E2_neighbor_count,fixed-total,random,4,20,0.25998491777117,0.511722948887794,0.161812935760353,0.0380932580963951,0.227999999999998,4,0.342460988347486,0.642312457129655,0.138464910674427,0.618117357087775,1.58931104792328,0.228604498646348,1,4.1477227663403
C07,C07-S001,fixed-total,random,282,E2_neighbor_count,fixed-total,random,12,1,0.301236604434304,0.671116735849571,0.155991477161168,0.0275398562836992,0.227999999999998,12,0.504277049974288,0.590025774007467,0.128404009559038,0.622201797124698,1.5901987568134,0.228604498646348,1,12.5249896664053
C07,C07-S002,fixed-total,random,283,E2_neighbor_count,fixed-total,random,12,2,0.86780783043082,0.928579013177834,0.062450422524957,0.028686752029332,0.227999999999998,12,0.523149154783509,0.598808027099494,0.131599924110574,0.608722536990104,1.58701047852693,0.228604498646348,1,12.5542353320432
C07,C07-S003,fixed-total,random,284,E2_neighbor_count,fixed-total,random,12,3,0.801992384608341,0.829400235086065,0.101851938939352,0.0370597628449976,0.227999999999998,12,0.543836612452554,0.575744597588053,0.134938889638066,0.613653702585452,1.58839054385817,0.228604498646348,1,12.5627215906136
C07,C07-S004,fixed-total,random,285,E2_neighbor_count,fixed-total,random,12,4,0.29367053749639,0.737038219725931,0.228279004781313,0.0252962752595231,0.227999999999998,12,0.518980436931359,0.523352958676156,0.126035819518944,0.625425610081106,1.59057683391443,0.228604498646348,1,12.5638389436099
C07,C07-S005,fixed-total,random,286,E2_neighbor_count,fixed-total,random,12,5,0.637095074981279,0.750023875556852,0.15078497007636,0.0416137568831295,0.227999999999998,12,0.548286455632912,0.565609885939989,0.130672827959138,0.616800575652053,1.58919038505774,0.228604498646348,1,12.5676622171935
C07,C07-S006,fixed-total,random,287,E2_neighbor_count,fixed-total,random,12,6,0.438315442010727,0.719632381359249,0.202345438714796,0.0348338331856554,0.227999999999998,12,0.514705254246344,0.529388527245789,0.127391923284951,0.623519072738004,1.59025518957605,0.228604498646348,1,12.5630930685686
C07,C07-S007,fixed-total,random,288,E2_neighbor_count,fixed-total,random,12,7,0.628316428443627,0.77769728088025,0.209275287785412,0.0365991488338766,0.227999999999998,12,0.535794827087252,0.438292013662588,0.13371841459629,0.618161825966221,1.58908005647672,0.228604498646348,1,12.5621102544658
C07,C07-S008,fixed-total,random,289,E2_neighbor_count,fixed-total,random,12,8,0.621345527647607,0.75266325892368,0.169958279184525,0.0311319492324588,0.227999999999998,12,0.506678636920725,0.5057335710237,0.146567480040998,0.621431862182112,1.58982037788857,0.228604498646348,1,12.5586171726247
C07,C07-S009,fixed-total,random,290,E2_neighbor_count,fixed-total,random,12,9,0.956674336585993,0.966117329621767,0.0470995970290259,0.0226385439503104,0.227999999999998,12,0.533171377671645,0.592481734097586,0.133493697408451,0.606016255141784,1.58607765526033,0.228604498646348,1,12.5547597437521
C07,C07-S010,fixed-total,random,291,E2_neighbor_count,fixed-total,random,12,10,0.396914367104422,0.752339381980151,0.150028994059619,0.0247485526867375,0.227999999999998,12,0.519136216967669,0.583491200824268,0.12835043168422,0.624376532454552,1.59058001739434,0.228604498646348,1,12.5571525118622
C07,C07-S011,fixed-total,random,292,E2_neighbor_count,fixed-total,random,12,11,0.898945435610511,0.914110086308558,0.0109793438490249,0.00266409002043223,0.227999999999998,12,0.501534090798991,0.611680672072991,0.130841386197429,0.606857892340865,1.58656322308602,0.228604498646348,1,12.5397969130109
C07,C07-S012,fixed-total,random,293,E2_neighbor_count,fixed-total,random,12,12,0.783376846908281,0.900877277618155,0.063760975534359,0.0216993162500536,0.227999999999998,12,0.530890569696996,0.594059376079284,0.129751442525605,0.614628496538279,1.58851089093069,0.228604498646348,1,12.5588721646417
C07,C07-S013,fixed-total,random,294,E2_neighbor_count,fixed-total,random,12,13,0.547825755217085,0.676250442111788,0.198044528692727,0.0322969091556533,0.227999999999998,12,0.545507263622882,0.572646768539714,0.129720815364188,0.619702114413425,1.58980031723954,0.228604498646348,1,12.5582085761901
C07,C07-S014,fixed-total,random,295,E2_neighbor_count,fixed-total,random,12,14,0.385800897595078,0.583737429522205,0.220771349108959,0.0604360532404409,0.227999999999998,12,0.584406368438566,0.534510653930086,0.121223864809394,0.619644710432428,1.58993772170299,0.228604498646348,1,12.5559360097523
C07,C07-S015,fixed-total,random,296,E2_neighbor_count,fixed-total,random,12,15,0.591906613497273,0.705099172209672,0.196772923610259,0.0549065294700498,0.227999999999998,12,0.586984464355676,0.555445479329655,0.124584607240304,0.618352394059741,1.58964368188532,0.228604498646348,1,12.5636834073771
C07,C07-S016,fixed-total,random,297,E2_neighbor_count,fixed-total,random,12,16,0.774778420707853,0.825072748615712,0.10999391165441,0.0210728426340787,0.227999999999998,12,0.516912593813271,0.598757317479125,0.127918715038171,0.621021195401562,1.58988781646406,0.228604498646348,1,12.5505222002051
C07,C07-S017,fixed-total,random,298,E2_neighbor_count,fixed-total,random,12,17,0.922144042110772,0.931949253622598,0.0865976448365967,0.0161986860584923,0.227999999999998,12,0.516725543789239,0.591057831658637,0.130204643584987,0.616361223176118,1.58882124299072,0.228604498646348,1,12.5551920201264
C07,C07-S018,fixed-total,random,299,E2_neighbor_count,fixed-total,random,12,18,0.510469369969498,0.671837791964724,0.18100749800448,0.0411987394656323,0.227999999999998,12,0.554093480768202,0.527077694753036,0.129879549196234,0.624769036502862,1.59046907372607,0.228604498646348,1,12.5590047282823
C07,C07-S019,fixed-total,random,300,E2_neighbor_count,fixed-total,random,12,19,0.421545562768022,0.521674500116799,0.232943809439979,0.0511341780726879,0.227999999999998,12,0.575309552796964,0.467335674068412,0.114715893924725,0.622139445989576,1.59012253579047,0.228604498646348,1,12.5605573235033
C07,C07-S020,fixed-total,random,301,E2_neighbor_count,fixed-total,random,12,20,0.57972901668345,0.758766936305646,0.146874808240694,0.033110201704575,0.227999999999998,12,0.529189964605613,0.568148997907603,0.132864382244751,0.620853548604998,1.58995724562295,0.228604498646348,1,12.568733952892
C01,C01-S001,fixed-total,angle-concentrated,322,E3_angular_structure,fixed-total,angle-concentrated,8,1,0.374410774060339,0.652771863896862,0.240091832317403,0.0651437069387983,0.227999999999998,8,0.0999435629350629,0.962650628040462,0.195615301985746,0.630767553303338,1.59106726209403,0.228604498646348,1,5.89257106572924
C01,C01-S002,fixed-total,angle-concentrated,323,E3_angular_structure,fixed-total,angle-concentrated,8,2,0.963549270150193,0.982763762230114,0.102718788440563,0.0380497909583996,0.227999999999998,8,0.0697166622041986,0.974934500587751,0.20461003004159,0.609540604429123,1.58564246011652,0.228604498646348,1,4.78949774965902
C01,C01-S003,fixed-total,angle-concentrated,324,E3_angular_structure,fixed-total,angle-concentrated,8,3,0.764856400943535,0.875501905794398,0.108567336305803,0.038226870287568,0.227999999999998,8,0.0694890929928748,0.977304363906249,0.205920804047499,0.612066837784219,1.58640565402201,0.228604498646348,1,4.8053425519475
C01,C01-S004,fixed-total,angle-concentrated,325,E3_angular_structure,fixed-total,angle-concentrated,8,4,0.391413178904216,0.53460733294496,0.287277721109026,0.0790685358081868,0.227999999999998,8,0.0986919972359536,0.963164297978496,0.196369831348123,0.628892420697778,1.59067148681047,0.228604498646348,1,4.87285377548164
C01,C01-S005,fixed-total,angle-concentrated,326,E3_angular_structure,fixed-total,angle-concentrated,8,5,0.908105002870345,0.926654650980595,0.193242066807302,0.0362625275751433,0.227999999999998,8,0.0751813043102803,0.975196825427949,0.20464455449271,0.630347172359717,1.59084150491191,0.228604498646348,1,5.47570296601417
C01,C01-S006,fixed-total,angle-concentrated,327,E3_angular_structure,fixed-total,angle-concentrated,8,6,0.359346801478497,0.592264081152377,0.238153299011534,0.0713712304617341,0.227999999999998,8,0.0935130631231923,0.969172923636873,0.197761897462932,0.630689018801119,1.59092099667957,0.228604498646348,1,5.26035973260317
C01,C01-S007,fixed-total,angle-concentrated,328,E3_angular_structure,fixed-total,angle-concentrated,8,7,0.655992978102991,0.782574034743641,0.194883030048273,0.0592063294992703,0.227999999999998,8,0.0859604975146075,0.972158403337894,0.202211273196737,0.632049657424906,1.5911921501578,0.228604498646348,1,5.47385284374951
C01,C01-S008,fixed-total,angle-concentrated,329,E3_angular_structure,fixed-total,angle-concentrated,8,8,0.200254657538758,0.529460272814732,0.260564470060171,0.056807784985967,0.227999999999998,8,0.0987390724050591,0.967239222167632,0.195091857929302,0.630963404385357,1.59102725695512,0.228604498646348,1,6.40944209293501
C01,C01-S009,fixed-total,angle-concentrated,330,E3_angular_structure,fixed-total,angle-concentrated,8,9,0.773120206419306,0.84059787876046,0.254515586689055,0.0607708165583348,0.227999999999998,8,0.0789716180726527,0.972219783987858,0.201547137200358,0.63270871095609,1.59125535378528,0.228604498646348,1,4.9196802573782
C01,C01-S010,fixed-total,angle-concentrated,331,E3_angular_structure,fixed-total,angle-concentrated,8,10,0.571765970918117,0.692394344595949,0.267082220915451,0.0667775654114671,0.227999999999998,8,0.0864850743095869,0.971778784734666,0.201825501232386,0.630899042199814,1.59098288546398,0.228604498646348,1,5.44667490033516
C01,C01-S011,fixed-total,angle-concentrated,332,E3_angular_structure,fixed-total,angle-concentrated,8,11,0.408164974247807,0.592446376843004,0.276400860879301,0.0723439590112917,0.227999999999998,8,0.0830460918901375,0.971044530710084,0.201181690799821,0.629604233293015,1.59077023078561,0.228604498646348,1,5.38856153945839
C01,C01-S012,fixed-total,angle-concentrated,333,E3_angular_structure,fixed-total,angle-concentrated,8,12,0.337262603109543,0.640044406448931,0.283818921448721,0.0735441538590129,0.227999999999998,8,0.0869829616709134,0.966769406186085,0.200186488056972,0.630205381331632,1.59092908544684,0.228604498646348,1,4.85952734109931
C01,C01-S013,fixed-total,angle-concentrated,334,E3_angular_structure,fixed-total,angle-concentrated,8,13,0.526950037864703,0.644798457614636,0.287106952479177,0.0907767773117399,0.227999999999998,8,0.0965424545276073,0.966360743388329,0.196895549735307,0.631430053786893,1.59107993284185,0.228604498646348,1,5.1545021093337
C01,C01-S014,fixed-total,angle-concentrated,335,E3_angular_structure,fixed-total,angle-concentrated,8,14,0.444376406537084,0.707424376560633,0.180946306420089,0.044597546361488,0.227999999999998,8,0.0801858567433878,0.972685578707603,0.202711225250401,0.629044708578747,1.59070141854143,0.228604498646348,1,5.41005827714508
C01,C01-S015,fixed-total,angle-concentrated,336,E3_angular_structure,fixed-total,angle-concentrated,8,15,0.478958570098202,0.652289350422513,0.241615563854759,0.0729682901264309,0.227999999999998,8,0.0734884720474419,0.976183966323436,0.205239748007718,0.629935333586905,1.59076934059049,0.228604498646348,1,5.3373093970427
C01,C01-S016,fixed-total,angle-concentrated,337,E3_angular_structure,fixed-total,angle-concentrated,8,16,0.482569337436738,0.611894845829786,0.256950948172022,0.0737121969485991,0.227999999999998,8,0.086082400389437,0.96565098243323,0.198478184089921,0.62867694232889,1.59065045807326,0.228604498646348,1,5.2901914473989
C01,C01-S017,fixed-total,angle-concentrated,338,E3_angular_structure,fixed-total,angle-concentrated,8,17,0.86073602145879,0.887713558523846,0.274894376036175,0.0618603725850825,0.227999999999998,8,0.0742554689682026,0.97225251454634,0.202613794656338,0.630552251327994,1.59078791322178,0.228604498646348,1,5.18166830842543
C01,C01-S018,fixed-total,angle-concentrated,339,E3_angular_structure,fixed-total,angle-concentrated,8,18,0.902298037025284,0.960500203449409,0.0991751042198406,0.0203498992373723,0.227999999999998,8,0.0579973522936937,0.982742989613014,0.21100883883184,0.601871954916064,1.58313092957222,0.228604498646348,1,4.68355668407956
C01,C01-S019,fixed-total,angle-concentrated,340,E3_angular_structure,fixed-total,angle-concentrated,8,19,0.365000481465349,0.605498218056168,0.28165571802339,0.0854942259956091,0.227999999999998,8,0.10018836610042,0.965981559572825,0.197300305182786,0.63182581112508,1.59118895726606,0.228604498646348,1,5.37622060726748
C01,C01-S020,fixed-total,angle-concentrated,341,E3_angular_structure,fixed-total,angle-concentrated,8,20,0.399439712204263,0.552435338369389,0.28920549424949,0.0777485250345104,0.227999999999998,8,0.0956846479044735,0.966395303387684,0.197227787905058,0.632123227591901,1.59125450955217,0.228604498646348,1,5.36650881218996
C02,C02-S001,fixed-total,balanced,362,E3_angular_structure,fixed-total,angle-dispersed,8,1,0.352839465188995,0.606740769415977,0.220970556769298,0.057654653063218,0.227999999999998,8,0.640203120919976,0.384181143849006,0.0808161181643054,0.615521434704226,1.58921804640996,0.228604498646348,1,6.17277402674102
C02,C02-S002,fixed-total,balanced,363,E3_angular_structure,fixed-total,angle-dispersed,8,2,0.39311411620243,0.565992470901182,0.126138642295665,0.0297644858434841,0.227999999999998,8,0.599145064828694,0.442387413449429,0.0874934483253307,0.615794049822489,1.58922545562674,0.228604498646348,1,6.545547412202
C02,C02-S003,fixed-total,balanced,364,E3_angular_structure,fixed-total,angle-dispersed,8,3,0.229836631093255,0.406278403578408,0.273727622291103,0.075057340024133,0.227999999999998,8,0.664838464210144,0.297509148109445,0.0716809446579568,0.612604633084752,1.58862383308477,0.228604498646348,1,6.04639282822033
C02,C02-S004,fixed-total,balanced,365,E3_angular_structure,fixed-total,angle-dispersed,8,4,0.915562813050642,0.9592278109454,0.0538355826979784,0.0101127838921871,0.227999999999998,8,0.573120805097984,0.456387734084908,0.0930204664589146,0.612649878949873,1.58851306459621,0.228604498646348,1,7.27457432445059
C02,C02-S005,fixed-total,balanced,366,E3_angular_structure,fixed-total,angle-dispersed,8,5,0.629346171731165,0.758205496731563,0.139873225312026,0.0411072149912124,0.227999999999998,8,0.631654996141237,0.406011214410319,0.0857636350310934,0.615137973555153,1.58918480194992,0.228604498646348,1,7.01020353206494
C02,C02-S006,fixed-total,balanced,367,E3_angular_structure,fixed-total,angle-dispersed,8,6,0.624474166556564,0.75063322364453,0.150344838368568,0.0423319973892066,0.227999999999998,8,0.599414140572557,0.441044221638711,0.0899002634900888,0.614871114139861,1.58911542463338,0.228604498646348,1,6.30397099030856
C02,C02-S007,fixed-total,balanced,368,E3_angular_structure,fixed-total,angle-dispersed,8,7,0.179709052889195,0.524260218137421,0.246210528993772,0.0617370839152956,0.227999999999998,8,0.633410240686865,0.359159687879517,0.0778635641436524,0.613170030136888,1.58874554441906,0.228604498646348,1,6.26189864583695
C02,C02-S008,fixed-total,balanced,369,E3_angular_structure,fixed-total,angle-dispersed,8,8,0.4272264503705,0.546282248349742,0.162219401788718,0.0424261216626904,0.227999999999998,8,0.596644552436447,0.426448245974165,0.0904722058142694,0.615804178154499,1.58915869861914,0.228604498646348,1,6.67708599532223
C02,C02-S009,fixed-total,balanced,370,E3_angular_structure,fixed-total,angle-dispersed,8,9,0.93234053139718,0.94646799856445,0.0473573417250644,0.020300939549477,0.227999999999998,8,0.580653058793613,0.448868809431966,0.0939593508815417,0.614971444031729,1.58896265520771,0.228604498646348,1,6.99501949423619
C02,C02-S010,fixed-total,balanced,371,E3_angular_structure,fixed-total,angle-dispersed,8,10,0.25096982151351,0.400124264441176,0.355207137173611,0.0977630069519391,0.227999999999998,8,0.752219921974382,0.191411097635733,0.0594265695425517,0.612044130309098,1.58874910935033,0.228604498646348,1,6.56398145622531
C02,C02-S011,fixed-total,balanced,372,E3_angular_structure,fixed-total,angle-dispersed,8,11,0.707865684351475,0.779470406798556,0.0799203843158641,0.0191590686709599,0.227999999999998,8,0.597097420537985,0.439816153857958,0.0901405072289864,0.614630176771174,1.58890626310028,0.228604498646348,1,6.85417457755799
C02,C02-S012,fixed-total,balanced,373,E3_angular_structure,fixed-total,angle-dispersed,8,12,0.256273528375545,0.455648227267084,0.224220330744672,0.0557885097434724,0.227999999999998,8,0.619919726131723,0.388280089402368,0.0804426226926269,0.613182027999978,1.58872523389035,0.228604498646348,1,6.81580185571461
C02,C02-S013,fixed-total,balanced,374,E3_angular_structure,fixed-total,angle-dispersed,8,13,0.61738539567125,0.728671626258176,0.134699052421593,0.0432892060261361,0.227999999999998,8,0.618661157212011,0.420664103628179,0.0882020889460691,0.615118241341522,1.5891077492163,0.228604498646348,1,6.64247914837457
C02,C02-S014,fixed-total,balanced,375,E3_angular_structure,fixed-total,angle-dispersed,8,14,0.626189499978683,0.755757278881503,0.105932668216932,0.032011078508547,0.227999999999998,8,0.603354785968764,0.447779904894104,0.0887903285285818,0.615217858255925,1.5891326714121,0.228604498646348,1,6.37203319928013
C02,C02-S015,fixed-total,balanced,376,E3_angular_structure,fixed-total,angle-dispersed,8,15,0.372435617801645,0.652452397391595,0.155168855699354,0.0359254292110261,0.227999999999998,8,0.598778960746254,0.443754553997868,0.0861687312742414,0.616111932230869,1.58931108530889,0.228604498646348,1,6.39698825092691
C02,C02-S016,fixed-total,balanced,377,E3_angular_structure,fixed-total,angle-dispersed,8,16,0.504085867867971,0.685497459686878,0.202744705464322,0.0509610971281952,0.227999999999998,8,0.629827174475316,0.364692876546705,0.0841811728942638,0.61465842155065,1.58891882674667,0.228604498646348,1,5.92226183643641
C02,C02-S017,fixed-total,balanced,378,E3_angular_structure,fixed-total,angle-dispersed,8,17,0.617091678054183,0.724852479887967,0.147982370735522,0.029491868515039,0.227999999999998,8,0.606725697338733,0.415855046867488,0.0905823572345196,0.61494466181455,1.58905491752739,0.228604498646348,1,6.47294540603687
C02,C02-S018,fixed-total,balanced,379,E3_angular_structure,fixed-total,angle-dispersed,8,18,0.339882498004765,0.516992821688096,0.338013852903517,0.0846257204659716,0.227999999999998,8,0.714325691582641,0.234934136345125,0.0652701924416102,0.61122266598574,1.58843217803012,0.228604498646348,1,6.09071071570361
C02,C02-S019,fixed-total,balanced,380,E3_angular_structure,fixed-total,angle-dispersed,8,19,0.485487153337225,0.627397825541744,0.11797148782787,0.0363049808405651,0.227999999999998,8,0.601033715365354,0.4399390526267,0.0856035037303236,0.614973295033449,1.58913867492565,0.228604498646348,1,6.94615608093391
C02,C02-S020,fixed-total,balanced,381,E3_angular_structure,fixed-total,angle-dispersed,8,20,0.369296906447716,0.58728948805985,0.221387622052387,0.0523737849494066,0.227999999999998,8,0.614808184880167,0.367512292294897,0.0825680154814347,0.613638848248104,1.58874153683377,0.228604498646348,1,5.70115818495376
C03,C03-S001,fixed-total,nearest,402,E4_selection_strategy,fixed-total,nearest,8,1,0.265711576339156,0.547774646499325,0.223349686844776,0.0456166880854483,0.227999999999998,8,0.480282023475987,0.560803566615783,0.127456679368337,0.620129592079114,1.589618311419,0.228604498646348,1,4.64822105361395
C03,C03-S002,fixed-total,nearest,403,E4_selection_strategy,fixed-total,nearest,8,2,0.871408709240112,0.969353003669294,0.104790858721381,0.0203999590576793,0.227999999999998,8,0.434887940984691,0.605708509197117,0.138466774784107,0.607385735345431,1.58623082826063,0.228604498646348,1,0.784350922252454
C03,C03-S003,fixed-total,nearest,404,E4_selection_strategy,fixed-total,nearest,8,3,0.547961297248692,0.905648916988192,0.296036637548739,0.0201350843079737,0.227999999999998,8,0.44431117769537,0.605706442767175,0.140927470570031,0.618591286598693,1.58891231371965,0.228604498646348,1,0.242264548307284
C03,C03-S004,fixed-total,nearest,405,E4_selection_strategy,fixed-total,nearest,8,4,0.841080065750476,0.930462201693728,0.173136603721365,0.00510041066401697,0.227999999999998,8,0.456468707260171,0.598140876000149,0.131164828901347,0.613562750465258,1.58800648510291,0.228604498646348,1,1.37461399960858
C03,C03-S005,fixed-total,nearest,406,E4_selection_strategy,fixed-total,nearest,8,5,0.494186398202171,0.760203786035968,0.18130549321991,0.0171899195133411,0.227999999999998,8,0.395305861397499,0.658970259678793,0.140920087283471,0.607936657113824,1.58630785123043,0.228604498646348,1,1.3575222218517
C03,C03-S006,fixed-total,nearest,407,E4_selection_strategy,fixed-total,nearest,8,6,0.565217111171153,0.821460004961347,0.162333577495411,0.0245067736757765,0.227999999999998,8,0.444790617471806,0.634235634108744,0.136069218599221,0.618388384421608,1.58924630017006,0.228604498646348,1,3.35391201353572
C03,C03-S007,fixed-total,nearest,408,E4_selection_strategy,fixed-total,nearest,8,7,0.627096772962768,0.987925865779209,0.220848763490371,0.00629636601000057,0.227999999999998,8,0.419296074785256,0.627749770623095,0.140314270278157,0.613865851227532,1.58769407413198,0.228604498646348,1,0.00352876170784698
C03,C03-S008,fixed-total,nearest,409,E4_selection_strategy,fixed-total,nearest,8,8,0.48370228544387,0.989112192718144,0.146003452398722,0.00384796103351317,0.227999999999998,8,0.425496402437879,0.622799602801271,0.144761459412322,0.605797648515879,1.58550434081227,0.228604498646348,1,0.502168618115566
C03,C03-S009,fixed-total,nearest,410,E4_selection_strategy,fixed-total,nearest,8,9,0.80086022027731,0.901076180369586,0.149650304033234,0.0372828886075074,0.227999999999998,8,0.393333963818108,0.678443878332511,0.154690412136229,0.614036450161447,1.58765793310555,0.228604498646348,1,2.75596873373796
C03,C03-S010,fixed-total,nearest,411,E4_selection_strategy,fixed-total,nearest,8,10,0.474797539942522,0.539850121861365,0.161498697846121,0.0322830344273958,0.227999999999998,8,0.454628617622286,0.622452486873481,0.13093230464157,0.620532159475214,1.58977385262965,0.228604498646348,1,4.60589335663318
C03,C03-S011,fixed-total,nearest,412,E4_selection_strategy,fixed-total,nearest,8,11,0.228656896332473,0.461404340214898,0.203385768213926,0.0426151855941979,0.227999999999998,8,0.473690060834708,0.601909650263179,0.121564658996011,0.618764343078731,1.58956975387722,0.228604498646348,1,4.74770350948501
C03,C03-S012,fixed-total,nearest,413,E4_selection_strategy,fixed-total,nearest,8,12,0.95429329288902,0.958812040444468,0.155406792291953,0.0112121640882701,0.227999999999998,8,0.385839888488315,0.653876699557055,0.153794175622827,0.60853880496764,1.58571525438199,0.228604498646348,1,1.41793180808281
C03,C03-S013,fixed-total,nearest,414,E4_selection_strategy,fixed-total,nearest,8,13,0.694018909765054,0.818949584195802,0.285982192115892,0.0359484340548475,0.227999999999998,8,0.447739612085993,0.6133292165148,0.141344703539687,0.623213903521571,1.59019360188526,0.228604498646348,1,1.53370045485467
C03,C03-S014,fixed-total,nearest,415,E4_selection_strategy,fixed-total,nearest,8,14,0.325206903973073,0.576654933486149,0.20947879448381,0.0395628706874386,0.227999999999998,8,0.446873524310994,0.607889600812285,0.130029349353443,0.622361329923462,1.58996747009542,0.228604498646348,1,3.93448958285916
C03,C03-S015,fixed-total,nearest,416,E4_selection_strategy,fixed-total,nearest,8,15,0.381836793930303,0.976280849789676,0.21003693834149,0.000780214607600002,0.227999999999998,8,0.41686921180843,0.615992610771147,0.143632497689794,0.598652251804978,1.58343553083499,0.228604498646348,0.55,8.88267057025202e-15
C03,C03-S016,fixed-total,nearest,417,E4_selection_strategy,fixed-total,nearest,8,16,0.270883461765573,0.47766098129119,0.16360234797847,0.0408604001774048,0.227999999999998,8,0.449896009035206,0.619545810260566,0.123961640486013,0.617538011277358,1.58927477502651,0.228604498646348,1,5.2216486528153
C03,C03-S017,fixed-total,nearest,418,E4_selection_strategy,fixed-total,nearest,8,17,0.656740159250604,0.845189968118325,0.253854591699288,0.0367144444462734,0.227999999999998,8,0.430779054297705,0.624368375973084,0.144422728858696,0.609156418172824,1.58638116438625,0.228604498646348,1,0.890537076808607
C03,C03-S018,fixed-total,nearest,419,E4_selection_strategy,fixed-total,nearest,8,18,0.639349801771723,0.79335052877478,0.260441551667404,0.0186063501128477,0.227999999999998,8,0.440627467465092,0.582917664994506,0.140677445813362,0.615937468608321,1.58824370699104,0.228604498646348,1,1.55468864632221
C03,C03-S019,fixed-total,nearest,420,E4_selection_strategy,fixed-total,nearest,8,19,0.61103614731972,0.749249381781123,0.349686999815685,0.0345116757740381,0.227999999999998,8,0.438162276478889,0.63949252912916,0.134188869603571,0.619866856273758,1.58954649705254,0.228604498646348,1,0.480624851457203
C03,C03-S020,fixed-total,nearest,421,E4_selection_strategy,fixed-total,nearest,8,20,0.586944966687652,0.744175574615893,0.134302889468097,0.0322243978804839,0.227999999999998,8,0.43240815030105,0.631919783987028,0.13547070883326,0.618849384571644,1.58931557506617,0.228604498646348,1,4.0246869486325
