dataset_id,path,git_blob,sha256,bytes,refs,pinned_commits,row_count,seed_columns,seed_count,seeds,invalid_seed_cells,status,overlap_warning
D001,effective-social-input/results/bearing-damped-model-v1/errors.csv,d78fa960047e72f7931416c475297c0ab9de6403,ad74fc6982d07abcb05ce013c346b3137996657ba8ab36234603434ac32dafc8,3600532,origin/Hao_L;origin/WHQ_work;origin/YCwork;origin/docs/collaboration-framework;origin/feature/sq1-e1-handoff;origin/main,992e71aba3b26896335b52a3182cf01cfd542a9d;63d56b51cb74bca509b0fb7dc29d1d5997d3a1ae;71583f9c6fae635e78a9aa4f2cc8934128748bd9;c58acaa16f6d3bcaaefa7a392d670a14e2c94c00;98950b72f6b4a82a0117e4a258ca0b7875bd6bf9;92b8b78cd0752dc91fc96d40f18e5af0a09c953c,28800,seed,4,138;139;140;141,0,observed_result_seed_column,may overlap other exports/analyses; do not sum as trials
D002,effective-social-input/results/bearing-damped-model-v1/model-selection.csv,1994f111798941e4a948be422d8d43e4af588f44,e4ccbdf21c11fc42205ae3dc170f78b55639b2f9fb78464762697e141a2e880b,1190,origin/Hao_L;origin/WHQ_work;origin/YCwork;origin/docs/collaboration-framework;origin/feature/sq1-e1-handoff;origin/main,992e71aba3b26896335b52a3182cf01cfd542a9d;63d56b51cb74bca509b0fb7dc29d1d5997d3a1ae;71583f9c6fae635e78a9aa4f2cc8934128748bd9;c58acaa16f6d3bcaaefa7a392d670a14e2c94c00;98950b72f6b4a82a0117e4a258ca0b7875bd6bf9;92b8b78cd0752dc91fc96d40f18e5af0a09c953c,24,,0,,0,no_explicit_seed_column_not_cleared,may overlap other exports/analyses; do not sum as trials
D003,effective-social-input/results/bearing-damped-model-v1/summary.csv,809624e31fead9033f33e3db8ab88af2b41cbc8f,f4f83b100cfe5f73e9519ce7a408f60fa4336e3ce340dfe9116bda1d531fa662,1081,origin/Hao_L;origin/WHQ_work;origin/YCwork;origin/docs/collaboration-framework;origin/feature/sq1-e1-handoff;origin/main,992e71aba3b26896335b52a3182cf01cfd542a9d;63d56b51cb74bca509b0fb7dc29d1d5997d3a1ae;71583f9c6fae635e78a9aa4f2cc8934128748bd9;c58acaa16f6d3bcaaefa7a392d670a14e2c94c00;98950b72f6b4a82a0117e4a258ca0b7875bd6bf9;92b8b78cd0752dc91fc96d40f18e5af0a09c953c,5,,0,,0,no_explicit_seed_column_not_cleared,may overlap other exports/analyses; do not sum as trials
D004,effective-social-input/results/bearing-high-rate-v1/errors.csv,766c0d0564de2f0cd6d717a20f4ed885f44db6b0,8e15d8900b4ac46db15fb53be56a4683fdba5732a61652f3b4614df3d43dc19f,367532,origin/Hao_L;origin/WHQ_work;origin/YCwork;origin/docs/collaboration-framework;origin/feature/sq1-e1-handoff;origin/main,992e71aba3b26896335b52a3182cf01cfd542a9d;63d56b51cb74bca509b0fb7dc29d1d5997d3a1ae;71583f9c6fae635e78a9aa4f2cc8934128748bd9;c58acaa16f6d3bcaaefa7a392d670a14e2c94c00;98950b72f6b4a82a0117e4a258ca0b7875bd6bf9;92b8b78cd0752dc91fc96d40f18e5af0a09c953c,3600,seed,4,138;139;140;141,0,observed_result_seed_column,may overlap other exports/analyses; do not sum as trials
D005,effective-social-input/results/bearing-high-rate-v1/summary.csv,15f756dca9f5277239a3f5ebfdd4cc18c60628c6,2303455110d831dbaecf34487c6ff062f988f649755fb41586063bea625aedf2,599,origin/Hao_L;origin/WHQ_work;origin/YCwork;origin/docs/collaboration-framework;origin/feature/sq1-e1-handoff;origin/main,992e71aba3b26896335b52a3182cf01cfd542a9d;63d56b51cb74bca509b0fb7dc29d1d5997d3a1ae;71583f9c6fae635e78a9aa4f2cc8934128748bd9;c58acaa16f6d3bcaaefa7a392d670a14e2c94c00;98950b72f6b4a82a0117e4a258ca0b7875bd6bf9;92b8b78cd0752dc91fc96d40f18e5af0a09c953c,5,,0,,0,no_explicit_seed_column_not_cleared,may overlap other exports/analyses; do not sum as trials
D006,effective-social-input/results/bearing-screen-v1/errors.csv,5bf125bb8cb41055d150f3374d20fa0d91668d4d,42e9ef802d54a77164e51949aa2329b9d29de0d725e1b86537f54899e7a9bb2d,822944,origin/Hao_L;origin/WHQ_work;origin/YCwork;origin/docs/collaboration-framework;origin/feature/sq1-e1-handoff;origin/main,992e71aba3b26896335b52a3182cf01cfd542a9d;63d56b51cb74bca509b0fb7dc29d1d5997d3a1ae;71583f9c6fae635e78a9aa4f2cc8934128748bd9;c58acaa16f6d3bcaaefa7a392d670a14e2c94c00;98950b72f6b4a82a0117e4a258ca0b7875bd6bf9;92b8b78cd0752dc91fc96d40f18e5af0a09c953c,10800,seed,30,101;102;103;104;105;106;107;108;109;110;111;112;113;114;115;116;117;118;119;120;121;122;123;124;125;126;127;128;129;130,0,observed_result_seed_column,may overlap other exports/analyses; do not sum as trials
D007,effective-social-input/results/bearing-screen-v1/summary.csv,c5d4c66298a96f45dacdc254771e80d4b361774b,809cf65f9ce0f15d92646d28187372ae8507ce226e66298bb887080c71e9a40a,287,origin/Hao_L;origin/WHQ_work;origin/YCwork;origin/docs/collaboration-framework;origin/feature/sq1-e1-handoff;origin/main,992e71aba3b26896335b52a3182cf01cfd542a9d;63d56b51cb74bca509b0fb7dc29d1d5997d3a1ae;71583f9c6fae635e78a9aa4f2cc8934128748bd9;c58acaa16f6d3bcaaefa7a392d670a14e2c94c00;98950b72f6b4a82a0117e4a258ca0b7875bd6bf9;92b8b78cd0752dc91fc96d40f18e5af0a09c953c,3,,0,,0,no_explicit_seed_column_not_cleared,may overlap other exports/analyses; do not sum as trials
D008,effective-social-input/results/block-metric-pilot/block-metrics.csv,39fa0a37baff02f6b45bb1d17f2fa61fa521552a,b22bc199395534913348918a14c7a17ba6f276fae427734fa7457a528aaffbc5,48533,origin/Hao_L;origin/WHQ_work;origin/YCwork;origin/docs/collaboration-framework;origin/feature/sq1-e1-handoff;origin/main,992e71aba3b26896335b52a3182cf01cfd542a9d;63d56b51cb74bca509b0fb7dc29d1d5997d3a1ae;71583f9c6fae635e78a9aa4f2cc8934128748bd9;c58acaa16f6d3bcaaefa7a392d670a14e2c94c00;98950b72f6b4a82a0117e4a258ca0b7875bd6bf9;92b8b78cd0752dc91fc96d40f18e5af0a09c953c,540,seed,5,51;52;53;54;55,0,observed_result_seed_column,may overlap other exports/analyses; do not sum as trials
D009,effective-social-input/results/calibration.csv,aaba2a178dd626420df0db8360579c19553b6dbc,671eabc94514578ce1e30b9139d7b236f8969818b7508ac68047a1c2e38e6248,230,origin/Hao_L;origin/WHQ_work;origin/YCwork;origin/docs/collaboration-framework;origin/feature/sq1-e1-handoff;origin/main,992e71aba3b26896335b52a3182cf01cfd542a9d;63d56b51cb74bca509b0fb7dc29d1d5997d3a1ae;71583f9c6fae635e78a9aa4f2cc8934128748bd9;c58acaa16f6d3bcaaefa7a392d670a14e2c94c00;98950b72f6b4a82a0117e4a258ca0b7875bd6bf9;92b8b78cd0752dc91fc96d40f18e5af0a09c953c,1,,0,,0,no_explicit_seed_column_not_cleared,may overlap other exports/analyses; do not sum as trials
D010,effective-social-input/results/checkpoint-intervention-pilot-v1/results.csv,31c2e629ec59231c7f5107688d65774fc53f4fe1,b6c7583eae43be83d8c52f7aa7bb03e882e1e1dcbdc687d8622eca901650dc98,2700,origin/Hao_L;origin/WHQ_work;origin/YCwork;origin/docs/collaboration-framework;origin/feature/sq1-e1-handoff;origin/main,992e71aba3b26896335b52a3182cf01cfd542a9d;63d56b51cb74bca509b0fb7dc29d1d5997d3a1ae;71583f9c6fae635e78a9aa4f2cc8934128748bd9;c58acaa16f6d3bcaaefa7a392d670a14e2c94c00;98950b72f6b4a82a0117e4a258ca0b7875bd6bf9;92b8b78cd0752dc91fc96d40f18e5af0a09c953c,14,seed,2,136;137,0,observed_result_seed_column,may overlap other exports/analyses; do not sum as trials
D011,effective-social-input/results/distance-weight-pilot-v1/analysis/groups.csv,afca6610dd3bed72f172416399326ac1d5034f7d,399a08bf6960970c250b6cce51429425091c2c1c02e76f492b18dcf91239dba6,3919,origin/Hao_L;origin/WHQ_work;origin/YCwork;origin/docs/collaboration-framework;origin/feature/sq1-e1-handoff;origin/main,992e71aba3b26896335b52a3182cf01cfd542a9d;63d56b51cb74bca509b0fb7dc29d1d5997d3a1ae;71583f9c6fae635e78a9aa4f2cc8934128748bd9;c58acaa16f6d3bcaaefa7a392d670a14e2c94c00;98950b72f6b4a82a0117e4a258ca0b7875bd6bf9;92b8b78cd0752dc91fc96d40f18e5af0a09c953c,48,,0,,0,no_explicit_seed_column_not_cleared,may overlap other exports/analyses; do not sum as trials
D012,effective-social-input/results/distance-weight-pilot-v1/analysis/paired.csv,be0e2cdef58517aafc1c62431b0998f83ea48198,844951eb1aef1297b1e02d103b998ddf7eb97034a6afaf384afdd8552ad09fc3,2587,origin/Hao_L;origin/WHQ_work;origin/YCwork;origin/docs/collaboration-framework;origin/feature/sq1-e1-handoff;origin/main,992e71aba3b26896335b52a3182cf01cfd542a9d;63d56b51cb74bca509b0fb7dc29d1d5997d3a1ae;71583f9c6fae635e78a9aa4f2cc8934128748bd9;c58acaa16f6d3bcaaefa7a392d670a14e2c94c00;98950b72f6b4a82a0117e4a258ca0b7875bd6bf9;92b8b78cd0752dc91fc96d40f18e5af0a09c953c,36,,0,,0,no_explicit_seed_column_not_cleared,may overlap other exports/analyses; do not sum as trials
D013,effective-social-input/results/distance-weight-pilot-v1/analysis/runs.csv,4f9c4ad1c31545230e876ff193ef808cccbb6620,fea2bc54e8e539b1f8ded6f6e00713f988a880f9dcd0eaf3668ed0b356077dea,5155,origin/Hao_L;origin/WHQ_work;origin/YCwork;origin/docs/collaboration-framework;origin/feature/sq1-e1-handoff;origin/main,992e71aba3b26896335b52a3182cf01cfd542a9d;63d56b51cb74bca509b0fb7dc29d1d5997d3a1ae;71583f9c6fae635e78a9aa4f2cc8934128748bd9;c58acaa16f6d3bcaaefa7a392d670a14e2c94c00;98950b72f6b4a82a0117e4a258ca0b7875bd6bf9;92b8b78cd0752dc91fc96d40f18e5af0a09c953c,40,seed,5,131;132;133;134;135,0,observed_result_seed_column,may overlap other exports/analyses; do not sum as trials
D014,effective-social-input/results/effective-input-controls-summary.csv,17c28b900310a66f618a115cb262a796b0eb35cc,d8df16dde6f1cf30af9d8b6550507be57093af65d0683fbe5d2ede6c99c2a5e0,593,origin/Hao_L;origin/WHQ_work;origin/YCwork;origin/docs/collaboration-framework;origin/feature/sq1-e1-handoff;origin/main,992e71aba3b26896335b52a3182cf01cfd542a9d;63d56b51cb74bca509b0fb7dc29d1d5997d3a1ae;71583f9c6fae635e78a9aa4f2cc8934128748bd9;c58acaa16f6d3bcaaefa7a392d670a14e2c94c00;98950b72f6b4a82a0117e4a258ca0b7875bd6bf9;92b8b78cd0752dc91fc96d40f18e5af0a09c953c,2,,0,,0,no_explicit_seed_column_not_cleared,may overlap other exports/analyses; do not sum as trials
D015,effective-social-input/results/effective-input-controls.csv,94c59d30195e44f1cbe2cbcd9338051a8c3524e5,dfc94cddaf4c79d3bc17fdadbc54a3e1ddaabd6fe26870f1cd64ed077e9c28af,3946,origin/Hao_L;origin/WHQ_work;origin/YCwork;origin/docs/collaboration-framework;origin/feature/sq1-e1-handoff;origin/main,992e71aba3b26896335b52a3182cf01cfd542a9d;63d56b51cb74bca509b0fb7dc29d1d5997d3a1ae;71583f9c6fae635e78a9aa4f2cc8934128748bd9;c58acaa16f6d3bcaaefa7a392d670a14e2c94c00;98950b72f6b4a82a0117e4a258ca0b7875bd6bf9;92b8b78cd0752dc91fc96d40f18e5af0a09c953c,20,seed,10,1;2;3;4;5;6;7;8;9;10,0,observed_result_seed_column,may overlap other exports/analyses; do not sum as trials
D016,effective-social-input/results/effective-input-n20-100.csv,0c65a84b477e9f5d411f4f19e323830afa56244e,971d7bb4586700111cd5aeb2883bf64eee5b3bd639dad8a75701ec9cd8f01695,3022524,origin/Hao_L;origin/WHQ_work;origin/YCwork;origin/docs/collaboration-framework;origin/feature/sq1-e1-handoff;origin/main,992e71aba3b26896335b52a3182cf01cfd542a9d;63d56b51cb74bca509b0fb7dc29d1d5997d3a1ae;71583f9c6fae635e78a9aa4f2cc8934128748bd9;c58acaa16f6d3bcaaefa7a392d670a14e2c94c00;98950b72f6b4a82a0117e4a258ca0b7875bd6bf9;92b8b78cd0752dc91fc96d40f18e5af0a09c953c,12700,seed,100,1;2;3;4;5;6;7;8;9;10;11;12;13;14;15;16;17;18;19;20;21;22;23;24;25;26;27;28;29;30;31;32;33;34;35;36;37;38;39;40;41;42;43;44;45;46;47;48;49;50;51;52;53;54;55;56;57;58;59;60;61;62;63;64;65;66;67;68;69;70;71;72;73;74;75;76;77;78;79;80;81;82;83;84;85;86;87;88;89;90;91;92;93;94;95;96;97;98;99;100,0,observed_result_seed_column,may overlap other exports/analyses; do not sum as trials
D017,effective-social-input/results/effective-input-n20-final.csv,f557c91eb9f0a7f2918bb14aa9bcdebd05cfc674,5cc83ea80302fbc44454d8965f07bda1627efe3604d07af3995b57b14eb6c04e,840440,origin/Hao_L;origin/WHQ_work;origin/YCwork;origin/docs/collaboration-framework;origin/feature/sq1-e1-handoff;origin/main,992e71aba3b26896335b52a3182cf01cfd542a9d;63d56b51cb74bca509b0fb7dc29d1d5997d3a1ae;71583f9c6fae635e78a9aa4f2cc8934128748bd9;c58acaa16f6d3bcaaefa7a392d670a14e2c94c00;98950b72f6b4a82a0117e4a258ca0b7875bd6bf9;92b8b78cd0752dc91fc96d40f18e5af0a09c953c,3450,seed,30,1;2;3;4;5;6;7;8;9;10;11;12;13;14;15;16;17;18;19;20;21;22;23;24;25;26;27;28;29;30,0,observed_result_seed_column,may overlap other exports/analyses; do not sum as trials
D018,effective-social-input/results/effective-input-n20-long.csv,5134f59b9c1a4b9f422242884aee3fb0a242cfae,f880130498d3f88d0e46e3886eb9279f7b5d44c91b07ba33a9e79286966b6f6d,130185,origin/Hao_L;origin/WHQ_work;origin/YCwork;origin/docs/collaboration-framework;origin/feature/sq1-e1-handoff;origin/main,992e71aba3b26896335b52a3182cf01cfd542a9d;63d56b51cb74bca509b0fb7dc29d1d5997d3a1ae;71583f9c6fae635e78a9aa4f2cc8934128748bd9;c58acaa16f6d3bcaaefa7a392d670a14e2c94c00;98950b72f6b4a82a0117e4a258ca0b7875bd6bf9;92b8b78cd0752dc91fc96d40f18e5af0a09c953c,550,seed,10,1;2;3;4;5;6;7;8;9;10,0,observed_result_seed_column,may overlap other exports/analyses; do not sum as trials
D019,effective-social-input/results/effective-input-pilot.csv,bac495f5fefd5032d5a43f6de3007b6aa166cf89,df6fe281407b83bbc67e971f54cbc827dc1a6b7d7066656842bef17427116b39,115082,origin/Hao_L;origin/WHQ_work;origin/YCwork;origin/docs/collaboration-framework;origin/feature/sq1-e1-handoff;origin/main,992e71aba3b26896335b52a3182cf01cfd542a9d;63d56b51cb74bca509b0fb7dc29d1d5997d3a1ae;71583f9c6fae635e78a9aa4f2cc8934128748bd9;c58acaa16f6d3bcaaefa7a392d670a14e2c94c00;98950b72f6b4a82a0117e4a258ca0b7875bd6bf9;92b8b78cd0752dc91fc96d40f18e5af0a09c953c,550,seed,10,1;2;3;4;5;6;7;8;9;10,0,observed_result_seed_column,may overlap other exports/analyses; do not sum as trials
D020,effective-social-input/results/effective-input-quick.csv,0cfd4dcae1c42ab3e35f3eb2dcd28c3e36f22efd,204628eb5a5b3ac509cfffadb94d087f55d6a839a587f718145d5fa00cd36ec4,24428,origin/Hao_L;origin/WHQ_work;origin/YCwork;origin/docs/collaboration-framework;origin/feature/sq1-e1-handoff;origin/main,992e71aba3b26896335b52a3182cf01cfd542a9d;63d56b51cb74bca509b0fb7dc29d1d5997d3a1ae;71583f9c6fae635e78a9aa4f2cc8934128748bd9;c58acaa16f6d3bcaaefa7a392d670a14e2c94c00;98950b72f6b4a82a0117e4a258ca0b7875bd6bf9;92b8b78cd0752dc91fc96d40f18e5af0a09c953c,111,seed,3,1;2;3,0,observed_result_seed_column,may overlap other exports/analyses; do not sum as trials
D021,effective-social-input/results/group-success.csv,bad94b26d3fe6bc12b7781ef12c30e0dbb697252,53b1e9cefd37ec7b4b06ca6b9a614d6084eb9d32364d10e3f13579153bcac3df,9511,origin/Hao_L;origin/WHQ_work;origin/YCwork;origin/docs/collaboration-framework;origin/feature/sq1-e1-handoff;origin/main,992e71aba3b26896335b52a3182cf01cfd542a9d;63d56b51cb74bca509b0fb7dc29d1d5997d3a1ae;71583f9c6fae635e78a9aa4f2cc8934128748bd9;c58acaa16f6d3bcaaefa7a392d670a14e2c94c00;98950b72f6b4a82a0117e4a258ca0b7875bd6bf9;92b8b78cd0752dc91fc96d40f18e5af0a09c953c,115,,0,,0,no_explicit_seed_column_not_cleared,may overlap other exports/analyses; do not sum as trials
D022,effective-social-input/results/mainstream-model-comparison/summary.csv,4ed04e44d02ada480cf9a6f8655d7332f059a88a,63fbed992520c5091f8a7232a509fd69af2e2b774d602fa89f5a9658907b7282,3216,origin/Hao_L;origin/WHQ_work;origin/YCwork;origin/docs/collaboration-framework;origin/feature/sq1-e1-handoff;origin/main,992e71aba3b26896335b52a3182cf01cfd542a9d;63d56b51cb74bca509b0fb7dc29d1d5997d3a1ae;71583f9c6fae635e78a9aa4f2cc8934128748bd9;c58acaa16f6d3bcaaefa7a392d670a14e2c94c00;98950b72f6b4a82a0117e4a258ca0b7875bd6bf9;92b8b78cd0752dc91fc96d40f18e5af0a09c953c,20,seed,5,101;102;103;104;105,0,observed_result_seed_column,may overlap other exports/analyses; do not sum as trials
D023,effective-social-input/results/n20-100-statistics/group-success.csv,584b354acf0234a69e3bf1eaf4a969735a651355,f9953abf677659738e2d756d081d32aa472d9fa9dfb58d7c543d34c692ef7b8f,38034,origin/Hao_L;origin/WHQ_work;origin/YCwork;origin/docs/collaboration-framework;origin/feature/sq1-e1-handoff;origin/main,992e71aba3b26896335b52a3182cf01cfd542a9d;63d56b51cb74bca509b0fb7dc29d1d5997d3a1ae;71583f9c6fae635e78a9aa4f2cc8934128748bd9;c58acaa16f6d3bcaaefa7a392d670a14e2c94c00;98950b72f6b4a82a0117e4a258ca0b7875bd6bf9;92b8b78cd0752dc91fc96d40f18e5af0a09c953c,121,,0,,0,no_explicit_seed_column_not_cleared,may overlap other exports/analyses; do not sum as trials
D024,effective-social-input/results/n20-100-statistics/thresholds.csv,508aeb16b118a689ba2ee6ac70d57d18ea1f006d,8e0b2291624ce382a3941aed2485bf7f57909362e3ff92569ccce5681e628b11,454,origin/Hao_L;origin/WHQ_work;origin/YCwork;origin/docs/collaboration-framework;origin/feature/sq1-e1-handoff;origin/main,992e71aba3b26896335b52a3182cf01cfd542a9d;63d56b51cb74bca509b0fb7dc29d1d5997d3a1ae;71583f9c6fae635e78a9aa4f2cc8934128748bd9;c58acaa16f6d3bcaaefa7a392d670a14e2c94c00;98950b72f6b4a82a0117e4a258ca0b7875bd6bf9;92b8b78cd0752dc91fc96d40f18e5af0a09c953c,7,,0,,0,no_explicit_seed_column_not_cleared,may overlap other exports/analyses; do not sum as trials
D025,effective-social-input/results/occlusion-integration-v1/integration.csv,85358e342ccb5f1a19d2d52cb5788258492c3c41,7a600ab81bc3832f213a5c8dbee9f461e04b84cc6a88423567882d64009e9e45,357,origin/Hao_L;origin/WHQ_work;origin/YCwork;origin/docs/collaboration-framework;origin/feature/sq1-e1-handoff;origin/main,992e71aba3b26896335b52a3182cf01cfd542a9d;63d56b51cb74bca509b0fb7dc29d1d5997d3a1ae;71583f9c6fae635e78a9aa4f2cc8934128748bd9;c58acaa16f6d3bcaaefa7a392d670a14e2c94c00;98950b72f6b4a82a0117e4a258ca0b7875bd6bf9;92b8b78cd0752dc91fc96d40f18e5af0a09c953c,6,seed,2,136;137,0,observed_result_seed_column,may overlap other exports/analyses; do not sum as trials
D026,effective-social-input/results/paper-kf-extended-v1/smoke/seed-results/seed-201-summary.csv,167b07c11026793b2784d288f55ca1a10ec42c7c,0083ecaec142e76da5d96eff2953fe8628f9f408d19b33fff1f586a1e5969263,4367,origin/Hao_L;origin/WHQ_work;origin/YCwork;origin/docs/collaboration-framework;origin/feature/sq1-e1-handoff;origin/main,992e71aba3b26896335b52a3182cf01cfd542a9d;63d56b51cb74bca509b0fb7dc29d1d5997d3a1ae;71583f9c6fae635e78a9aa4f2cc8934128748bd9;c58acaa16f6d3bcaaefa7a392d670a14e2c94c00;98950b72f6b4a82a0117e4a258ca0b7875bd6bf9;92b8b78cd0752dc91fc96d40f18e5af0a09c953c,16,seed,1,201,0,observed_result_seed_column,per-seed export; may duplicate aggregate summary
D027,effective-social-input/results/paper-kf-extended-v1/smoke/seed-results/seed-202-summary.csv,61b478d0c162cece7e0c186f5e48237f9445c2f8,eefbcf2375d670bafa159f1ca5678388dbdafba83dc794ef3e79c1de05c2eb16,4354,origin/Hao_L;origin/WHQ_work;origin/YCwork;origin/docs/collaboration-framework;origin/feature/sq1-e1-handoff;origin/main,992e71aba3b26896335b52a3182cf01cfd542a9d;63d56b51cb74bca509b0fb7dc29d1d5997d3a1ae;71583f9c6fae635e78a9aa4f2cc8934128748bd9;c58acaa16f6d3bcaaefa7a392d670a14e2c94c00;98950b72f6b4a82a0117e4a258ca0b7875bd6bf9;92b8b78cd0752dc91fc96d40f18e5af0a09c953c,16,seed,1,202,0,observed_result_seed_column,per-seed export; may duplicate aggregate summary
D028,effective-social-input/results/paper-kf-extended-v1/smoke/summary.csv,07931398f3b890080d62be144e0271a465751894,13eaf6efc68a55836382f05ce430f877ac1f3b54134ad54613dae4c7a21bf42f,8397,origin/Hao_L;origin/WHQ_work;origin/YCwork;origin/docs/collaboration-framework;origin/feature/sq1-e1-handoff;origin/main,992e71aba3b26896335b52a3182cf01cfd542a9d;63d56b51cb74bca509b0fb7dc29d1d5997d3a1ae;71583f9c6fae635e78a9aa4f2cc8934128748bd9;c58acaa16f6d3bcaaefa7a392d670a14e2c94c00;98950b72f6b4a82a0117e4a258ca0b7875bd6bf9;92b8b78cd0752dc91fc96d40f18e5af0a09c953c,32,seed,2,201;202,0,observed_result_seed_column,may overlap other exports/analyses; do not sum as trials
D029,effective-social-input/results/paper-kf-extended-v2/pilot/seed-results/seed-201-summary.csv,cf9db619497a781c0f5a43ae5e686f0321cd358b,7767b6285206f97973b08fd3282f9590474186e62df8d082b4207462bbbf8312,19390,origin/Hao_L;origin/WHQ_work;origin/YCwork;origin/docs/collaboration-framework;origin/feature/sq1-e1-handoff;origin/main,992e71aba3b26896335b52a3182cf01cfd542a9d;63d56b51cb74bca509b0fb7dc29d1d5997d3a1ae;71583f9c6fae635e78a9aa4f2cc8934128748bd9;c58acaa16f6d3bcaaefa7a392d670a14e2c94c00;98950b72f6b4a82a0117e4a258ca0b7875bd6bf9;92b8b78cd0752dc91fc96d40f18e5af0a09c953c,75,seed,1,201,0,observed_result_seed_column,per-seed export; may duplicate aggregate summary
D030,effective-social-input/results/paper-kf-extended-v2/pilot/seed-results/seed-202-summary.csv,13eee5309480a837ee706b4b396f901e84c3e8e9,1c7e015bc247dfbcb89bc9dd537b0e2213711a989832009332dbc6581f7353a0,19354,origin/Hao_L;origin/WHQ_work;origin/YCwork;origin/docs/collaboration-framework;origin/feature/sq1-e1-handoff;origin/main,992e71aba3b26896335b52a3182cf01cfd542a9d;63d56b51cb74bca509b0fb7dc29d1d5997d3a1ae;71583f9c6fae635e78a9aa4f2cc8934128748bd9;c58acaa16f6d3bcaaefa7a392d670a14e2c94c00;98950b72f6b4a82a0117e4a258ca0b7875bd6bf9;92b8b78cd0752dc91fc96d40f18e5af0a09c953c,75,seed,1,202,0,observed_result_seed_column,per-seed export; may duplicate aggregate summary
D031,effective-social-input/results/paper-kf-extended-v2/pilot/seed-results/seed-203-summary.csv,1cb5e2781ea9b114df44123c68c657d90de90a1e,3c3c7be5eb24ca2993adfac39d3f1502205200d924057196646995eea31135c8,19389,origin/Hao_L;origin/WHQ_work;origin/YCwork;origin/docs/collaboration-framework;origin/feature/sq1-e1-handoff;origin/main,992e71aba3b26896335b52a3182cf01cfd542a9d;63d56b51cb74bca509b0fb7dc29d1d5997d3a1ae;71583f9c6fae635e78a9aa4f2cc8934128748bd9;c58acaa16f6d3bcaaefa7a392d670a14e2c94c00;98950b72f6b4a82a0117e4a258ca0b7875bd6bf9;92b8b78cd0752dc91fc96d40f18e5af0a09c953c,75,seed,1,203,0,observed_result_seed_column,per-seed export; may duplicate aggregate summary
D032,effective-social-input/results/paper-kf-extended-v2/pilot/seed-results/seed-204-summary.csv,77028e72700798f443838398305496a5091c1f90,908fcd9bfb57da92b2ce4394dca8ea025f60b04c54a0229812dac3ed444e7af6,19346,origin/Hao_L;origin/WHQ_work;origin/YCwork;origin/docs/collaboration-framework;origin/feature/sq1-e1-handoff;origin/main,992e71aba3b26896335b52a3182cf01cfd542a9d;63d56b51cb74bca509b0fb7dc29d1d5997d3a1ae;71583f9c6fae635e78a9aa4f2cc8934128748bd9;c58acaa16f6d3bcaaefa7a392d670a14e2c94c00;98950b72f6b4a82a0117e4a258ca0b7875bd6bf9;92b8b78cd0752dc91fc96d40f18e5af0a09c953c,75,seed,1,204,0,observed_result_seed_column,per-seed export; may duplicate aggregate summary
D033,effective-social-input/results/paper-kf-extended-v2/pilot/seed-results/seed-205-summary.csv,944de23505ff4e15c3023026a16a8da6c54d6178,5e64974d62c46baf2632196036b4ed1a2f2a45f449b6941093c2c4c7158f0845,19309,origin/Hao_L;origin/WHQ_work;origin/YCwork;origin/docs/collaboration-framework;origin/feature/sq1-e1-handoff;origin/main,992e71aba3b26896335b52a3182cf01cfd542a9d;63d56b51cb74bca509b0fb7dc29d1d5997d3a1ae;71583f9c6fae635e78a9aa4f2cc8934128748bd9;c58acaa16f6d3bcaaefa7a392d670a14e2c94c00;98950b72f6b4a82a0117e4a258ca0b7875bd6bf9;92b8b78cd0752dc91fc96d40f18e5af0a09c953c,75,seed,1,205,0,observed_result_seed_column,per-seed export; may duplicate aggregate summary
D034,effective-social-input/results/paper-kf-extended-v2/pilot/seed-results/seed-206-summary.csv,d1cdc125fa69099584ba06e487b6d28e55c6b973,679668d2b54c686e61c24db497b9810c57bc3dfef38c68c5b9b9b285ef0fab9a,19450,origin/Hao_L;origin/WHQ_work;origin/YCwork;origin/docs/collaboration-framework;origin/feature/sq1-e1-handoff;origin/main,992e71aba3b26896335b52a3182cf01cfd542a9d;63d56b51cb74bca509b0fb7dc29d1d5997d3a1ae;71583f9c6fae635e78a9aa4f2cc8934128748bd9;c58acaa16f6d3bcaaefa7a392d670a14e2c94c00;98950b72f6b4a82a0117e4a258ca0b7875bd6bf9;92b8b78cd0752dc91fc96d40f18e5af0a09c953c,75,seed,1,206,0,observed_result_seed_column,per-seed export; may duplicate aggregate summary
D035,effective-social-input/results/paper-kf-extended-v2/pilot/summary.csv,121855fafa20e47fe3dc324c3c66ec90936ee9ab,12dbe80386d02e277dc56d5a41151c11a7835df42276efa926867cf0218bf6c5,114618,origin/Hao_L;origin/WHQ_work;origin/YCwork;origin/docs/collaboration-framework;origin/feature/sq1-e1-handoff;origin/main,992e71aba3b26896335b52a3182cf01cfd542a9d;63d56b51cb74bca509b0fb7dc29d1d5997d3a1ae;71583f9c6fae635e78a9aa4f2cc8934128748bd9;c58acaa16f6d3bcaaefa7a392d670a14e2c94c00;98950b72f6b4a82a0117e4a258ca0b7875bd6bf9;92b8b78cd0752dc91fc96d40f18e5af0a09c953c,450,seed,6,201;202;203;204;205;206,0,observed_result_seed_column,may overlap other exports/analyses; do not sum as trials
D036,effective-social-input/results/paper-kf-extended-v2/smoke/seed-results/seed-201-summary.csv,fa344e83898e358d9485b638dc64ed2dbf784468,f1c62fe3c6653e046905d5fc8d53234380fa3f62a330b9fd151992b55bf2f089,5434,origin/Hao_L;origin/WHQ_work;origin/YCwork;origin/docs/collaboration-framework;origin/feature/sq1-e1-handoff;origin/main,992e71aba3b26896335b52a3182cf01cfd542a9d;63d56b51cb74bca509b0fb7dc29d1d5997d3a1ae;71583f9c6fae635e78a9aa4f2cc8934128748bd9;c58acaa16f6d3bcaaefa7a392d670a14e2c94c00;98950b72f6b4a82a0117e4a258ca0b7875bd6bf9;92b8b78cd0752dc91fc96d40f18e5af0a09c953c,20,seed,1,201,0,observed_result_seed_column,per-seed export; may duplicate aggregate summary
D037,effective-social-input/results/paper-kf-extended-v2/smoke/seed-results/seed-202-summary.csv,b7c82ef54453ec808b01f7e7bed39be3ab085c4d,6e414d842a67b48012d6ed51dc08a731e6ae643bd2d3c7d05d3945b2f3babf82,5416,origin/Hao_L;origin/WHQ_work;origin/YCwork;origin/docs/collaboration-framework;origin/feature/sq1-e1-handoff;origin/main,992e71aba3b26896335b52a3182cf01cfd542a9d;63d56b51cb74bca509b0fb7dc29d1d5997d3a1ae;71583f9c6fae635e78a9aa4f2cc8934128748bd9;c58acaa16f6d3bcaaefa7a392d670a14e2c94c00;98950b72f6b4a82a0117e4a258ca0b7875bd6bf9;92b8b78cd0752dc91fc96d40f18e5af0a09c953c,20,seed,1,202,0,observed_result_seed_column,per-seed export; may duplicate aggregate summary
D038,effective-social-input/results/paper-kf-extended-v2/smoke/summary.csv,d76da588d0a638becf818df564d31156ef40af22,2f5da38263e2d9204bfb92d29b3db7cf46dc0ce4c00e6c9bdb9f31d75d1c1eec,10526,origin/Hao_L;origin/WHQ_work;origin/YCwork;origin/docs/collaboration-framework;origin/feature/sq1-e1-handoff;origin/main,992e71aba3b26896335b52a3182cf01cfd542a9d;63d56b51cb74bca509b0fb7dc29d1d5997d3a1ae;71583f9c6fae635e78a9aa4f2cc8934128748bd9;c58acaa16f6d3bcaaefa7a392d670a14e2c94c00;98950b72f6b4a82a0117e4a258ca0b7875bd6bf9;92b8b78cd0752dc91fc96d40f18e5af0a09c953c,40,seed,2,201;202,0,observed_result_seed_column,may overlap other exports/analyses; do not sum as trials
D039,effective-social-input/results/paper-kf-extended-v3/full/bootstrap-group-summary.csv,c35fd3b54fb5ebcc4db339294c3a55c61fdc352b,d7c4f0fa95860087f1fe6ebd369296642e614ff6747a0a66b613e89acdda2ffc,95786,origin/Hao_L;origin/WHQ_work;origin/YCwork;origin/docs/collaboration-framework;origin/feature/sq1-e1-handoff;origin/main,992e71aba3b26896335b52a3182cf01cfd542a9d;63d56b51cb74bca509b0fb7dc29d1d5997d3a1ae;71583f9c6fae635e78a9aa4f2cc8934128748bd9;c58acaa16f6d3bcaaefa7a392d670a14e2c94c00;98950b72f6b4a82a0117e4a258ca0b7875bd6bf9;92b8b78cd0752dc91fc96d40f18e5af0a09c953c,990,,0,,0,no_explicit_seed_column_not_cleared,may overlap other exports/analyses; do not sum as trials
D040,effective-social-input/results/paper-kf-extended-v3/full/group-summary.csv,c28dbf4c72cbc8037f57ebe6da55379ea5e81ece,923828d07c870d731a27a5b5b730b5bf0fb5f475417894356f7b25619863a68a,68733,origin/Hao_L;origin/WHQ_work;origin/YCwork;origin/docs/collaboration-framework;origin/feature/sq1-e1-handoff;origin/main,992e71aba3b26896335b52a3182cf01cfd542a9d;63d56b51cb74bca509b0fb7dc29d1d5997d3a1ae;71583f9c6fae635e78a9aa4f2cc8934128748bd9;c58acaa16f6d3bcaaefa7a392d670a14e2c94c00;98950b72f6b4a82a0117e4a258ca0b7875bd6bf9;92b8b78cd0752dc91fc96d40f18e5af0a09c953c,954,,0,,0,no_explicit_seed_column_not_cleared,may overlap other exports/analyses; do not sum as trials
D041,effective-social-input/results/paper-kf-extended-v3/full/paired-effects.csv,8ca746bc8295cea528cbe7401137a0c50ceb3d35,a137d12d4d5c33e38a2f6941b674efc28d4cabd88ffde283c823b8f4430ed023,54029,origin/Hao_L;origin/WHQ_work;origin/YCwork;origin/docs/collaboration-framework;origin/feature/sq1-e1-handoff;origin/main,992e71aba3b26896335b52a3182cf01cfd542a9d;63d56b51cb74bca509b0fb7dc29d1d5997d3a1ae;71583f9c6fae635e78a9aa4f2cc8934128748bd9;c58acaa16f6d3bcaaefa7a392d670a14e2c94c00;98950b72f6b4a82a0117e4a258ca0b7875bd6bf9;92b8b78cd0752dc91fc96d40f18e5af0a09c953c,342,,0,,0,no_explicit_seed_column_not_cleared,may overlap other exports/analyses; do not sum as trials
D042,effective-social-input/results/paper-kf-extended-v3/full/seed-results/seed-201-summary.csv,71e0bb6af6b26bda919fa1c24d1973ac76973e37,1cfb2f890b5fd6650c03b78eed4070b003e3ee8b63af408bba2020c1ed8fe96e,30499,origin/Hao_L;origin/WHQ_work;origin/YCwork;origin/docs/collaboration-framework;origin/feature/sq1-e1-handoff;origin/main,992e71aba3b26896335b52a3182cf01cfd542a9d;63d56b51cb74bca509b0fb7dc29d1d5997d3a1ae;71583f9c6fae635e78a9aa4f2cc8934128748bd9;c58acaa16f6d3bcaaefa7a392d670a14e2c94c00;98950b72f6b4a82a0117e4a258ca0b7875bd6bf9;92b8b78cd0752dc91fc96d40f18e5af0a09c953c,90,seed,1,201,0,observed_result_seed_column,per-seed export; may duplicate aggregate summary
D043,effective-social-input/results/paper-kf-extended-v3/full/seed-results/seed-202-summary.csv,7c5e08b847cba4ea315c709514589c4d5451d812,3be5937381a000d2d03c1daa5e9ec5b24d26c2844486c11fc8ebab090a699013,30464,origin/Hao_L;origin/WHQ_work;origin/YCwork;origin/docs/collaboration-framework;origin/feature/sq1-e1-handoff;origin/main,992e71aba3b26896335b52a3182cf01cfd542a9d;63d56b51cb74bca509b0fb7dc29d1d5997d3a1ae;71583f9c6fae635e78a9aa4f2cc8934128748bd9;c58acaa16f6d3bcaaefa7a392d670a14e2c94c00;98950b72f6b4a82a0117e4a258ca0b7875bd6bf9;92b8b78cd0752dc91fc96d40f18e5af0a09c953c,90,seed,1,202,0,observed_result_seed_column,per-seed export; may duplicate aggregate summary
D044,effective-social-input/results/paper-kf-extended-v3/full/seed-results/seed-203-summary.csv,af7b15470706fd1b223887f4f8f6d25c24319a83,c6dcfd810dd448e87a5b222a0fc64eaa2d043b20cd88f5ae009618e632e9b03a,30480,origin/Hao_L;origin/WHQ_work;origin/YCwork;origin/docs/collaboration-framework;origin/feature/sq1-e1-handoff;origin/main,992e71aba3b26896335b52a3182cf01cfd542a9d;63d56b51cb74bca509b0fb7dc29d1d5997d3a1ae;71583f9c6fae635e78a9aa4f2cc8934128748bd9;c58acaa16f6d3bcaaefa7a392d670a14e2c94c00;98950b72f6b4a82a0117e4a258ca0b7875bd6bf9;92b8b78cd0752dc91fc96d40f18e5af0a09c953c,90,seed,1,203,0,observed_result_seed_column,per-seed export; may duplicate aggregate summary
D045,effective-social-input/results/paper-kf-extended-v3/full/seed-results/seed-204-summary.csv,79bb27e7d4985fffc8d0e9493092df7eb8a46e30,c9add85f7838ad89e99966415768658eae28d9126edb000a3c67c81aeca7c5ee,30422,origin/Hao_L;origin/WHQ_work;origin/YCwork;origin/docs/collaboration-framework;origin/feature/sq1-e1-handoff;origin/main,992e71aba3b26896335b52a3182cf01cfd542a9d;63d56b51cb74bca509b0fb7dc29d1d5997d3a1ae;71583f9c6fae635e78a9aa4f2cc8934128748bd9;c58acaa16f6d3bcaaefa7a392d670a14e2c94c00;98950b72f6b4a82a0117e4a258ca0b7875bd6bf9;92b8b78cd0752dc91fc96d40f18e5af0a09c953c,90,seed,1,204,0,observed_result_seed_column,per-seed export; may duplicate aggregate summary
D046,effective-social-input/results/paper-kf-extended-v3/full/seed-results/seed-205-summary.csv,c7ba695122aded132c4d1ec7300be0dc60d1e069,3473ae446e08f5353906793bbc5967fa28af2badc131d12c8ba2e78e8e5b6baf,30371,origin/Hao_L;origin/WHQ_work;origin/YCwork;origin/docs/collaboration-framework;origin/feature/sq1-e1-handoff;origin/main,992e71aba3b26896335b52a3182cf01cfd542a9d;63d56b51cb74bca509b0fb7dc29d1d5997d3a1ae;71583f9c6fae635e78a9aa4f2cc8934128748bd9;c58acaa16f6d3bcaaefa7a392d670a14e2c94c00;98950b72f6b4a82a0117e4a258ca0b7875bd6bf9;92b8b78cd0752dc91fc96d40f18e5af0a09c953c,90,seed,1,205,0,observed_result_seed_column,per-seed export; may duplicate aggregate summary
D047,effective-social-input/results/paper-kf-extended-v3/full/seed-results/seed-206-summary.csv,f9ff87384b2404d6d7b54ad173119b8dd52005b4,061c6fcfe891a4589765c46733614202f1fa3ae1a6580ab08a3e3832d3d6f16c,30684,origin/Hao_L;origin/WHQ_work;origin/YCwork;origin/docs/collaboration-framework;origin/feature/sq1-e1-handoff;origin/main,992e71aba3b26896335b52a3182cf01cfd542a9d;63d56b51cb74bca509b0fb7dc29d1d5997d3a1ae;71583f9c6fae635e78a9aa4f2cc8934128748bd9;c58acaa16f6d3bcaaefa7a392d670a14e2c94c00;98950b72f6b4a82a0117e4a258ca0b7875bd6bf9;92b8b78cd0752dc91fc96d40f18e5af0a09c953c,90,seed,1,206,0,observed_result_seed_column,per-seed export; may duplicate aggregate summary
D048,effective-social-input/results/paper-kf-extended-v3/full/seed-results/seed-207-summary.csv,f6ced07b4c0eb1406ebcea6c8919d6662b38cf98,2f2530e7cac2952b8b4aeafc3231499f5d85009cfa2327d5475be25c2b8212d8,30532,origin/Hao_L;origin/WHQ_work;origin/YCwork;origin/docs/collaboration-framework;origin/feature/sq1-e1-handoff;origin/main,992e71aba3b26896335b52a3182cf01cfd542a9d;63d56b51cb74bca509b0fb7dc29d1d5997d3a1ae;71583f9c6fae635e78a9aa4f2cc8934128748bd9;c58acaa16f6d3bcaaefa7a392d670a14e2c94c00;98950b72f6b4a82a0117e4a258ca0b7875bd6bf9;92b8b78cd0752dc91fc96d40f18e5af0a09c953c,90,seed,1,207,0,observed_result_seed_column,per-seed export; may duplicate aggregate summary
D049,effective-social-input/results/paper-kf-extended-v3/full/seed-results/seed-208-summary.csv,62d2006a09fa5d77558b56fb80209ee51642e899,aa57b5449a0b4c9aaaeb9d7628c820f35f643f727fa3f8377d8b7376cbde9236,30485,origin/Hao_L;origin/WHQ_work;origin/YCwork;origin/docs/collaboration-framework;origin/feature/sq1-e1-handoff;origin/main,992e71aba3b26896335b52a3182cf01cfd542a9d;63d56b51cb74bca509b0fb7dc29d1d5997d3a1ae;71583f9c6fae635e78a9aa4f2cc8934128748bd9;c58acaa16f6d3bcaaefa7a392d670a14e2c94c00;98950b72f6b4a82a0117e4a258ca0b7875bd6bf9;92b8b78cd0752dc91fc96d40f18e5af0a09c953c,90,seed,1,208,0,observed_result_seed_column,per-seed export; may duplicate aggregate summary
D050,effective-social-input/results/paper-kf-extended-v3/full/seed-results/seed-209-summary.csv,04a59cea36ddfde9f215b7c8bc7f07c733b4259e,0fc23fa31d51c13d4689ec59f8ed7e0dea06b35efd563c813359d85adedce491,30252,origin/Hao_L;origin/WHQ_work;origin/YCwork;origin/docs/collaboration-framework;origin/feature/sq1-e1-handoff;origin/main,992e71aba3b26896335b52a3182cf01cfd542a9d;63d56b51cb74bca509b0fb7dc29d1d5997d3a1ae;71583f9c6fae635e78a9aa4f2cc8934128748bd9;c58acaa16f6d3bcaaefa7a392d670a14e2c94c00;98950b72f6b4a82a0117e4a258ca0b7875bd6bf9;92b8b78cd0752dc91fc96d40f18e5af0a09c953c,90,seed,1,209,0,observed_result_seed_column,per-seed export; may duplicate aggregate summary
D051,effective-social-input/results/paper-kf-extended-v3/full/seed-results/seed-210-summary.csv,b959f7b3364afadfe6d406eedb1628f7ae5ca3c0,da114b6fb92d1af2443b25e253492c12a618978bb9910373f17d33ef5cabc770,30415,origin/Hao_L;origin/WHQ_work;origin/YCwork;origin/docs/collaboration-framework;origin/feature/sq1-e1-handoff;origin/main,992e71aba3b26896335b52a3182cf01cfd542a9d;63d56b51cb74bca509b0fb7dc29d1d5997d3a1ae;71583f9c6fae635e78a9aa4f2cc8934128748bd9;c58acaa16f6d3bcaaefa7a392d670a14e2c94c00;98950b72f6b4a82a0117e4a258ca0b7875bd6bf9;92b8b78cd0752dc91fc96d40f18e5af0a09c953c,90,seed,1,210,0,observed_result_seed_column,per-seed export; may duplicate aggregate summary
D052,effective-social-input/results/paper-kf-extended-v3/full/seed-results/seed-211-summary.csv,2f84a27f805b81ba86bde975df44fe3a8c74742b,08a76c77b6e981d636babc0701409ce8f0967694f61788b88f3a9739a60218d1,30511,origin/Hao_L;origin/WHQ_work;origin/YCwork;origin/docs/collaboration-framework;origin/feature/sq1-e1-handoff;origin/main,992e71aba3b26896335b52a3182cf01cfd542a9d;63d56b51cb74bca509b0fb7dc29d1d5997d3a1ae;71583f9c6fae635e78a9aa4f2cc8934128748bd9;c58acaa16f6d3bcaaefa7a392d670a14e2c94c00;98950b72f6b4a82a0117e4a258ca0b7875bd6bf9;92b8b78cd0752dc91fc96d40f18e5af0a09c953c,90,seed,1,211,0,observed_result_seed_column,per-seed export; may duplicate aggregate summary
D053,effective-social-input/results/paper-kf-extended-v3/full/seed-results/seed-212-summary.csv,526060bf7b06f2b9419c893dbfa3053c0b945037,9a10d270c0ddc646c36813b37fc421c87cd26c10ba237bb903d927579376475b,30581,origin/Hao_L;origin/WHQ_work;origin/YCwork;origin/docs/collaboration-framework;origin/feature/sq1-e1-handoff;origin/main,992e71aba3b26896335b52a3182cf01cfd542a9d;63d56b51cb74bca509b0fb7dc29d1d5997d3a1ae;71583f9c6fae635e78a9aa4f2cc8934128748bd9;c58acaa16f6d3bcaaefa7a392d670a14e2c94c00;98950b72f6b4a82a0117e4a258ca0b7875bd6bf9;92b8b78cd0752dc91fc96d40f18e5af0a09c953c,90,seed,1,212,0,observed_result_seed_column,per-seed export; may duplicate aggregate summary
D054,effective-social-input/results/paper-kf-extended-v3/full/seed-results/seed-213-summary.csv,64c1a8dfad74ecfcb9492fbbd26ab5f164eaab38,bccf0882e61c41f27d9c909cb0f54e81264487cccb1f707f1293b7a0fe96760b,30716,origin/Hao_L;origin/WHQ_work;origin/YCwork;origin/docs/collaboration-framework;origin/feature/sq1-e1-handoff;origin/main,992e71aba3b26896335b52a3182cf01cfd542a9d;63d56b51cb74bca509b0fb7dc29d1d5997d3a1ae;71583f9c6fae635e78a9aa4f2cc8934128748bd9;c58acaa16f6d3bcaaefa7a392d670a14e2c94c00;98950b72f6b4a82a0117e4a258ca0b7875bd6bf9;92b8b78cd0752dc91fc96d40f18e5af0a09c953c,90,seed,1,213,0,observed_result_seed_column,per-seed export; may duplicate aggregate summary
D055,effective-social-input/results/paper-kf-extended-v3/full/seed-results/seed-214-summary.csv,dc8774ae2bf56e9e9bd0f1fbf529be20c314fed8,61cc1c4310cf922d85e04549a777a15519244782d0deb8bbf3fd9f08ce9a5e40,30557,origin/Hao_L;origin/WHQ_work;origin/YCwork;origin/docs/collaboration-framework;origin/feature/sq1-e1-handoff;origin/main,992e71aba3b26896335b52a3182cf01cfd542a9d;63d56b51cb74bca509b0fb7dc29d1d5997d3a1ae;71583f9c6fae635e78a9aa4f2cc8934128748bd9;c58acaa16f6d3bcaaefa7a392d670a14e2c94c00;98950b72f6b4a82a0117e4a258ca0b7875bd6bf9;92b8b78cd0752dc91fc96d40f18e5af0a09c953c,90,seed,1,214,0,observed_result_seed_column,per-seed export; may duplicate aggregate summary
D056,effective-social-input/results/paper-kf-extended-v3/full/seed-results/seed-215-summary.csv,1ad43946a75ef97ae29a6a99e9afe3ce31598ae5,3e26a7be7c9225de7b3392c46e310f1782e7684fb98cc705c493a53cc5ac33de,30430,origin/Hao_L;origin/WHQ_work;origin/YCwork;origin/docs/collaboration-framework;origin/feature/sq1-e1-handoff;origin/main,992e71aba3b26896335b52a3182cf01cfd542a9d;63d56b51cb74bca509b0fb7dc29d1d5997d3a1ae;71583f9c6fae635e78a9aa4f2cc8934128748bd9;c58acaa16f6d3bcaaefa7a392d670a14e2c94c00;98950b72f6b4a82a0117e4a258ca0b7875bd6bf9;92b8b78cd0752dc91fc96d40f18e5af0a09c953c,90,seed,1,215,0,observed_result_seed_column,per-seed export; may duplicate aggregate summary
D057,effective-social-input/results/paper-kf-extended-v3/full/seed-results/seed-216-summary.csv,5014f4bd6a82f6ef3571c6d1f4115c86f3ca9085,ebef7cf1c23091e5d786602115caa9d55ed50fc8aa9001385693f2f6ecf5ed9d,30734,origin/Hao_L;origin/WHQ_work;origin/YCwork;origin/docs/collaboration-framework;origin/feature/sq1-e1-handoff;origin/main,992e71aba3b26896335b52a3182cf01cfd542a9d;63d56b51cb74bca509b0fb7dc29d1d5997d3a1ae;71583f9c6fae635e78a9aa4f2cc8934128748bd9;c58acaa16f6d3bcaaefa7a392d670a14e2c94c00;98950b72f6b4a82a0117e4a258ca0b7875bd6bf9;92b8b78cd0752dc91fc96d40f18e5af0a09c953c,90,seed,1,216,0,observed_result_seed_column,per-seed export; may duplicate aggregate summary
D058,effective-social-input/results/paper-kf-extended-v3/full/seed-results/seed-217-summary.csv,7b5fc69d5c46128a02c6d2d47265e89de32b90a3,8599467a35ed026df047ff4de5b2a5d5f9cc500a3dc4fb361ede3ff9baf4c074,30623,origin/Hao_L;origin/WHQ_work;origin/YCwork;origin/docs/collaboration-framework;origin/feature/sq1-e1-handoff;origin/main,992e71aba3b26896335b52a3182cf01cfd542a9d;63d56b51cb74bca509b0fb7dc29d1d5997d3a1ae;71583f9c6fae635e78a9aa4f2cc8934128748bd9;c58acaa16f6d3bcaaefa7a392d670a14e2c94c00;98950b72f6b4a82a0117e4a258ca0b7875bd6bf9;92b8b78cd0752dc91fc96d40f18e5af0a09c953c,90,seed,1,217,0,observed_result_seed_column,per-seed export; may duplicate aggregate summary
D059,effective-social-input/results/paper-kf-extended-v3/full/seed-results/seed-218-summary.csv,831d88b7dd9417bdbe2e16ed130c6e8ca0912119,e3960e3c03cd8e0b0f835a805c2364f4852079ab3d83df741f323ebe1407ea0e,30566,origin/Hao_L;origin/WHQ_work;origin/YCwork;origin/docs/collaboration-framework;origin/feature/sq1-e1-handoff;origin/main,992e71aba3b26896335b52a3182cf01cfd542a9d;63d56b51cb74bca509b0fb7dc29d1d5997d3a1ae;71583f9c6fae635e78a9aa4f2cc8934128748bd9;c58acaa16f6d3bcaaefa7a392d670a14e2c94c00;98950b72f6b4a82a0117e4a258ca0b7875bd6bf9;92b8b78cd0752dc91fc96d40f18e5af0a09c953c,90,seed,1,218,0,observed_result_seed_column,per-seed export; may duplicate aggregate summary
D060,effective-social-input/results/paper-kf-extended-v3/full/seed-results/seed-219-summary.csv,8064cb2ee1a36b1d490d70b57f186942e1ca5b97,44d22c21725f9c7fee7ae12061b9ac3ca49852e0397fddf387a919695a43d834,30626,origin/Hao_L;origin/WHQ_work;origin/YCwork;origin/docs/collaboration-framework;origin/feature/sq1-e1-handoff;origin/main,992e71aba3b26896335b52a3182cf01cfd542a9d;63d56b51cb74bca509b0fb7dc29d1d5997d3a1ae;71583f9c6fae635e78a9aa4f2cc8934128748bd9;c58acaa16f6d3bcaaefa7a392d670a14e2c94c00;98950b72f6b4a82a0117e4a258ca0b7875bd6bf9;92b8b78cd0752dc91fc96d40f18e5af0a09c953c,90,seed,1,219,0,observed_result_seed_column,per-seed export; may duplicate aggregate summary
D061,effective-social-input/results/paper-kf-extended-v3/full/seed-results/seed-220-summary.csv,48198ec173f1b59f1263560a2a17a3ae3254e428,c16365f5957d4567e3d8f0991453e2a12ec3a6bf0bc1fffa18fdeac39e1da506,30470,origin/Hao_L;origin/WHQ_work;origin/YCwork;origin/docs/collaboration-framework;origin/feature/sq1-e1-handoff;origin/main,992e71aba3b26896335b52a3182cf01cfd542a9d;63d56b51cb74bca509b0fb7dc29d1d5997d3a1ae;71583f9c6fae635e78a9aa4f2cc8934128748bd9;c58acaa16f6d3bcaaefa7a392d670a14e2c94c00;98950b72f6b4a82a0117e4a258ca0b7875bd6bf9;92b8b78cd0752dc91fc96d40f18e5af0a09c953c,90,seed,1,220,0,observed_result_seed_column,per-seed export; may duplicate aggregate summary
D062,effective-social-input/results/paper-kf-extended-v3/full/seed-results/seed-221-summary.csv,71507193c159f4a5f31abd0278748865a58694ba,3f7555298ea558d9f14fcae536b2eb48414dd5b068856c06bcc8dbf3c55ada6c,30686,origin/Hao_L;origin/WHQ_work;origin/YCwork;origin/docs/collaboration-framework;origin/feature/sq1-e1-handoff;origin/main,992e71aba3b26896335b52a3182cf01cfd542a9d;63d56b51cb74bca509b0fb7dc29d1d5997d3a1ae;71583f9c6fae635e78a9aa4f2cc8934128748bd9;c58acaa16f6d3bcaaefa7a392d670a14e2c94c00;98950b72f6b4a82a0117e4a258ca0b7875bd6bf9;92b8b78cd0752dc91fc96d40f18e5af0a09c953c,90,seed,1,221,0,observed_result_seed_column,per-seed export; may duplicate aggregate summary
D063,effective-social-input/results/paper-kf-extended-v3/full/seed-results/seed-222-summary.csv,380a38850a50d570ade44ffe69e5af61a8a6f2dd,70d55376339ab926c46b8e96318010abe15d8da793338fcec2bd9c9788bc71ca,30554,origin/Hao_L;origin/WHQ_work;origin/YCwork;origin/docs/collaboration-framework;origin/feature/sq1-e1-handoff;origin/main,992e71aba3b26896335b52a3182cf01cfd542a9d;63d56b51cb74bca509b0fb7dc29d1d5997d3a1ae;71583f9c6fae635e78a9aa4f2cc8934128748bd9;c58acaa16f6d3bcaaefa7a392d670a14e2c94c00;98950b72f6b4a82a0117e4a258ca0b7875bd6bf9;92b8b78cd0752dc91fc96d40f18e5af0a09c953c,90,seed,1,222,0,observed_result_seed_column,per-seed export; may duplicate aggregate summary
D064,effective-social-input/results/paper-kf-extended-v3/full/seed-results/seed-223-summary.csv,9fd9f9f0d2f83e2eec7e2fa5273dcc7d30d2758e,7fc4ce06bb828aa283635469605402bf86a453bd3fc28f00be62123f42ec7571,30711,origin/Hao_L;origin/WHQ_work;origin/YCwork;origin/docs/collaboration-framework;origin/feature/sq1-e1-handoff;origin/main,992e71aba3b26896335b52a3182cf01cfd542a9d;63d56b51cb74bca509b0fb7dc29d1d5997d3a1ae;71583f9c6fae635e78a9aa4f2cc8934128748bd9;c58acaa16f6d3bcaaefa7a392d670a14e2c94c00;98950b72f6b4a82a0117e4a258ca0b7875bd6bf9;92b8b78cd0752dc91fc96d40f18e5af0a09c953c,90,seed,1,223,0,observed_result_seed_column,per-seed export; may duplicate aggregate summary
D065,effective-social-input/results/paper-kf-extended-v3/full/seed-results/seed-224-summary.csv,46e40ad187dd9c12e61706a9b919682af4cf6448,578c872e0bc77e6feb3da2755dde1cd77b72d834d5a16205de18fb75513e55d3,30514,origin/Hao_L;origin/WHQ_work;origin/YCwork;origin/docs/collaboration-framework;origin/feature/sq1-e1-handoff;origin/main,992e71aba3b26896335b52a3182cf01cfd542a9d;63d56b51cb74bca509b0fb7dc29d1d5997d3a1ae;71583f9c6fae635e78a9aa4f2cc8934128748bd9;c58acaa16f6d3bcaaefa7a392d670a14e2c94c00;98950b72f6b4a82a0117e4a258ca0b7875bd6bf9;92b8b78cd0752dc91fc96d40f18e5af0a09c953c,90,seed,1,224,0,observed_result_seed_column,per-seed export; may duplicate aggregate summary
D066,effective-social-input/results/paper-kf-extended-v3/full/seed-results/seed-225-summary.csv,e061e683df09e82c917444dfe777696574c94f7a,f47460edc788854dfdf3cd80dde71898631f04b070deeddd9c65545a9ea8b13b,30655,origin/Hao_L;origin/WHQ_work;origin/YCwork;origin/docs/collaboration-framework;origin/feature/sq1-e1-handoff;origin/main,992e71aba3b26896335b52a3182cf01cfd542a9d;63d56b51cb74bca509b0fb7dc29d1d5997d3a1ae;71583f9c6fae635e78a9aa4f2cc8934128748bd9;c58acaa16f6d3bcaaefa7a392d670a14e2c94c00;98950b72f6b4a82a0117e4a258ca0b7875bd6bf9;92b8b78cd0752dc91fc96d40f18e5af0a09c953c,90,seed,1,225,0,observed_result_seed_column,per-seed export; may duplicate aggregate summary
D067,effective-social-input/results/paper-kf-extended-v3/full/seed-results/seed-226-summary.csv,d6566f0d1f80de887d1fac7b7a3fd1a490ee199d,571e385f71596386ce98599b483450969bfb62a482464c15617ed4b7e231c9b5,30656,origin/Hao_L;origin/WHQ_work;origin/YCwork;origin/docs/collaboration-framework;origin/feature/sq1-e1-handoff;origin/main,992e71aba3b26896335b52a3182cf01cfd542a9d;63d56b51cb74bca509b0fb7dc29d1d5997d3a1ae;71583f9c6fae635e78a9aa4f2cc8934128748bd9;c58acaa16f6d3bcaaefa7a392d670a14e2c94c00;98950b72f6b4a82a0117e4a258ca0b7875bd6bf9;92b8b78cd0752dc91fc96d40f18e5af0a09c953c,90,seed,1,226,0,observed_result_seed_column,per-seed export; may duplicate aggregate summary
D068,effective-social-input/results/paper-kf-extended-v3/full/seed-results/seed-227-summary.csv,e986f27e414b36ed7d68aa75e99f947053d8f565,5b96a2c48fcb233c3e5b11b4d4f618ff698b4055da4d4b5fc80f51b0c583baa3,30429,origin/Hao_L;origin/WHQ_work;origin/YCwork;origin/docs/collaboration-framework;origin/feature/sq1-e1-handoff;origin/main,992e71aba3b26896335b52a3182cf01cfd542a9d;63d56b51cb74bca509b0fb7dc29d1d5997d3a1ae;71583f9c6fae635e78a9aa4f2cc8934128748bd9;c58acaa16f6d3bcaaefa7a392d670a14e2c94c00;98950b72f6b4a82a0117e4a258ca0b7875bd6bf9;92b8b78cd0752dc91fc96d40f18e5af0a09c953c,90,seed,1,227,0,observed_result_seed_column,per-seed export; may duplicate aggregate summary
D069,effective-social-input/results/paper-kf-extended-v3/full/seed-results/seed-228-summary.csv,09ad31eba0fd1a0f0abfd519bbec9c53e99f7286,fc8be1908e26f1add164214da7d66f83aa142bfbd219215e762652046f60de2d,30607,origin/Hao_L;origin/WHQ_work;origin/YCwork;origin/docs/collaboration-framework;origin/feature/sq1-e1-handoff;origin/main,992e71aba3b26896335b52a3182cf01cfd542a9d;63d56b51cb74bca509b0fb7dc29d1d5997d3a1ae;71583f9c6fae635e78a9aa4f2cc8934128748bd9;c58acaa16f6d3bcaaefa7a392d670a14e2c94c00;98950b72f6b4a82a0117e4a258ca0b7875bd6bf9;92b8b78cd0752dc91fc96d40f18e5af0a09c953c,90,seed,1,228,0,observed_result_seed_column,per-seed export; may duplicate aggregate summary
D070,effective-social-input/results/paper-kf-extended-v3/full/seed-results/seed-229-summary.csv,b5e9aa240e8a6bc9b3fb967ef18af4d7cf5d0cb2,f25256d0c5bcb75d9d33a114b62f42b822df5b3f3c93e60a4009415dace5c1d0,30662,origin/Hao_L;origin/WHQ_work;origin/YCwork;origin/docs/collaboration-framework;origin/feature/sq1-e1-handoff;origin/main,992e71aba3b26896335b52a3182cf01cfd542a9d;63d56b51cb74bca509b0fb7dc29d1d5997d3a1ae;71583f9c6fae635e78a9aa4f2cc8934128748bd9;c58acaa16f6d3bcaaefa7a392d670a14e2c94c00;98950b72f6b4a82a0117e4a258ca0b7875bd6bf9;92b8b78cd0752dc91fc96d40f18e5af0a09c953c,90,seed,1,229,0,observed_result_seed_column,per-seed export; may duplicate aggregate summary
D071,effective-social-input/results/paper-kf-extended-v3/full/seed-results/seed-230-summary.csv,ff2f48052bc6f5ba66d9cf4333a63bd4bd673bab,dc289db017f8bacfed717ae4a712dab0e58c0fc8b7e59a27fc6deb6fc9338e23,30719,origin/Hao_L;origin/WHQ_work;origin/YCwork;origin/docs/collaboration-framework;origin/feature/sq1-e1-handoff;origin/main,992e71aba3b26896335b52a3182cf01cfd542a9d;63d56b51cb74bca509b0fb7dc29d1d5997d3a1ae;71583f9c6fae635e78a9aa4f2cc8934128748bd9;c58acaa16f6d3bcaaefa7a392d670a14e2c94c00;98950b72f6b4a82a0117e4a258ca0b7875bd6bf9;92b8b78cd0752dc91fc96d40f18e5af0a09c953c,90,seed,1,230,0,observed_result_seed_column,per-seed export; may duplicate aggregate summary
D072,effective-social-input/results/paper-kf-extended-v3/full/summary.csv,62a305a815b675825a8c8ee26ef5f089db5f7f73,ea5cf5f91aa239954be86890bd0bb0f5513a0ca29d501ac093f74887edd4271f,904721,origin/Hao_L;origin/WHQ_work;origin/YCwork;origin/docs/collaboration-framework;origin/feature/sq1-e1-handoff;origin/main,992e71aba3b26896335b52a3182cf01cfd542a9d;63d56b51cb74bca509b0fb7dc29d1d5997d3a1ae;71583f9c6fae635e78a9aa4f2cc8934128748bd9;c58acaa16f6d3bcaaefa7a392d670a14e2c94c00;98950b72f6b4a82a0117e4a258ca0b7875bd6bf9;92b8b78cd0752dc91fc96d40f18e5af0a09c953c,2700,seed,30,201;202;203;204;205;206;207;208;209;210;211;212;213;214;215;216;217;218;219;220;221;222;223;224;225;226;227;228;229;230,0,observed_result_seed_column,may overlap other exports/analyses; do not sum as trials
D073,effective-social-input/results/paper-kf-extended-v3/smoke/group-summary.csv,5e52664f504c043a7ad68b61cf0762737e221b9e,f323f453fdf72d02d335f32e8be0996688f53c22eff7b3b2bfe519f0588d7f62,15107,origin/Hao_L;origin/WHQ_work;origin/YCwork;origin/docs/collaboration-framework;origin/feature/sq1-e1-handoff;origin/main,992e71aba3b26896335b52a3182cf01cfd542a9d;63d56b51cb74bca509b0fb7dc29d1d5997d3a1ae;71583f9c6fae635e78a9aa4f2cc8934128748bd9;c58acaa16f6d3bcaaefa7a392d670a14e2c94c00;98950b72f6b4a82a0117e4a258ca0b7875bd6bf9;92b8b78cd0752dc91fc96d40f18e5af0a09c953c,212,,0,,0,no_explicit_seed_column_not_cleared,may overlap other exports/analyses; do not sum as trials
D074,effective-social-input/results/paper-kf-extended-v3/smoke/seed-results/seed-201-summary.csv,3533fcea5725c95736c1ca4bdf0061dd96a1ff34,a44f029bcc8b14161f636ed1c013781e732adf52d28458097bb81120f9222b7e,7155,origin/Hao_L;origin/WHQ_work;origin/YCwork;origin/docs/collaboration-framework;origin/feature/sq1-e1-handoff;origin/main,992e71aba3b26896335b52a3182cf01cfd542a9d;63d56b51cb74bca509b0fb7dc29d1d5997d3a1ae;71583f9c6fae635e78a9aa4f2cc8934128748bd9;c58acaa16f6d3bcaaefa7a392d670a14e2c94c00;98950b72f6b4a82a0117e4a258ca0b7875bd6bf9;92b8b78cd0752dc91fc96d40f18e5af0a09c953c,20,seed,1,201,0,observed_result_seed_column,per-seed export; may duplicate aggregate summary
D075,effective-social-input/results/paper-kf-extended-v3/smoke/seed-results/seed-202-summary.csv,d083478278f39056d61ae2cb86ad7f8435974e17,4dd855d9555ea1db11beeca47df6d2ab2e7aef1d631cf7934d9e59f970f0bd5f,7139,origin/Hao_L;origin/WHQ_work;origin/YCwork;origin/docs/collaboration-framework;origin/feature/sq1-e1-handoff;origin/main,992e71aba3b26896335b52a3182cf01cfd542a9d;63d56b51cb74bca509b0fb7dc29d1d5997d3a1ae;71583f9c6fae635e78a9aa4f2cc8934128748bd9;c58acaa16f6d3bcaaefa7a392d670a14e2c94c00;98950b72f6b4a82a0117e4a258ca0b7875bd6bf9;92b8b78cd0752dc91fc96d40f18e5af0a09c953c,20,seed,1,202,0,observed_result_seed_column,per-seed export; may duplicate aggregate summary
D076,effective-social-input/results/paper-kf-extended-v3/smoke/summary.csv,3a7c6a808884c44b79f14982a1460ada69bf8724,e4e8c4f1448af20d61711a6288cbfd2f3ac1e83e2a4a0ab588ba2a8afb7c9e5c,13884,origin/Hao_L;origin/WHQ_work;origin/YCwork;origin/docs/collaboration-framework;origin/feature/sq1-e1-handoff;origin/main,992e71aba3b26896335b52a3182cf01cfd542a9d;63d56b51cb74bca509b0fb7dc29d1d5997d3a1ae;71583f9c6fae635e78a9aa4f2cc8934128748bd9;c58acaa16f6d3bcaaefa7a392d670a14e2c94c00;98950b72f6b4a82a0117e4a258ca0b7875bd6bf9;92b8b78cd0752dc91fc96d40f18e5af0a09c953c,40,seed,2,201;202,0,observed_result_seed_column,may overlap other exports/analyses; do not sum as trials
D077,effective-social-input/results/paper-kf-simulation/summary.csv,32b1c77c4fbb08e82b5cbff3da3b575bb6107c58,0a5f5c15b04e87c595ec1d0bff5f3d48d6153e9bb89e41bad68dc9fdcacbc66b,6927,origin/Hao_L;origin/WHQ_work;origin/YCwork;origin/docs/collaboration-framework;origin/feature/sq1-e1-handoff;origin/main,992e71aba3b26896335b52a3182cf01cfd542a9d;63d56b51cb74bca509b0fb7dc29d1d5997d3a1ae;71583f9c6fae635e78a9aa4f2cc8934128748bd9;c58acaa16f6d3bcaaefa7a392d670a14e2c94c00;98950b72f6b4a82a0117e4a258ca0b7875bd6bf9;92b8b78cd0752dc91fc96d40f18e5af0a09c953c,60,seed,5,101;102;103;104;105,0,observed_result_seed_column,may overlap other exports/analyses; do not sum as trials
D078,effective-social-input/results/persistence-endpoint-sensitivity/endpoint-sensitivity.csv,fdbe5df5bca591d4672d3e16ebe1c2450ba3cc8e,d3acea48a32be88c679e96f2412a5d86ca4ac1d19e6479e5bb322be3c025ec5d,3872,origin/Hao_L;origin/WHQ_work;origin/YCwork;origin/docs/collaboration-framework;origin/feature/sq1-e1-handoff;origin/main,992e71aba3b26896335b52a3182cf01cfd542a9d;63d56b51cb74bca509b0fb7dc29d1d5997d3a1ae;71583f9c6fae635e78a9aa4f2cc8934128748bd9;c58acaa16f6d3bcaaefa7a392d670a14e2c94c00;98950b72f6b4a82a0117e4a258ca0b7875bd6bf9;92b8b78cd0752dc91fc96d40f18e5af0a09c953c,40,seed,10,41;42;43;44;45;46;47;48;49;50,0,observed_result_seed_column,may overlap other exports/analyses; do not sum as trials
D079,effective-social-input/results/persistence-pilot/persistence-pilot.csv,1e316ba91b79d890e686e21cf44b4350bbd116df,681e49b4b7c2f47dfd7057a4cccb5048f36193efdc94f352a460f1837c5ca007,4074,origin/Hao_L;origin/WHQ_work;origin/YCwork;origin/docs/collaboration-framework;origin/feature/sq1-e1-handoff;origin/main,992e71aba3b26896335b52a3182cf01cfd542a9d;63d56b51cb74bca509b0fb7dc29d1d5997d3a1ae;71583f9c6fae635e78a9aa4f2cc8934128748bd9;c58acaa16f6d3bcaaefa7a392d670a14e2c94c00;98950b72f6b4a82a0117e4a258ca0b7875bd6bf9;92b8b78cd0752dc91fc96d40f18e5af0a09c953c,40,seed,10,1;2;3;4;5;6;7;8;9;10,0,observed_result_seed_column,may overlap other exports/analyses; do not sum as trials
D080,effective-social-input/results/persistence-validation/persistence-validation.csv,98f02ea7282e09db6ec942cfe57fc37f317f3938,442827f76bc7f43844f84b7dc640faa38ea5981538cc8a4d896cb06bf7417d3d,12159,origin/Hao_L;origin/WHQ_work;origin/YCwork;origin/docs/collaboration-framework;origin/feature/sq1-e1-handoff;origin/main,992e71aba3b26896335b52a3182cf01cfd542a9d;63d56b51cb74bca509b0fb7dc29d1d5997d3a1ae;71583f9c6fae635e78a9aa4f2cc8934128748bd9;c58acaa16f6d3bcaaefa7a392d670a14e2c94c00;98950b72f6b4a82a0117e4a258ca0b7875bd6bf9;92b8b78cd0752dc91fc96d40f18e5af0a09c953c,120,seed,30,11;12;13;14;15;16;17;18;19;20;21;22;23;24;25;26;27;28;29;30;31;32;33;34;35;36;37;38;39;40,0,observed_result_seed_column,may overlap other exports/analyses; do not sum as trials
D081,effective-social-input/results/sq1-local-v1/summary.csv,0e6abe2e95e5149c1f9777c3fb3d8e7768652456,7d1ca5d4da6e411fbfd1b2b48b2f4ffb41cef40ca3828740cf82fbc163a7db9f,1531,origin/Hao_L;origin/feature/sq1-e1-handoff,992e71aba3b26896335b52a3182cf01cfd542a9d;98950b72f6b4a82a0117e4a258ca0b7875bd6bf9,9,,0,,0,no_explicit_seed_column_not_cleared,may overlap other exports/analyses; do not sum as trials
D082,effective-social-input/results/thresholds.csv,7c99fd745c0ad2a89bbef8f64a5ff8acf686363a,ad395af834851729726cfa3f287716745010464cbe3d34ccde7e6cf1d668ca7c,289,origin/Hao_L;origin/WHQ_work;origin/YCwork;origin/docs/collaboration-framework;origin/feature/sq1-e1-handoff;origin/main,992e71aba3b26896335b52a3182cf01cfd542a9d;63d56b51cb74bca509b0fb7dc29d1d5997d3a1ae;71583f9c6fae635e78a9aa4f2cc8934128748bd9;c58acaa16f6d3bcaaefa7a392d670a14e2c94c00;98950b72f6b4a82a0117e4a258ca0b7875bd6bf9;92b8b78cd0752dc91fc96d40f18e5af0a09c953c,7,,0,,0,no_explicit_seed_column_not_cleared,may overlap other exports/analyses; do not sum as trials
D083,effective-social-input/results/time-series-validation-20260909/analysis-v2/groups.csv,822d5ffc8bb0808015f889ab0bb41fd4c0a9a592,9608e420942e1e04dbfb043c61927a635363e9f5f2bd205b3fa5fc2a10165584,2702,origin/Hao_L;origin/WHQ_work;origin/YCwork;origin/docs/collaboration-framework;origin/feature/sq1-e1-handoff;origin/main,992e71aba3b26896335b52a3182cf01cfd542a9d;63d56b51cb74bca509b0fb7dc29d1d5997d3a1ae;71583f9c6fae635e78a9aa4f2cc8934128748bd9;c58acaa16f6d3bcaaefa7a392d670a14e2c94c00;98950b72f6b4a82a0117e4a258ca0b7875bd6bf9;92b8b78cd0752dc91fc96d40f18e5af0a09c953c,42,,0,,0,no_explicit_seed_column_not_cleared,may overlap other exports/analyses; do not sum as trials
D084,effective-social-input/results/time-series-validation-20260909/analysis-v2/paired.csv,b486eb4a2181b0ef9e3e8c9328ccb65b073ccaf4,00908ee90baf221aa100647f72e6b6dc5288c5829b8636afe0758c14dd4a6537,3494,origin/Hao_L;origin/WHQ_work;origin/YCwork;origin/docs/collaboration-framework;origin/feature/sq1-e1-handoff;origin/main,992e71aba3b26896335b52a3182cf01cfd542a9d;63d56b51cb74bca509b0fb7dc29d1d5997d3a1ae;71583f9c6fae635e78a9aa4f2cc8934128748bd9;c58acaa16f6d3bcaaefa7a392d670a14e2c94c00;98950b72f6b4a82a0117e4a258ca0b7875bd6bf9;92b8b78cd0752dc91fc96d40f18e5af0a09c953c,56,,0,,0,no_explicit_seed_column_not_cleared,may overlap other exports/analyses; do not sum as trials
D085,effective-social-input/results/time-series-validation-20260909/analysis-v2/runs.csv,17a747c73b0613c5a1d5914fb73f115e6cf5cb99,a2668d3aa29548abb4fba6d29137012a53537db296bdccf4c57ac21b700f195c,14766,origin/Hao_L;origin/WHQ_work;origin/YCwork;origin/docs/collaboration-framework;origin/feature/sq1-e1-handoff;origin/main,992e71aba3b26896335b52a3182cf01cfd542a9d;63d56b51cb74bca509b0fb7dc29d1d5997d3a1ae;71583f9c6fae635e78a9aa4f2cc8934128748bd9;c58acaa16f6d3bcaaefa7a392d670a14e2c94c00;98950b72f6b4a82a0117e4a258ca0b7875bd6bf9;92b8b78cd0752dc91fc96d40f18e5af0a09c953c,180,seed,30,101;102;103;104;105;106;107;108;109;110;111;112;113;114;115;116;117;118;119;120;121;122;123;124;125;126;127;128;129;130,0,observed_result_seed_column,may overlap other exports/analyses; do not sum as trials
D086,effective-social-input/results/turn-occlusion-pilot-v1/full/seed-results/seed-201-summary.csv,ecd430bc2d783df74e8f4a2e4a6cb4af5655015e,2ef1956f56c67e1ca1ade99f2c2ff3d1474795d1e5c9e3da76e1b8098edaca7c,33526,origin/Hao_L;origin/WHQ_work;origin/YCwork;origin/docs/collaboration-framework;origin/feature/sq1-e1-handoff;origin/main,992e71aba3b26896335b52a3182cf01cfd542a9d;63d56b51cb74bca509b0fb7dc29d1d5997d3a1ae;71583f9c6fae635e78a9aa4f2cc8934128748bd9;c58acaa16f6d3bcaaefa7a392d670a14e2c94c00;98950b72f6b4a82a0117e4a258ca0b7875bd6bf9;92b8b78cd0752dc91fc96d40f18e5af0a09c953c,90,seed,1,201,0,observed_result_seed_column,per-seed export; may duplicate aggregate summary
D087,effective-social-input/results/turn-occlusion-pilot-v1/full/seed-results/seed-202-summary.csv,3ff536313df2107dd65b10291de6d1dbb8d15cf8,04f6d8c0ae161208e15cb89c36985f8f04b8f3794218a5d064307044bdf10302,32974,origin/Hao_L;origin/WHQ_work;origin/YCwork;origin/docs/collaboration-framework;origin/feature/sq1-e1-handoff;origin/main,992e71aba3b26896335b52a3182cf01cfd542a9d;63d56b51cb74bca509b0fb7dc29d1d5997d3a1ae;71583f9c6fae635e78a9aa4f2cc8934128748bd9;c58acaa16f6d3bcaaefa7a392d670a14e2c94c00;98950b72f6b4a82a0117e4a258ca0b7875bd6bf9;92b8b78cd0752dc91fc96d40f18e5af0a09c953c,90,seed,1,202,0,observed_result_seed_column,per-seed export; may duplicate aggregate summary
D088,effective-social-input/results/turn-occlusion-pilot-v1/full/seed-results/seed-203-summary.csv,ada52208afc5ccf8f80a81caf55c86cd7c5f483a,84aa33f7c70ce3145560ab0db9bd4c6a9a4d9f08a81925e52114eb1235c9ce4f,33273,origin/Hao_L;origin/WHQ_work;origin/YCwork;origin/docs/collaboration-framework;origin/feature/sq1-e1-handoff;origin/main,992e71aba3b26896335b52a3182cf01cfd542a9d;63d56b51cb74bca509b0fb7dc29d1d5997d3a1ae;71583f9c6fae635e78a9aa4f2cc8934128748bd9;c58acaa16f6d3bcaaefa7a392d670a14e2c94c00;98950b72f6b4a82a0117e4a258ca0b7875bd6bf9;92b8b78cd0752dc91fc96d40f18e5af0a09c953c,90,seed,1,203,0,observed_result_seed_column,per-seed export; may duplicate aggregate summary
D089,effective-social-input/results/turn-occlusion-pilot-v1/full/seed-results/seed-204-summary.csv,2caa3c9dcdc11d07847c7abd3104a4122f606461,61c8a7bba45eac9b93d69e42a4210ed5b9591e3017812655a880c8c0f9ab1ad0,33188,origin/Hao_L;origin/WHQ_work;origin/YCwork;origin/docs/collaboration-framework;origin/feature/sq1-e1-handoff;origin/main,992e71aba3b26896335b52a3182cf01cfd542a9d;63d56b51cb74bca509b0fb7dc29d1d5997d3a1ae;71583f9c6fae635e78a9aa4f2cc8934128748bd9;c58acaa16f6d3bcaaefa7a392d670a14e2c94c00;98950b72f6b4a82a0117e4a258ca0b7875bd6bf9;92b8b78cd0752dc91fc96d40f18e5af0a09c953c,90,seed,1,204,0,observed_result_seed_column,per-seed export; may duplicate aggregate summary
D090,effective-social-input/results/turn-occlusion-pilot-v1/full/seed-results/seed-205-summary.csv,50f79b6208ff8f28056ba8a1b4d43c61367c52f2,a721e1a3f91daa61c78b9e5ad7974903a5d19a3927b27c2e9252d4678674cd13,33008,origin/Hao_L;origin/WHQ_work;origin/YCwork;origin/docs/collaboration-framework;origin/feature/sq1-e1-handoff;origin/main,992e71aba3b26896335b52a3182cf01cfd542a9d;63d56b51cb74bca509b0fb7dc29d1d5997d3a1ae;71583f9c6fae635e78a9aa4f2cc8934128748bd9;c58acaa16f6d3bcaaefa7a392d670a14e2c94c00;98950b72f6b4a82a0117e4a258ca0b7875bd6bf9;92b8b78cd0752dc91fc96d40f18e5af0a09c953c,90,seed,1,205,0,observed_result_seed_column,per-seed export; may duplicate aggregate summary
D091,effective-social-input/results/turn-occlusion-pilot-v1/full/seed-results/seed-206-summary.csv,eec7a6e90c57a74932e47700af379db7eef67fbe,08184333061cdd2da43ca64d63aa02fde25181e1fa25f38f956859a698905cf8,33624,origin/Hao_L;origin/WHQ_work;origin/YCwork;origin/docs/collaboration-framework;origin/feature/sq1-e1-handoff;origin/main,992e71aba3b26896335b52a3182cf01cfd542a9d;63d56b51cb74bca509b0fb7dc29d1d5997d3a1ae;71583f9c6fae635e78a9aa4f2cc8934128748bd9;c58acaa16f6d3bcaaefa7a392d670a14e2c94c00;98950b72f6b4a82a0117e4a258ca0b7875bd6bf9;92b8b78cd0752dc91fc96d40f18e5af0a09c953c,90,seed,1,206,0,observed_result_seed_column,per-seed export; may duplicate aggregate summary
D092,effective-social-input/results/turn-occlusion-pilot-v1/full/seed-results/seed-207-summary.csv,43aec2397f5d928b899dc7979223593ea61ad1cc,68fd104999f8001f5876b031bf6b14f0f7d5b091377496ee7025f999d1beb8de,33449,origin/Hao_L;origin/WHQ_work;origin/YCwork;origin/docs/collaboration-framework;origin/feature/sq1-e1-handoff;origin/main,992e71aba3b26896335b52a3182cf01cfd542a9d;63d56b51cb74bca509b0fb7dc29d1d5997d3a1ae;71583f9c6fae635e78a9aa4f2cc8934128748bd9;c58acaa16f6d3bcaaefa7a392d670a14e2c94c00;98950b72f6b4a82a0117e4a258ca0b7875bd6bf9;92b8b78cd0752dc91fc96d40f18e5af0a09c953c,90,seed,1,207,0,observed_result_seed_column,per-seed export; may duplicate aggregate summary
D093,effective-social-input/results/turn-occlusion-pilot-v1/full/seed-results/seed-208-summary.csv,756600b1ef2d8030c03661e657f5eafd3a037ee6,4bb195c99cd1a8b944910635fb4fd59ba6b195e285e7be418b181d96555a8d00,33415,origin/Hao_L;origin/WHQ_work;origin/YCwork;origin/docs/collaboration-framework;origin/feature/sq1-e1-handoff;origin/main,992e71aba3b26896335b52a3182cf01cfd542a9d;63d56b51cb74bca509b0fb7dc29d1d5997d3a1ae;71583f9c6fae635e78a9aa4f2cc8934128748bd9;c58acaa16f6d3bcaaefa7a392d670a14e2c94c00;98950b72f6b4a82a0117e4a258ca0b7875bd6bf9;92b8b78cd0752dc91fc96d40f18e5af0a09c953c,90,seed,1,208,0,observed_result_seed_column,per-seed export; may duplicate aggregate summary
D094,effective-social-input/results/turn-occlusion-pilot-v1/full/seed-results/seed-209-summary.csv,43e0ed58135ad9ddae117ad4609c268f032fbfb0,4fd79d6c786ef9be15b9aa540501454b3a157c8be7bb697a85f55a8b7744cc48,33337,origin/Hao_L;origin/WHQ_work;origin/YCwork;origin/docs/collaboration-framework;origin/feature/sq1-e1-handoff;origin/main,992e71aba3b26896335b52a3182cf01cfd542a9d;63d56b51cb74bca509b0fb7dc29d1d5997d3a1ae;71583f9c6fae635e78a9aa4f2cc8934128748bd9;c58acaa16f6d3bcaaefa7a392d670a14e2c94c00;98950b72f6b4a82a0117e4a258ca0b7875bd6bf9;92b8b78cd0752dc91fc96d40f18e5af0a09c953c,90,seed,1,209,0,observed_result_seed_column,per-seed export; may duplicate aggregate summary
D095,effective-social-input/results/turn-occlusion-pilot-v1/full/seed-results/seed-210-summary.csv,e7b378b06cca2026aa34ce7e218f480c31f80f89,da44dc042ff990aada00abd7799ee3cfeead24f5fd9f96b0853795a0dc5dff93,33000,origin/Hao_L;origin/WHQ_work;origin/YCwork;origin/docs/collaboration-framework;origin/feature/sq1-e1-handoff;origin/main,992e71aba3b26896335b52a3182cf01cfd542a9d;63d56b51cb74bca509b0fb7dc29d1d5997d3a1ae;71583f9c6fae635e78a9aa4f2cc8934128748bd9;c58acaa16f6d3bcaaefa7a392d670a14e2c94c00;98950b72f6b4a82a0117e4a258ca0b7875bd6bf9;92b8b78cd0752dc91fc96d40f18e5af0a09c953c,90,seed,1,210,0,observed_result_seed_column,per-seed export; may duplicate aggregate summary
D096,effective-social-input/results/turn-occlusion-pilot-v1/full/seed-results/seed-211-summary.csv,e7537067a9d851b070bce4d5a70436d3c23e3c0c,629166c19fd88db44bd5024351421ed2a5f039a6bd54329417ee585d8230b480,33305,origin/Hao_L;origin/WHQ_work;origin/YCwork;origin/docs/collaboration-framework;origin/feature/sq1-e1-handoff;origin/main,992e71aba3b26896335b52a3182cf01cfd542a9d;63d56b51cb74bca509b0fb7dc29d1d5997d3a1ae;71583f9c6fae635e78a9aa4f2cc8934128748bd9;c58acaa16f6d3bcaaefa7a392d670a14e2c94c00;98950b72f6b4a82a0117e4a258ca0b7875bd6bf9;92b8b78cd0752dc91fc96d40f18e5af0a09c953c,90,seed,1,211,0,observed_result_seed_column,per-seed export; may duplicate aggregate summary
D097,effective-social-input/results/turn-occlusion-pilot-v1/full/seed-results/seed-212-summary.csv,f490d02c305b405da902e3b8107945f2d22c87c7,b8ba3341d59022ab0c9049881673d5054f3006ddced97f18a760ab1669d67df0,33011,origin/Hao_L;origin/WHQ_work;origin/YCwork;origin/docs/collaboration-framework;origin/feature/sq1-e1-handoff;origin/main,992e71aba3b26896335b52a3182cf01cfd542a9d;63d56b51cb74bca509b0fb7dc29d1d5997d3a1ae;71583f9c6fae635e78a9aa4f2cc8934128748bd9;c58acaa16f6d3bcaaefa7a392d670a14e2c94c00;98950b72f6b4a82a0117e4a258ca0b7875bd6bf9;92b8b78cd0752dc91fc96d40f18e5af0a09c953c,90,seed,1,212,0,observed_result_seed_column,per-seed export; may duplicate aggregate summary
D098,effective-social-input/results/turn-occlusion-pilot-v1/full/seed-results/seed-213-summary.csv,c54bc7c5f9fa95d84037b2fe5ebbc9dd217bd706,07002a2c0c18f1d39e492c8bd5ead153e1f8fb7ba65ed41d4c94c72c4dcabf00,32979,origin/Hao_L;origin/WHQ_work;origin/YCwork;origin/docs/collaboration-framework;origin/feature/sq1-e1-handoff;origin/main,992e71aba3b26896335b52a3182cf01cfd542a9d;63d56b51cb74bca509b0fb7dc29d1d5997d3a1ae;71583f9c6fae635e78a9aa4f2cc8934128748bd9;c58acaa16f6d3bcaaefa7a392d670a14e2c94c00;98950b72f6b4a82a0117e4a258ca0b7875bd6bf9;92b8b78cd0752dc91fc96d40f18e5af0a09c953c,90,seed,1,213,0,observed_result_seed_column,per-seed export; may duplicate aggregate summary
D099,effective-social-input/results/turn-occlusion-pilot-v1/full/seed-results/seed-214-summary.csv,ceceb97c2b8bfd49ba621249028562e0869e7cd9,81b63ee9e7e9cbb5f9c25e6863f16c5167db7dacd625ffab0c4d987d22285183,33385,origin/Hao_L;origin/WHQ_work;origin/YCwork;origin/docs/collaboration-framework;origin/feature/sq1-e1-handoff;origin/main,992e71aba3b26896335b52a3182cf01cfd542a9d;63d56b51cb74bca509b0fb7dc29d1d5997d3a1ae;71583f9c6fae635e78a9aa4f2cc8934128748bd9;c58acaa16f6d3bcaaefa7a392d670a14e2c94c00;98950b72f6b4a82a0117e4a258ca0b7875bd6bf9;92b8b78cd0752dc91fc96d40f18e5af0a09c953c,90,seed,1,214,0,observed_result_seed_column,per-seed export; may duplicate aggregate summary
D100,effective-social-input/results/turn-occlusion-pilot-v1/full/seed-results/seed-215-summary.csv,807a512abed07f489fff1e37698093a3fe9c30f8,1acedd29bbba9a1dc493da79dbb3acebf85b27b77b4e593f05cbdadc0c31aeef,33557,origin/Hao_L;origin/WHQ_work;origin/YCwork;origin/docs/collaboration-framework;origin/feature/sq1-e1-handoff;origin/main,992e71aba3b26896335b52a3182cf01cfd542a9d;63d56b51cb74bca509b0fb7dc29d1d5997d3a1ae;71583f9c6fae635e78a9aa4f2cc8934128748bd9;c58acaa16f6d3bcaaefa7a392d670a14e2c94c00;98950b72f6b4a82a0117e4a258ca0b7875bd6bf9;92b8b78cd0752dc91fc96d40f18e5af0a09c953c,90,seed,1,215,0,observed_result_seed_column,per-seed export; may duplicate aggregate summary
D101,effective-social-input/results/turn-occlusion-pilot-v1/full/seed-results/seed-216-summary.csv,4f01f1623826f7cdb0f9b0e5f29ad39e16b66009,894afd1ef06859c05bbfed2c98328414c19c4b8763d50e205bfe7bfeb8e34b9b,32934,origin/Hao_L;origin/WHQ_work;origin/YCwork;origin/docs/collaboration-framework;origin/feature/sq1-e1-handoff;origin/main,992e71aba3b26896335b52a3182cf01cfd542a9d;63d56b51cb74bca509b0fb7dc29d1d5997d3a1ae;71583f9c6fae635e78a9aa4f2cc8934128748bd9;c58acaa16f6d3bcaaefa7a392d670a14e2c94c00;98950b72f6b4a82a0117e4a258ca0b7875bd6bf9;92b8b78cd0752dc91fc96d40f18e5af0a09c953c,90,seed,1,216,0,observed_result_seed_column,per-seed export; may duplicate aggregate summary
D102,effective-social-input/results/turn-occlusion-pilot-v1/full/seed-results/seed-217-summary.csv,ef16f6eee655c8543e22fe4ae313190801536d3d,3ef4d62a7037bb3740b0df6c40e994c5a0439390389cd1be6a58ab99cb125e15,33432,origin/Hao_L;origin/WHQ_work;origin/YCwork;origin/docs/collaboration-framework;origin/feature/sq1-e1-handoff;origin/main,992e71aba3b26896335b52a3182cf01cfd542a9d;63d56b51cb74bca509b0fb7dc29d1d5997d3a1ae;71583f9c6fae635e78a9aa4f2cc8934128748bd9;c58acaa16f6d3bcaaefa7a392d670a14e2c94c00;98950b72f6b4a82a0117e4a258ca0b7875bd6bf9;92b8b78cd0752dc91fc96d40f18e5af0a09c953c,90,seed,1,217,0,observed_result_seed_column,per-seed export; may duplicate aggregate summary
D103,effective-social-input/results/turn-occlusion-pilot-v1/full/seed-results/seed-218-summary.csv,65947618600a61492ace6307f6febde883358014,45a8897b6daaafea185bb0952fc2985e8bb8fd13005d3d049c17fa0ea99459c8,33036,origin/Hao_L;origin/WHQ_work;origin/YCwork;origin/docs/collaboration-framework;origin/feature/sq1-e1-handoff;origin/main,992e71aba3b26896335b52a3182cf01cfd542a9d;63d56b51cb74bca509b0fb7dc29d1d5997d3a1ae;71583f9c6fae635e78a9aa4f2cc8934128748bd9;c58acaa16f6d3bcaaefa7a392d670a14e2c94c00;98950b72f6b4a82a0117e4a258ca0b7875bd6bf9;92b8b78cd0752dc91fc96d40f18e5af0a09c953c,90,seed,1,218,0,observed_result_seed_column,per-seed export; may duplicate aggregate summary
D104,effective-social-input/results/turn-occlusion-pilot-v1/full/seed-results/seed-219-summary.csv,2c586f560355c2ea573018031d7f3b31f5e54867,67cbc1ce78774444e97c67fca39294a1c4ef9994f92d92411c2849cebcbe1315,33283,origin/Hao_L;origin/WHQ_work;origin/YCwork;origin/docs/collaboration-framework;origin/feature/sq1-e1-handoff;origin/main,992e71aba3b26896335b52a3182cf01cfd542a9d;63d56b51cb74bca509b0fb7dc29d1d5997d3a1ae;71583f9c6fae635e78a9aa4f2cc8934128748bd9;c58acaa16f6d3bcaaefa7a392d670a14e2c94c00;98950b72f6b4a82a0117e4a258ca0b7875bd6bf9;92b8b78cd0752dc91fc96d40f18e5af0a09c953c,90,seed,1,219,0,observed_result_seed_column,per-seed export; may duplicate aggregate summary
D105,effective-social-input/results/turn-occlusion-pilot-v1/full/seed-results/seed-220-summary.csv,2f2f1779a6c568b8efb88a599d3429753163b17a,9317a29635cd903b4c9575703ec5fd4a220e271fd7825c6ffedb789aa72aea6d,33367,origin/Hao_L;origin/WHQ_work;origin/YCwork;origin/docs/collaboration-framework;origin/feature/sq1-e1-handoff;origin/main,992e71aba3b26896335b52a3182cf01cfd542a9d;63d56b51cb74bca509b0fb7dc29d1d5997d3a1ae;71583f9c6fae635e78a9aa4f2cc8934128748bd9;c58acaa16f6d3bcaaefa7a392d670a14e2c94c00;98950b72f6b4a82a0117e4a258ca0b7875bd6bf9;92b8b78cd0752dc91fc96d40f18e5af0a09c953c,90,seed,1,220,0,observed_result_seed_column,per-seed export; may duplicate aggregate summary
D106,effective-social-input/results/turn-occlusion-pilot-v1/full/seed-results/seed-221-summary.csv,0273e9dabe72ce6b8de500f486c9940fc2fbe96e,7aa3b1d29446313d0daedba7a9479dc09e5d4e18a90f0a925ebcb024e4756bbd,33421,origin/Hao_L;origin/WHQ_work;origin/YCwork;origin/docs/collaboration-framework;origin/feature/sq1-e1-handoff;origin/main,992e71aba3b26896335b52a3182cf01cfd542a9d;63d56b51cb74bca509b0fb7dc29d1d5997d3a1ae;71583f9c6fae635e78a9aa4f2cc8934128748bd9;c58acaa16f6d3bcaaefa7a392d670a14e2c94c00;98950b72f6b4a82a0117e4a258ca0b7875bd6bf9;92b8b78cd0752dc91fc96d40f18e5af0a09c953c,90,seed,1,221,0,observed_result_seed_column,per-seed export; may duplicate aggregate summary
D107,effective-social-input/results/turn-occlusion-pilot-v1/full/seed-results/seed-222-summary.csv,b030e2cda4600b7207e292247866ee8050a1c3a7,1b126474140fb55d74e9b6448928f2776a563e54d268ae35930bddca44c259c4,33474,origin/Hao_L;origin/WHQ_work;origin/YCwork;origin/docs/collaboration-framework;origin/feature/sq1-e1-handoff;origin/main,992e71aba3b26896335b52a3182cf01cfd542a9d;63d56b51cb74bca509b0fb7dc29d1d5997d3a1ae;71583f9c6fae635e78a9aa4f2cc8934128748bd9;c58acaa16f6d3bcaaefa7a392d670a14e2c94c00;98950b72f6b4a82a0117e4a258ca0b7875bd6bf9;92b8b78cd0752dc91fc96d40f18e5af0a09c953c,90,seed,1,222,0,observed_result_seed_column,per-seed export; may duplicate aggregate summary
D108,effective-social-input/results/turn-occlusion-pilot-v1/full/seed-results/seed-223-summary.csv,f72360606d3b90ac812e6e78e24bf3db16d8f880,ee90c7bbd7c2534605b0d5ee5b46de8f36ac89bc435f3475b878b76b0718361f,33195,origin/Hao_L;origin/WHQ_work;origin/YCwork;origin/docs/collaboration-framework;origin/feature/sq1-e1-handoff;origin/main,992e71aba3b26896335b52a3182cf01cfd542a9d;63d56b51cb74bca509b0fb7dc29d1d5997d3a1ae;71583f9c6fae635e78a9aa4f2cc8934128748bd9;c58acaa16f6d3bcaaefa7a392d670a14e2c94c00;98950b72f6b4a82a0117e4a258ca0b7875bd6bf9;92b8b78cd0752dc91fc96d40f18e5af0a09c953c,90,seed,1,223,0,observed_result_seed_column,per-seed export; may duplicate aggregate summary
D109,effective-social-input/results/turn-occlusion-pilot-v1/full/seed-results/seed-224-summary.csv,185b4140148db30b9ec3ab3e115c9c728ce911dc,c38ab80e6ac23844862e63062a4adf6712607550226c6e3747d6232d5583e814,33598,origin/Hao_L;origin/WHQ_work;origin/YCwork;origin/docs/collaboration-framework;origin/feature/sq1-e1-handoff;origin/main,992e71aba3b26896335b52a3182cf01cfd542a9d;63d56b51cb74bca509b0fb7dc29d1d5997d3a1ae;71583f9c6fae635e78a9aa4f2cc8934128748bd9;c58acaa16f6d3bcaaefa7a392d670a14e2c94c00;98950b72f6b4a82a0117e4a258ca0b7875bd6bf9;92b8b78cd0752dc91fc96d40f18e5af0a09c953c,90,seed,1,224,0,observed_result_seed_column,per-seed export; may duplicate aggregate summary
D110,effective-social-input/results/turn-occlusion-pilot-v1/full/seed-results/seed-225-summary.csv,c0a20c34bc18dc1b8cab4b37a264040076a07847,59cb8a6f1e87364fdb63a2a6643330a46caec00ea1bb0134f341fb244d50db9a,33389,origin/Hao_L;origin/WHQ_work;origin/YCwork;origin/docs/collaboration-framework;origin/feature/sq1-e1-handoff;origin/main,992e71aba3b26896335b52a3182cf01cfd542a9d;63d56b51cb74bca509b0fb7dc29d1d5997d3a1ae;71583f9c6fae635e78a9aa4f2cc8934128748bd9;c58acaa16f6d3bcaaefa7a392d670a14e2c94c00;98950b72f6b4a82a0117e4a258ca0b7875bd6bf9;92b8b78cd0752dc91fc96d40f18e5af0a09c953c,90,seed,1,225,0,observed_result_seed_column,per-seed export; may duplicate aggregate summary
D111,effective-social-input/results/turn-occlusion-pilot-v1/full/seed-results/seed-226-summary.csv,beda8de9779c10040f2c078713c204dacbae30b3,ce6c3535f8ebcac0ff54a1557a133728f3d752d67c78679540426de3511d2a5d,33355,origin/Hao_L;origin/WHQ_work;origin/YCwork;origin/docs/collaboration-framework;origin/feature/sq1-e1-handoff;origin/main,992e71aba3b26896335b52a3182cf01cfd542a9d;63d56b51cb74bca509b0fb7dc29d1d5997d3a1ae;71583f9c6fae635e78a9aa4f2cc8934128748bd9;c58acaa16f6d3bcaaefa7a392d670a14e2c94c00;98950b72f6b4a82a0117e4a258ca0b7875bd6bf9;92b8b78cd0752dc91fc96d40f18e5af0a09c953c,90,seed,1,226,0,observed_result_seed_column,per-seed export; may duplicate aggregate summary
D112,effective-social-input/results/turn-occlusion-pilot-v1/full/seed-results/seed-227-summary.csv,a9883420f765f9383f2ebefd3f82edd281aee6cf,67057fd46dfc6915968d7dbe289d59a0e7341136eb1c8a0209fafb65af6b4fea,33269,origin/Hao_L;origin/WHQ_work;origin/YCwork;origin/docs/collaboration-framework;origin/feature/sq1-e1-handoff;origin/main,992e71aba3b26896335b52a3182cf01cfd542a9d;63d56b51cb74bca509b0fb7dc29d1d5997d3a1ae;71583f9c6fae635e78a9aa4f2cc8934128748bd9;c58acaa16f6d3bcaaefa7a392d670a14e2c94c00;98950b72f6b4a82a0117e4a258ca0b7875bd6bf9;92b8b78cd0752dc91fc96d40f18e5af0a09c953c,90,seed,1,227,0,observed_result_seed_column,per-seed export; may duplicate aggregate summary
D113,effective-social-input/results/turn-occlusion-pilot-v1/full/seed-results/seed-228-summary.csv,2f6b9927145b53c33546e80add411c979feb7643,554bf73bca2d288c2ba6d646d0b15908618099a8d4bc050c414b93ab2e7896b7,33278,origin/Hao_L;origin/WHQ_work;origin/YCwork;origin/docs/collaboration-framework;origin/feature/sq1-e1-handoff;origin/main,992e71aba3b26896335b52a3182cf01cfd542a9d;63d56b51cb74bca509b0fb7dc29d1d5997d3a1ae;71583f9c6fae635e78a9aa4f2cc8934128748bd9;c58acaa16f6d3bcaaefa7a392d670a14e2c94c00;98950b72f6b4a82a0117e4a258ca0b7875bd6bf9;92b8b78cd0752dc91fc96d40f18e5af0a09c953c,90,seed,1,228,0,observed_result_seed_column,per-seed export; may duplicate aggregate summary
D114,effective-social-input/results/turn-occlusion-pilot-v1/full/seed-results/seed-229-summary.csv,27b421d3277dab4c11d4f7362e3f5bb0c637bcfc,cdf05660e0aba992f537375b798a0d296a9e54875496691da5afcfa96b56ad49,33028,origin/Hao_L;origin/WHQ_work;origin/YCwork;origin/docs/collaboration-framework;origin/feature/sq1-e1-handoff;origin/main,992e71aba3b26896335b52a3182cf01cfd542a9d;63d56b51cb74bca509b0fb7dc29d1d5997d3a1ae;71583f9c6fae635e78a9aa4f2cc8934128748bd9;c58acaa16f6d3bcaaefa7a392d670a14e2c94c00;98950b72f6b4a82a0117e4a258ca0b7875bd6bf9;92b8b78cd0752dc91fc96d40f18e5af0a09c953c,90,seed,1,229,0,observed_result_seed_column,per-seed export; may duplicate aggregate summary
D115,effective-social-input/results/turn-occlusion-pilot-v1/full/seed-results/seed-230-summary.csv,e8e27fe3bf620078b500a05519988c856cf23bea,225bd6104f1dfceffc6b79b1fb10f2ad5d589ec453ddadad533d463f6d568d78,32970,origin/Hao_L;origin/WHQ_work;origin/YCwork;origin/docs/collaboration-framework;origin/feature/sq1-e1-handoff;origin/main,992e71aba3b26896335b52a3182cf01cfd542a9d;63d56b51cb74bca509b0fb7dc29d1d5997d3a1ae;71583f9c6fae635e78a9aa4f2cc8934128748bd9;c58acaa16f6d3bcaaefa7a392d670a14e2c94c00;98950b72f6b4a82a0117e4a258ca0b7875bd6bf9;92b8b78cd0752dc91fc96d40f18e5af0a09c953c,90,seed,1,230,0,observed_result_seed_column,per-seed export; may duplicate aggregate summary
D116,effective-social-input/results/turn-occlusion-pilot-v1/full/summary.csv,fa13140149c038327476d9df83d3636c1f637214,4ed5b2df87763d9b46fcca116387c519eafe2c4b15ade4225ed6d43ea32fa7cf,984546,origin/Hao_L;origin/WHQ_work;origin/YCwork;origin/docs/collaboration-framework;origin/feature/sq1-e1-handoff;origin/main,992e71aba3b26896335b52a3182cf01cfd542a9d;63d56b51cb74bca509b0fb7dc29d1d5997d3a1ae;71583f9c6fae635e78a9aa4f2cc8934128748bd9;c58acaa16f6d3bcaaefa7a392d670a14e2c94c00;98950b72f6b4a82a0117e4a258ca0b7875bd6bf9;92b8b78cd0752dc91fc96d40f18e5af0a09c953c,2700,seed,30,201;202;203;204;205;206;207;208;209;210;211;212;213;214;215;216;217;218;219;220;221;222;223;224;225;226;227;228;229;230,0,observed_result_seed_column,may overlap other exports/analyses; do not sum as trials
D117,effective-social-input/results/turn-occlusion-pilot-v1/pilot/seed-results/seed-201-summary.csv,a151a2598aff9e2c74cc96db5b07e59b6d21dc6b,a83069ed716875f9542f3bfcbb965e91d9bfa6aa13eb2c0441012fdd30cbd90f,28132,origin/Hao_L;origin/WHQ_work;origin/YCwork;origin/docs/collaboration-framework;origin/feature/sq1-e1-handoff;origin/main,992e71aba3b26896335b52a3182cf01cfd542a9d;63d56b51cb74bca509b0fb7dc29d1d5997d3a1ae;71583f9c6fae635e78a9aa4f2cc8934128748bd9;c58acaa16f6d3bcaaefa7a392d670a14e2c94c00;98950b72f6b4a82a0117e4a258ca0b7875bd6bf9;92b8b78cd0752dc91fc96d40f18e5af0a09c953c,75,seed,1,201,0,observed_result_seed_column,per-seed export; may duplicate aggregate summary
D118,effective-social-input/results/turn-occlusion-pilot-v1/pilot/seed-results/seed-202-summary.csv,3e8f3411d87c1b85a55bae1ba2415b8e6208f86f,b31aefea12b562390ac6775ef97bb1e3e687157c93d020d882ce05e642a4b767,27680,origin/Hao_L;origin/WHQ_work;origin/YCwork;origin/docs/collaboration-framework;origin/feature/sq1-e1-handoff;origin/main,992e71aba3b26896335b52a3182cf01cfd542a9d;63d56b51cb74bca509b0fb7dc29d1d5997d3a1ae;71583f9c6fae635e78a9aa4f2cc8934128748bd9;c58acaa16f6d3bcaaefa7a392d670a14e2c94c00;98950b72f6b4a82a0117e4a258ca0b7875bd6bf9;92b8b78cd0752dc91fc96d40f18e5af0a09c953c,75,seed,1,202,0,observed_result_seed_column,per-seed export; may duplicate aggregate summary
D119,effective-social-input/results/turn-occlusion-pilot-v1/smoke/seed-results/seed-201-summary.csv,79d205e8e9b15e76be02bc0cbce918a0c2023a0f,15453a537734d8dc1ce9f5ff8ee56e82342bff42afbbac132780233f69a2a107,4193,origin/Hao_L;origin/WHQ_work;origin/YCwork;origin/docs/collaboration-framework;origin/feature/sq1-e1-handoff;origin/main,992e71aba3b26896335b52a3182cf01cfd542a9d;63d56b51cb74bca509b0fb7dc29d1d5997d3a1ae;71583f9c6fae635e78a9aa4f2cc8934128748bd9;c58acaa16f6d3bcaaefa7a392d670a14e2c94c00;98950b72f6b4a82a0117e4a258ca0b7875bd6bf9;92b8b78cd0752dc91fc96d40f18e5af0a09c953c,10,seed,1,201,0,observed_result_seed_column,per-seed export; may duplicate aggregate summary
D120,effective-social-input/results/turn-occlusion-pilot-v1/smoke/seed-results/seed-202-summary.csv,c620a60129c641aac3f5369af4cea8dbf7ad5e7d,240a18ba5c26e1ea2cfd47a4a420604abf28bc4d454bf56bf041fafff4186ee7,4128,origin/Hao_L;origin/WHQ_work;origin/YCwork;origin/docs/collaboration-framework;origin/feature/sq1-e1-handoff;origin/main,992e71aba3b26896335b52a3182cf01cfd542a9d;63d56b51cb74bca509b0fb7dc29d1d5997d3a1ae;71583f9c6fae635e78a9aa4f2cc8934128748bd9;c58acaa16f6d3bcaaefa7a392d670a14e2c94c00;98950b72f6b4a82a0117e4a258ca0b7875bd6bf9;92b8b78cd0752dc91fc96d40f18e5af0a09c953c,10,seed,1,202,0,observed_result_seed_column,per-seed export; may duplicate aggregate summary
D121,effective-social-input/results/turn-occlusion-pilot-v1/smoke/summary.csv,e7d2762058c4d99ada5c378e5b2354a543cb6e75,13246bf38cb5165d58017b0960461fc976934e0f1a7140a0d556338dbb912c76,7855,origin/Hao_L;origin/WHQ_work;origin/YCwork;origin/docs/collaboration-framework;origin/feature/sq1-e1-handoff;origin/main,992e71aba3b26896335b52a3182cf01cfd542a9d;63d56b51cb74bca509b0fb7dc29d1d5997d3a1ae;71583f9c6fae635e78a9aa4f2cc8934128748bd9;c58acaa16f6d3bcaaefa7a392d670a14e2c94c00;98950b72f6b4a82a0117e4a258ca0b7875bd6bf9;92b8b78cd0752dc91fc96d40f18e5af0a09c953c,20,seed,2,201;202,0,observed_result_seed_column,may overlap other exports/analyses; do not sum as trials
D122,effective-social-input/run_B_E2/run_B_E2_results/B_E2_grouped_summary.csv,339c8503bd6e273232d30049ff059df0ca8991e8,a8d3e9f828694c88c52c7f9c3b553ed09339666b095be35c64328c188f033351,17456,origin/WHQ_work,63d56b51cb74bca509b0fb7dc29d1d5997d3a1ae,24,,0,,0,no_explicit_seed_column_not_cleared,may overlap other exports/analyses; do not sum as trials
D123,effective-social-input/run_B_E2/run_B_E2_results/B_E2_runs.csv,f35f55ee262f9ca9138437faea14faceeaeea765,5f6d5588f6313673de4d4b5de5c21f2eef0c0c55176d6e722ff52be8beee7b64,125715,origin/WHQ_work,63d56b51cb74bca509b0fb7dc29d1d5997d3a1ae,480,seed,20,1;2;3;4;5;6;7;8;9;10;11;12;13;14;15;16;17;18;19;20,0,observed_result_seed_column,may overlap other exports/analyses; do not sum as trials
