seed,status,source_file_count,dataset_ids,eligibility,independence_note
1,already_observed_not_fresh,8,D015;D016;D017;D018;D019;D020;D079;D123,do not designate as new held-out seed; reuse for development with disclosure,same numeric seed across different configurations is not automatically identical trajectory or independent replication
2,already_observed_not_fresh,8,D015;D016;D017;D018;D019;D020;D079;D123,do not designate as new held-out seed; reuse for development with disclosure,same numeric seed across different configurations is not automatically identical trajectory or independent replication
3,already_observed_not_fresh,8,D015;D016;D017;D018;D019;D020;D079;D123,do not designate as new held-out seed; reuse for development with disclosure,same numeric seed across different configurations is not automatically identical trajectory or independent replication
4,already_observed_not_fresh,7,D015;D016;D017;D018;D019;D079;D123,do not designate as new held-out seed; reuse for development with disclosure,same numeric seed across different configurations is not automatically identical trajectory or independent replication
5,already_observed_not_fresh,7,D015;D016;D017;D018;D019;D079;D123,do not designate as new held-out seed; reuse for development with disclosure,same numeric seed across different configurations is not automatically identical trajectory or independent replication
6,already_observed_not_fresh,7,D015;D016;D017;D018;D019;D079;D123,do not designate as new held-out seed; reuse for development with disclosure,same numeric seed across different configurations is not automatically identical trajectory or independent replication
7,already_observed_not_fresh,7,D015;D016;D017;D018;D019;D079;D123,do not designate as new held-out seed; reuse for development with disclosure,same numeric seed across different configurations is not automatically identical trajectory or independent replication
8,already_observed_not_fresh,7,D015;D016;D017;D018;D019;D079;D123,do not designate as new held-out seed; reuse for development with disclosure,same numeric seed across different configurations is not automatically identical trajectory or independent replication
9,already_observed_not_fresh,7,D015;D016;D017;D018;D019;D079;D123,do not designate as new held-out seed; reuse for development with disclosure,same numeric seed across different configurations is not automatically identical trajectory or independent replication
10,already_observed_not_fresh,7,D015;D016;D017;D018;D019;D079;D123,do not designate as new held-out seed; reuse for development with disclosure,same numeric seed across different configurations is not automatically identical trajectory or independent replication
11,already_observed_not_fresh,4,D016;D017;D080;D123,do not designate as new held-out seed; reuse for development with disclosure,same numeric seed across different configurations is not automatically identical trajectory or independent replication
12,already_observed_not_fresh,4,D016;D017;D080;D123,do not designate as new held-out seed; reuse for development with disclosure,same numeric seed across different configurations is not automatically identical trajectory or independent replication
13,already_observed_not_fresh,4,D016;D017;D080;D123,do not designate as new held-out seed; reuse for development with disclosure,same numeric seed across different configurations is not automatically identical trajectory or independent replication
14,already_observed_not_fresh,4,D016;D017;D080;D123,do not designate as new held-out seed; reuse for development with disclosure,same numeric seed across different configurations is not automatically identical trajectory or independent replication
15,already_observed_not_fresh,4,D016;D017;D080;D123,do not designate as new held-out seed; reuse for development with disclosure,same numeric seed across different configurations is not automatically identical trajectory or independent replication
16,already_observed_not_fresh,4,D016;D017;D080;D123,do not designate as new held-out seed; reuse for development with disclosure,same numeric seed across different configurations is not automatically identical trajectory or independent replication
17,already_observed_not_fresh,4,D016;D017;D080;D123,do not designate as new held-out seed; reuse for development with disclosure,same numeric seed across different configurations is not automatically identical trajectory or independent replication
18,already_observed_not_fresh,4,D016;D017;D080;D123,do not designate as new held-out seed; reuse for development with disclosure,same numeric seed across different configurations is not automatically identical trajectory or independent replication
19,already_observed_not_fresh,4,D016;D017;D080;D123,do not designate as new held-out seed; reuse for development with disclosure,same numeric seed across different configurations is not automatically identical trajectory or independent replication
20,already_observed_not_fresh,4,D016;D017;D080;D123,do not designate as new held-out seed; reuse for development with disclosure,same numeric seed across different configurations is not automatically identical trajectory or independent replication
21,already_observed_not_fresh,3,D016;D017;D080,do not designate as new held-out seed; reuse for development with disclosure,same numeric seed across different configurations is not automatically identical trajectory or independent replication
22,already_observed_not_fresh,3,D016;D017;D080,do not designate as new held-out seed; reuse for development with disclosure,same numeric seed across different configurations is not automatically identical trajectory or independent replication
23,already_observed_not_fresh,3,D016;D017;D080,do not designate as new held-out seed; reuse for development with disclosure,same numeric seed across different configurations is not automatically identical trajectory or independent replication
24,already_observed_not_fresh,3,D016;D017;D080,do not designate as new held-out seed; reuse for development with disclosure,same numeric seed across different configurations is not automatically identical trajectory or independent replication
25,already_observed_not_fresh,3,D016;D017;D080,do not designate as new held-out seed; reuse for development with disclosure,same numeric seed across different configurations is not automatically identical trajectory or independent replication
26,already_observed_not_fresh,3,D016;D017;D080,do not designate as new held-out seed; reuse for development with disclosure,same numeric seed across different configurations is not automatically identical trajectory or independent replication
27,already_observed_not_fresh,3,D016;D017;D080,do not designate as new held-out seed; reuse for development with disclosure,same numeric seed across different configurations is not automatically identical trajectory or independent replication
28,already_observed_not_fresh,3,D016;D017;D080,do not designate as new held-out seed; reuse for development with disclosure,same numeric seed across different configurations is not automatically identical trajectory or independent replication
29,already_observed_not_fresh,3,D016;D017;D080,do not designate as new held-out seed; reuse for development with disclosure,same numeric seed across different configurations is not automatically identical trajectory or independent replication
30,already_observed_not_fresh,3,D016;D017;D080,do not designate as new held-out seed; reuse for development with disclosure,same numeric seed across different configurations is not automatically identical trajectory or independent replication
31,already_observed_not_fresh,2,D016;D080,do not designate as new held-out seed; reuse for development with disclosure,same numeric seed across different configurations is not automatically identical trajectory or independent replication
32,already_observed_not_fresh,2,D016;D080,do not designate as new held-out seed; reuse for development with disclosure,same numeric seed across different configurations is not automatically identical trajectory or independent replication
33,already_observed_not_fresh,2,D016;D080,do not designate as new held-out seed; reuse for development with disclosure,same numeric seed across different configurations is not automatically identical trajectory or independent replication
34,already_observed_not_fresh,2,D016;D080,do not designate as new held-out seed; reuse for development with disclosure,same numeric seed across different configurations is not automatically identical trajectory or independent replication
35,already_observed_not_fresh,2,D016;D080,do not designate as new held-out seed; reuse for development with disclosure,same numeric seed across different configurations is not automatically identical trajectory or independent replication
36,already_observed_not_fresh,2,D016;D080,do not designate as new held-out seed; reuse for development with disclosure,same numeric seed across different configurations is not automatically identical trajectory or independent replication
37,already_observed_not_fresh,2,D016;D080,do not designate as new held-out seed; reuse for development with disclosure,same numeric seed across different configurations is not automatically identical trajectory or independent replication
38,already_observed_not_fresh,2,D016;D080,do not designate as new held-out seed; reuse for development with disclosure,same numeric seed across different configurations is not automatically identical trajectory or independent replication
39,already_observed_not_fresh,2,D016;D080,do not designate as new held-out seed; reuse for development with disclosure,same numeric seed across different configurations is not automatically identical trajectory or independent replication
40,already_observed_not_fresh,2,D016;D080,do not designate as new held-out seed; reuse for development with disclosure,same numeric seed across different configurations is not automatically identical trajectory or independent replication
41,already_observed_not_fresh,2,D016;D078,do not designate as new held-out seed; reuse for development with disclosure,same numeric seed across different configurations is not automatically identical trajectory or independent replication
42,already_observed_not_fresh,2,D016;D078,do not designate as new held-out seed; reuse for development with disclosure,same numeric seed across different configurations is not automatically identical trajectory or independent replication
43,already_observed_not_fresh,2,D016;D078,do not designate as new held-out seed; reuse for development with disclosure,same numeric seed across different configurations is not automatically identical trajectory or independent replication
44,already_observed_not_fresh,2,D016;D078,do not designate as new held-out seed; reuse for development with disclosure,same numeric seed across different configurations is not automatically identical trajectory or independent replication
45,already_observed_not_fresh,2,D016;D078,do not designate as new held-out seed; reuse for development with disclosure,same numeric seed across different configurations is not automatically identical trajectory or independent replication
46,already_observed_not_fresh,2,D016;D078,do not designate as new held-out seed; reuse for development with disclosure,same numeric seed across different configurations is not automatically identical trajectory or independent replication
47,already_observed_not_fresh,2,D016;D078,do not designate as new held-out seed; reuse for development with disclosure,same numeric seed across different configurations is not automatically identical trajectory or independent replication
48,already_observed_not_fresh,2,D016;D078,do not designate as new held-out seed; reuse for development with disclosure,same numeric seed across different configurations is not automatically identical trajectory or independent replication
49,already_observed_not_fresh,2,D016;D078,do not designate as new held-out seed; reuse for development with disclosure,same numeric seed across different configurations is not automatically identical trajectory or independent replication
50,already_observed_not_fresh,2,D016;D078,do not designate as new held-out seed; reuse for development with disclosure,same numeric seed across different configurations is not automatically identical trajectory or independent replication
51,already_observed_not_fresh,2,D008;D016,do not designate as new held-out seed; reuse for development with disclosure,same numeric seed across different configurations is not automatically identical trajectory or independent replication
52,already_observed_not_fresh,2,D008;D016,do not designate as new held-out seed; reuse for development with disclosure,same numeric seed across different configurations is not automatically identical trajectory or independent replication
53,already_observed_not_fresh,2,D008;D016,do not designate as new held-out seed; reuse for development with disclosure,same numeric seed across different configurations is not automatically identical trajectory or independent replication
54,already_observed_not_fresh,2,D008;D016,do not designate as new held-out seed; reuse for development with disclosure,same numeric seed across different configurations is not automatically identical trajectory or independent replication
55,already_observed_not_fresh,2,D008;D016,do not designate as new held-out seed; reuse for development with disclosure,same numeric seed across different configurations is not automatically identical trajectory or independent replication
56,already_observed_not_fresh,1,D016,do not designate as new held-out seed; reuse for development with disclosure,same numeric seed across different configurations is not automatically identical trajectory or independent replication
57,already_observed_not_fresh,1,D016,do not designate as new held-out seed; reuse for development with disclosure,same numeric seed across different configurations is not automatically identical trajectory or independent replication
58,already_observed_not_fresh,1,D016,do not designate as new held-out seed; reuse for development with disclosure,same numeric seed across different configurations is not automatically identical trajectory or independent replication
59,already_observed_not_fresh,1,D016,do not designate as new held-out seed; reuse for development with disclosure,same numeric seed across different configurations is not automatically identical trajectory or independent replication
60,already_observed_not_fresh,1,D016,do not designate as new held-out seed; reuse for development with disclosure,same numeric seed across different configurations is not automatically identical trajectory or independent replication
61,already_observed_not_fresh,1,D016,do not designate as new held-out seed; reuse for development with disclosure,same numeric seed across different configurations is not automatically identical trajectory or independent replication
62,already_observed_not_fresh,1,D016,do not designate as new held-out seed; reuse for development with disclosure,same numeric seed across different configurations is not automatically identical trajectory or independent replication
63,already_observed_not_fresh,1,D016,do not designate as new held-out seed; reuse for development with disclosure,same numeric seed across different configurations is not automatically identical trajectory or independent replication
64,already_observed_not_fresh,1,D016,do not designate as new held-out seed; reuse for development with disclosure,same numeric seed across different configurations is not automatically identical trajectory or independent replication
65,already_observed_not_fresh,1,D016,do not designate as new held-out seed; reuse for development with disclosure,same numeric seed across different configurations is not automatically identical trajectory or independent replication
66,already_observed_not_fresh,1,D016,do not designate as new held-out seed; reuse for development with disclosure,same numeric seed across different configurations is not automatically identical trajectory or independent replication
67,already_observed_not_fresh,1,D016,do not designate as new held-out seed; reuse for development with disclosure,same numeric seed across different configurations is not automatically identical trajectory or independent replication
68,already_observed_not_fresh,1,D016,do not designate as new held-out seed; reuse for development with disclosure,same numeric seed across different configurations is not automatically identical trajectory or independent replication
69,already_observed_not_fresh,1,D016,do not designate as new held-out seed; reuse for development with disclosure,same numeric seed across different configurations is not automatically identical trajectory or independent replication
70,already_observed_not_fresh,1,D016,do not designate as new held-out seed; reuse for development with disclosure,same numeric seed across different configurations is not automatically identical trajectory or independent replication
71,already_observed_not_fresh,1,D016,do not designate as new held-out seed; reuse for development with disclosure,same numeric seed across different configurations is not automatically identical trajectory or independent replication
72,already_observed_not_fresh,1,D016,do not designate as new held-out seed; reuse for development with disclosure,same numeric seed across different configurations is not automatically identical trajectory or independent replication
73,already_observed_not_fresh,1,D016,do not designate as new held-out seed; reuse for development with disclosure,same numeric seed across different configurations is not automatically identical trajectory or independent replication
74,already_observed_not_fresh,1,D016,do not designate as new held-out seed; reuse for development with disclosure,same numeric seed across different configurations is not automatically identical trajectory or independent replication
75,already_observed_not_fresh,1,D016,do not designate as new held-out seed; reuse for development with disclosure,same numeric seed across different configurations is not automatically identical trajectory or independent replication
76,already_observed_not_fresh,1,D016,do not designate as new held-out seed; reuse for development with disclosure,same numeric seed across different configurations is not automatically identical trajectory or independent replication
77,already_observed_not_fresh,1,D016,do not designate as new held-out seed; reuse for development with disclosure,same numeric seed across different configurations is not automatically identical trajectory or independent replication
78,already_observed_not_fresh,1,D016,do not designate as new held-out seed; reuse for development with disclosure,same numeric seed across different configurations is not automatically identical trajectory or independent replication
79,already_observed_not_fresh,1,D016,do not designate as new held-out seed; reuse for development with disclosure,same numeric seed across different configurations is not automatically identical trajectory or independent replication
80,already_observed_not_fresh,1,D016,do not designate as new held-out seed; reuse for development with disclosure,same numeric seed across different configurations is not automatically identical trajectory or independent replication
81,already_observed_not_fresh,1,D016,do not designate as new held-out seed; reuse for development with disclosure,same numeric seed across different configurations is not automatically identical trajectory or independent replication
82,already_observed_not_fresh,1,D016,do not designate as new held-out seed; reuse for development with disclosure,same numeric seed across different configurations is not automatically identical trajectory or independent replication
83,already_observed_not_fresh,1,D016,do not designate as new held-out seed; reuse for development with disclosure,same numeric seed across different configurations is not automatically identical trajectory or independent replication
84,already_observed_not_fresh,1,D016,do not designate as new held-out seed; reuse for development with disclosure,same numeric seed across different configurations is not automatically identical trajectory or independent replication
85,already_observed_not_fresh,1,D016,do not designate as new held-out seed; reuse for development with disclosure,same numeric seed across different configurations is not automatically identical trajectory or independent replication
86,already_observed_not_fresh,1,D016,do not designate as new held-out seed; reuse for development with disclosure,same numeric seed across different configurations is not automatically identical trajectory or independent replication
87,already_observed_not_fresh,1,D016,do not designate as new held-out seed; reuse for development with disclosure,same numeric seed across different configurations is not automatically identical trajectory or independent replication
88,already_observed_not_fresh,1,D016,do not designate as new held-out seed; reuse for development with disclosure,same numeric seed across different configurations is not automatically identical trajectory or independent replication
89,already_observed_not_fresh,1,D016,do not designate as new held-out seed; reuse for development with disclosure,same numeric seed across different configurations is not automatically identical trajectory or independent replication
90,already_observed_not_fresh,1,D016,do not designate as new held-out seed; reuse for development with disclosure,same numeric seed across different configurations is not automatically identical trajectory or independent replication
91,already_observed_not_fresh,1,D016,do not designate as new held-out seed; reuse for development with disclosure,same numeric seed across different configurations is not automatically identical trajectory or independent replication
92,already_observed_not_fresh,1,D016,do not designate as new held-out seed; reuse for development with disclosure,same numeric seed across different configurations is not automatically identical trajectory or independent replication
93,already_observed_not_fresh,1,D016,do not designate as new held-out seed; reuse for development with disclosure,same numeric seed across different configurations is not automatically identical trajectory or independent replication
94,already_observed_not_fresh,1,D016,do not designate as new held-out seed; reuse for development with disclosure,same numeric seed across different configurations is not automatically identical trajectory or independent replication
95,already_observed_not_fresh,1,D016,do not designate as new held-out seed; reuse for development with disclosure,same numeric seed across different configurations is not automatically identical trajectory or independent replication
96,already_observed_not_fresh,1,D016,do not designate as new held-out seed; reuse for development with disclosure,same numeric seed across different configurations is not automatically identical trajectory or independent replication
97,already_observed_not_fresh,1,D016,do not designate as new held-out seed; reuse for development with disclosure,same numeric seed across different configurations is not automatically identical trajectory or independent replication
98,already_observed_not_fresh,1,D016,do not designate as new held-out seed; reuse for development with disclosure,same numeric seed across different configurations is not automatically identical trajectory or independent replication
99,already_observed_not_fresh,1,D016,do not designate as new held-out seed; reuse for development with disclosure,same numeric seed across different configurations is not automatically identical trajectory or independent replication
100,already_observed_not_fresh,1,D016,do not designate as new held-out seed; reuse for development with disclosure,same numeric seed across different configurations is not automatically identical trajectory or independent replication
101,already_observed_not_fresh,4,D006;D022;D077;D085,do not designate as new held-out seed; reuse for development with disclosure,same numeric seed across different configurations is not automatically identical trajectory or independent replication
102,already_observed_not_fresh,4,D006;D022;D077;D085,do not designate as new held-out seed; reuse for development with disclosure,same numeric seed across different configurations is not automatically identical trajectory or independent replication
103,already_observed_not_fresh,4,D006;D022;D077;D085,do not designate as new held-out seed; reuse for development with disclosure,same numeric seed across different configurations is not automatically identical trajectory or independent replication
104,already_observed_not_fresh,4,D006;D022;D077;D085,do not designate as new held-out seed; reuse for development with disclosure,same numeric seed across different configurations is not automatically identical trajectory or independent replication
105,already_observed_not_fresh,4,D006;D022;D077;D085,do not designate as new held-out seed; reuse for development with disclosure,same numeric seed across different configurations is not automatically identical trajectory or independent replication
106,already_observed_not_fresh,2,D006;D085,do not designate as new held-out seed; reuse for development with disclosure,same numeric seed across different configurations is not automatically identical trajectory or independent replication
107,already_observed_not_fresh,2,D006;D085,do not designate as new held-out seed; reuse for development with disclosure,same numeric seed across different configurations is not automatically identical trajectory or independent replication
108,already_observed_not_fresh,2,D006;D085,do not designate as new held-out seed; reuse for development with disclosure,same numeric seed across different configurations is not automatically identical trajectory or independent replication
109,already_observed_not_fresh,2,D006;D085,do not designate as new held-out seed; reuse for development with disclosure,same numeric seed across different configurations is not automatically identical trajectory or independent replication
110,already_observed_not_fresh,2,D006;D085,do not designate as new held-out seed; reuse for development with disclosure,same numeric seed across different configurations is not automatically identical trajectory or independent replication
111,already_observed_not_fresh,2,D006;D085,do not designate as new held-out seed; reuse for development with disclosure,same numeric seed across different configurations is not automatically identical trajectory or independent replication
112,already_observed_not_fresh,2,D006;D085,do not designate as new held-out seed; reuse for development with disclosure,same numeric seed across different configurations is not automatically identical trajectory or independent replication
113,already_observed_not_fresh,2,D006;D085,do not designate as new held-out seed; reuse for development with disclosure,same numeric seed across different configurations is not automatically identical trajectory or independent replication
114,already_observed_not_fresh,2,D006;D085,do not designate as new held-out seed; reuse for development with disclosure,same numeric seed across different configurations is not automatically identical trajectory or independent replication
115,already_observed_not_fresh,2,D006;D085,do not designate as new held-out seed; reuse for development with disclosure,same numeric seed across different configurations is not automatically identical trajectory or independent replication
116,already_observed_not_fresh,2,D006;D085,do not designate as new held-out seed; reuse for development with disclosure,same numeric seed across different configurations is not automatically identical trajectory or independent replication
117,already_observed_not_fresh,2,D006;D085,do not designate as new held-out seed; reuse for development with disclosure,same numeric seed across different configurations is not automatically identical trajectory or independent replication
118,already_observed_not_fresh,2,D006;D085,do not designate as new held-out seed; reuse for development with disclosure,same numeric seed across different configurations is not automatically identical trajectory or independent replication
119,already_observed_not_fresh,2,D006;D085,do not designate as new held-out seed; reuse for development with disclosure,same numeric seed across different configurations is not automatically identical trajectory or independent replication
120,already_observed_not_fresh,2,D006;D085,do not designate as new held-out seed; reuse for development with disclosure,same numeric seed across different configurations is not automatically identical trajectory or independent replication
121,already_observed_not_fresh,2,D006;D085,do not designate as new held-out seed; reuse for development with disclosure,same numeric seed across different configurations is not automatically identical trajectory or independent replication
122,already_observed_not_fresh,2,D006;D085,do not designate as new held-out seed; reuse for development with disclosure,same numeric seed across different configurations is not automatically identical trajectory or independent replication
123,already_observed_not_fresh,2,D006;D085,do not designate as new held-out seed; reuse for development with disclosure,same numeric seed across different configurations is not automatically identical trajectory or independent replication
124,already_observed_not_fresh,2,D006;D085,do not designate as new held-out seed; reuse for development with disclosure,same numeric seed across different configurations is not automatically identical trajectory or independent replication
125,already_observed_not_fresh,2,D006;D085,do not designate as new held-out seed; reuse for development with disclosure,same numeric seed across different configurations is not automatically identical trajectory or independent replication
126,already_observed_not_fresh,2,D006;D085,do not designate as new held-out seed; reuse for development with disclosure,same numeric seed across different configurations is not automatically identical trajectory or independent replication
127,already_observed_not_fresh,2,D006;D085,do not designate as new held-out seed; reuse for development with disclosure,same numeric seed across different configurations is not automatically identical trajectory or independent replication
128,already_observed_not_fresh,2,D006;D085,do not designate as new held-out seed; reuse for development with disclosure,same numeric seed across different configurations is not automatically identical trajectory or independent replication
129,already_observed_not_fresh,2,D006;D085,do not designate as new held-out seed; reuse for development with disclosure,same numeric seed across different configurations is not automatically identical trajectory or independent replication
130,already_observed_not_fresh,2,D006;D085,do not designate as new held-out seed; reuse for development with disclosure,same numeric seed across different configurations is not automatically identical trajectory or independent replication
131,already_observed_not_fresh,1,D013,do not designate as new held-out seed; reuse for development with disclosure,same numeric seed across different configurations is not automatically identical trajectory or independent replication
132,already_observed_not_fresh,1,D013,do not designate as new held-out seed; reuse for development with disclosure,same numeric seed across different configurations is not automatically identical trajectory or independent replication
133,already_observed_not_fresh,1,D013,do not designate as new held-out seed; reuse for development with disclosure,same numeric seed across different configurations is not automatically identical trajectory or independent replication
134,already_observed_not_fresh,1,D013,do not designate as new held-out seed; reuse for development with disclosure,same numeric seed across different configurations is not automatically identical trajectory or independent replication
135,already_observed_not_fresh,1,D013,do not designate as new held-out seed; reuse for development with disclosure,same numeric seed across different configurations is not automatically identical trajectory or independent replication
136,already_observed_not_fresh,2,D010;D025,do not designate as new held-out seed; reuse for development with disclosure,same numeric seed across different configurations is not automatically identical trajectory or independent replication
137,already_observed_not_fresh,2,D010;D025,do not designate as new held-out seed; reuse for development with disclosure,same numeric seed across different configurations is not automatically identical trajectory or independent replication
138,already_observed_not_fresh,2,D001;D004,do not designate as new held-out seed; reuse for development with disclosure,same numeric seed across different configurations is not automatically identical trajectory or independent replication
139,already_observed_not_fresh,2,D001;D004,do not designate as new held-out seed; reuse for development with disclosure,same numeric seed across different configurations is not automatically identical trajectory or independent replication
140,already_observed_not_fresh,2,D001;D004,do not designate as new held-out seed; reuse for development with disclosure,same numeric seed across different configurations is not automatically identical trajectory or independent replication
141,already_observed_not_fresh,2,D001;D004,do not designate as new held-out seed; reuse for development with disclosure,same numeric seed across different configurations is not automatically identical trajectory or independent replication
201,already_observed_not_fresh,15,D026;D028;D029;D035;D036;D038;D042;D072;D074;D076;D086;D116;D117;D119;D121,do not designate as new held-out seed; reuse for development with disclosure,same numeric seed across different configurations is not automatically identical trajectory or independent replication
202,already_observed_not_fresh,15,D027;D028;D030;D035;D037;D038;D043;D072;D075;D076;D087;D116;D118;D120;D121,do not designate as new held-out seed; reuse for development with disclosure,same numeric seed across different configurations is not automatically identical trajectory or independent replication
203,already_observed_not_fresh,6,D031;D035;D044;D072;D088;D116,do not designate as new held-out seed; reuse for development with disclosure,same numeric seed across different configurations is not automatically identical trajectory or independent replication
204,already_observed_not_fresh,6,D032;D035;D045;D072;D089;D116,do not designate as new held-out seed; reuse for development with disclosure,same numeric seed across different configurations is not automatically identical trajectory or independent replication
205,already_observed_not_fresh,6,D033;D035;D046;D072;D090;D116,do not designate as new held-out seed; reuse for development with disclosure,same numeric seed across different configurations is not automatically identical trajectory or independent replication
206,already_observed_not_fresh,6,D034;D035;D047;D072;D091;D116,do not designate as new held-out seed; reuse for development with disclosure,same numeric seed across different configurations is not automatically identical trajectory or independent replication
207,already_observed_not_fresh,4,D048;D072;D092;D116,do not designate as new held-out seed; reuse for development with disclosure,same numeric seed across different configurations is not automatically identical trajectory or independent replication
208,already_observed_not_fresh,4,D049;D072;D093;D116,do not designate as new held-out seed; reuse for development with disclosure,same numeric seed across different configurations is not automatically identical trajectory or independent replication
209,already_observed_not_fresh,4,D050;D072;D094;D116,do not designate as new held-out seed; reuse for development with disclosure,same numeric seed across different configurations is not automatically identical trajectory or independent replication
210,already_observed_not_fresh,4,D051;D072;D095;D116,do not designate as new held-out seed; reuse for development with disclosure,same numeric seed across different configurations is not automatically identical trajectory or independent replication
211,already_observed_not_fresh,4,D052;D072;D096;D116,do not designate as new held-out seed; reuse for development with disclosure,same numeric seed across different configurations is not automatically identical trajectory or independent replication
212,already_observed_not_fresh,4,D053;D072;D097;D116,do not designate as new held-out seed; reuse for development with disclosure,same numeric seed across different configurations is not automatically identical trajectory or independent replication
213,already_observed_not_fresh,4,D054;D072;D098;D116,do not designate as new held-out seed; reuse for development with disclosure,same numeric seed across different configurations is not automatically identical trajectory or independent replication
214,already_observed_not_fresh,4,D055;D072;D099;D116,do not designate as new held-out seed; reuse for development with disclosure,same numeric seed across different configurations is not automatically identical trajectory or independent replication
215,already_observed_not_fresh,4,D056;D072;D100;D116,do not designate as new held-out seed; reuse for development with disclosure,same numeric seed across different configurations is not automatically identical trajectory or independent replication
216,already_observed_not_fresh,4,D057;D072;D101;D116,do not designate as new held-out seed; reuse for development with disclosure,same numeric seed across different configurations is not automatically identical trajectory or independent replication
217,already_observed_not_fresh,4,D058;D072;D102;D116,do not designate as new held-out seed; reuse for development with disclosure,same numeric seed across different configurations is not automatically identical trajectory or independent replication
218,already_observed_not_fresh,4,D059;D072;D103;D116,do not designate as new held-out seed; reuse for development with disclosure,same numeric seed across different configurations is not automatically identical trajectory or independent replication
219,already_observed_not_fresh,4,D060;D072;D104;D116,do not designate as new held-out seed; reuse for development with disclosure,same numeric seed across different configurations is not automatically identical trajectory or independent replication
220,already_observed_not_fresh,4,D061;D072;D105;D116,do not designate as new held-out seed; reuse for development with disclosure,same numeric seed across different configurations is not automatically identical trajectory or independent replication
221,already_observed_not_fresh,4,D062;D072;D106;D116,do not designate as new held-out seed; reuse for development with disclosure,same numeric seed across different configurations is not automatically identical trajectory or independent replication
222,already_observed_not_fresh,4,D063;D072;D107;D116,do not designate as new held-out seed; reuse for development with disclosure,same numeric seed across different configurations is not automatically identical trajectory or independent replication
223,already_observed_not_fresh,4,D064;D072;D108;D116,do not designate as new held-out seed; reuse for development with disclosure,same numeric seed across different configurations is not automatically identical trajectory or independent replication
224,already_observed_not_fresh,4,D065;D072;D109;D116,do not designate as new held-out seed; reuse for development with disclosure,same numeric seed across different configurations is not automatically identical trajectory or independent replication
225,already_observed_not_fresh,4,D066;D072;D110;D116,do not designate as new held-out seed; reuse for development with disclosure,same numeric seed across different configurations is not automatically identical trajectory or independent replication
226,already_observed_not_fresh,4,D067;D072;D111;D116,do not designate as new held-out seed; reuse for development with disclosure,same numeric seed across different configurations is not automatically identical trajectory or independent replication
227,already_observed_not_fresh,4,D068;D072;D112;D116,do not designate as new held-out seed; reuse for development with disclosure,same numeric seed across different configurations is not automatically identical trajectory or independent replication
228,already_observed_not_fresh,4,D069;D072;D113;D116,do not designate as new held-out seed; reuse for development with disclosure,same numeric seed across different configurations is not automatically identical trajectory or independent replication
229,already_observed_not_fresh,4,D070;D072;D114;D116,do not designate as new held-out seed; reuse for development with disclosure,same numeric seed across different configurations is not automatically identical trajectory or independent replication
230,already_observed_not_fresh,4,D071;D072;D115;D116,do not designate as new held-out seed; reuse for development with disclosure,same numeric seed across different configurations is not automatically identical trajectory or independent replication
